,T101,T117,T143,T185,T33,T159,T17,T75,T59,T93,T148,T26,T110,T128,T154,T28,T112,T196,T12,T180,T96,T86,T44,T5,T39,T49,T81,T165,T107,T133,T123,T149,T7,T175,T91,T126,T66,T76,T186,T118,T34,T18,T102,T160,T144,T60,T83,T65,T23,T3,T197,T97,T71,T113,T171,T129,T87,T155,T181,T55,T124,T2,T166,T134,T8,T92,T50,T192,T108,T82,T24,T40,T1,T103,T77,T145,T187,T19,T119,T61,T35,T161,T141,T114,T156,T130,T140,T14,T172,T88,T30,T198,T4,T182,T125,T67,T109,T9,T25,T151,T41,T135,T177,T51,T111,T139,T174,T104,T146,T36,T120,T162,T62,T20,T188,T78,T138,T173,T16,T58,T73,T199,T115,T157,T47,T89,T15,T99,T183,T57,T179,T84,T178,T168,T94,T10,T68,T136,T194,T42,T152,T32,T56,T98,T153,T105,T147,T21,T79,T189,T121,T37,T63,T163,T31,T170,T13,T90,T132,T48,T6,T184,T142,T100,T74,T158,T200,T116,T72,T176,T54,T193,T131,T85,T169,T195,T137,T27,T11,T127,T53,T95,T43,T29,T150,T46,T64,T38,T190,T106,T22,T80,T164,T122,T70,T167,T52,T191,T45,T69
T101,0.0,6.958920364456176,20.203574880043774,20.203574880043774,20.203574880043778,20.203574880043774,20.203574880043778,20.203574880043774,20.203574880043774,20.203574880043774,20.203574880043778,20.203574880043774,20.203574880043778,20.203574880043774,4.1091270316511475,4.109127031651147,6.958920364456175,20.203574880043774,20.203574880043778,20.203574880043774,20.203574880043774,20.203574880043774,20.203574880043774,20.203574880043778,4.109127031651147,0.7515827158461404,1.250298618161203,4.843887551276386,6.958920364456178,20.203574880043778,20.203574880043778,20.203574880043774,20.203574880043778,20.203574880043778,20.203574880043778,20.203574880043778,20.203574880043778,20.203574880043774,20.203574880043774,20.203574880043774,20.203574880043774,20.203574880043774,20.203574880043774,20.203574880043778,20.203574880043774,20.203574880043774,20.203574880043774,20.203574880043778,20.203574880043778,20.203574880043778,6.958920364456176,20.203574880043774,20.203574880043774,20.203574880043774,20.203574880043774,20.203574880043774,20.203574880043774,20.203574880043774,20.203574880043774,20.203574880043778,20.203574880043774,20.203574880043778,20.203574880043774,4.1091270316511475,4.109127031651147,0.7515827158461404,4.843887551276386,20.203574880043778,20.203574880043774,20.203574880043774,20.203574880043774,20.203574880043774,20.203574880043774,4.843887551276386,0.16797618123956096,4.843887551276386,4.843887551276386,20.203574880043774,20.203574880043778,20.203574880043774,20.203574880043778,20.203574880043774,20.203574880043774,20.203574880043774,4.1091270316511475,4.1091270316511475,20.203574880043774,20.203574880043778,20.203574880043774,20.203574880043774,20.203574880043774,20.203574880043778,20.203574880043774,20.203574880043774,20.203574880043774,20.203574880043774,20.203574880043774,20.203574880043774,20.203574880043774,20.203574880043778,20.203574880043774,20.203574880043778,20.203574880043774,20.203574880043774,20.203574880043774,20.203574880043778,20.203574880043778,4.843887551276386,20.203574880043778,20.203574880043774,20.203574880043778,20.203574880043774,20.203574880043778,20.203574880043778,20.203574880043774,20.203574880043774,20.203574880043778,20.203574880043774,20.203574880043774,20.203574880043778,20.203574880043774,20.203574880043778,20.203574880043774,20.203574880043774,20.203574880043778,6.958920364456175,20.203574880043774,20.203574880043774,20.203574880043774,20.203574880043774,20.203574880043774,4.1091270316511475,4.1091270316511475,20.203574880043774,20.203574880043774,20.203574880043774,20.203574880043774,20.203574880043778,20.203574880043778,20.203574880043774,20.203574880043774,20.203574880043774,20.203574880043774,20.203574880043778,20.203574880043774,4.1091270316511475,20.203574880043778,20.203574880043774,20.203574880043774,20.203574880043774,20.203574880043778,20.203574880043778,20.203574880043774,20.203574880043774,20.203574880043774,20.203574880043778,20.203574880043778,20.203574880043774,8.401082459999701,20.203574880043774,4.1091270316511475,4.1091270316511475,20.203574880043774,20.203574880043774,20.203574880043774,20.203574880043774,20.203574880043774,20.203574880043774,20.203574880043774,20.203574880043778,20.203574880043774,20.203574880043774,20.203574880043774,20.203574880043774,4.1091270316511475,20.203574880043774,20.203574880043778,20.203574880043774,20.203574880043774,20.203574880043774,20.203574880043774,20.203574880043774,20.203574880043774,20.203574880043774,20.203574880043774,20.203574880043778,20.203574880043774,20.203574880043778,20.203574880043774,20.203574880043774,20.203574880043774,20.203574880043774,20.203574880043774,20.203574880043774,20.203574880043778,20.203574880043774,20.203574880043774,20.203574880043774,20.203574880043778,20.203574880043774
T117,6.958920364456176,0.0,20.203574880043778,20.203574880043778,20.203574880043778,20.203574880043778,20.20357488004378,20.203574880043778,20.203574880043778,20.203574880043778,20.203574880043778,20.203574880043778,20.20357488004378,20.203574880043778,6.958920364456178,6.958920364456178,4.234999592215203,20.203574880043778,20.203574880043778,20.203574880043778,20.203574880043778,20.203574880043778,20.203574880043778,20.203574880043778,6.958920364456178,6.958920364456176,6.958920364456176,6.958920364456178,3.722220362819534,20.203574880043778,20.203574880043778,20.203574880043778,20.203574880043778,20.203574880043778,20.203574880043778,20.203574880043778,20.203574880043778,20.203574880043778,20.203574880043778,20.203574880043778,20.203574880043778,20.203574880043778,20.203574880043778,20.203574880043778,20.203574880043778,20.203574880043778,20.203574880043778,20.20357488004378,20.203574880043778,20.203574880043778,0.28829076838960077,20.203574880043778,20.203574880043778,20.203574880043778,20.203574880043778,20.203574880043778,20.203574880043778,20.203574880043778,20.203574880043778,20.20357488004378,20.203574880043778,20.20357488004378,20.203574880043778,6.958920364456178,6.958920364456178,6.958920364456176,6.958920364456178,20.203574880043778,20.203574880043778,20.203574880043778,20.203574880043778,20.203574880043778,20.203574880043778,6.958920364456178,6.958920364456176,6.958920364456178,6.958920364456178,20.203574880043778,20.203574880043778,20.203574880043778,20.20357488004378,20.203574880043778,20.203574880043778,20.203574880043778,6.958920364456178,6.958920364456178,20.203574880043778,20.20357488004378,20.203574880043778,20.203574880043778,20.203574880043778,20.203574880043778,20.203574880043778,20.203574880043778,20.203574880043778,20.203574880043778,20.203574880043778,20.203574880043778,20.203574880043778,20.20357488004378,20.203574880043778,20.203574880043778,20.203574880043778,20.203574880043778,20.203574880043778,20.203574880043778,20.203574880043778,6.958920364456178,20.20357488004378,20.203574880043778,20.203574880043778,20.203574880043778,20.20357488004378,20.203574880043778,20.203574880043778,20.203574880043778,20.203574880043778,20.203574880043778,20.203574880043778,20.20357488004378,20.203574880043778,20.203574880043778,20.203574880043778,20.203574880043778,20.203574880043778,4.234999592215203,20.203574880043778,20.203574880043778,20.203574880043778,20.203574880043778,20.203574880043778,6.958920364456178,6.958920364456178,20.203574880043778,20.203574880043778,20.203574880043778,20.203574880043778,20.20357488004378,20.203574880043778,20.203574880043778,20.203574880043778,20.203574880043778,20.203574880043778,20.203574880043778,20.203574880043778,6.958920364456178,20.203574880043778,20.203574880043778,20.203574880043778,20.203574880043778,20.203574880043778,20.203574880043778,20.203574880043778,20.203574880043778,20.203574880043778,20.20357488004378,20.20357488004378,20.203574880043778,8.401082459999703,20.203574880043778,6.958920364456178,6.958920364456178,20.203574880043778,20.203574880043778,20.203574880043778,20.203574880043778,20.203574880043778,20.203574880043778,20.203574880043778,20.203574880043778,20.203574880043778,20.203574880043778,20.203574880043778,20.203574880043778,6.958920364456178,20.203574880043778,20.203574880043778,20.203574880043778,20.203574880043778,20.203574880043778,20.203574880043778,20.203574880043778,20.203574880043778,20.203574880043778,20.203574880043778,20.203574880043778,20.203574880043778,20.20357488004378,20.203574880043778,20.203574880043778,20.203574880043778,20.203574880043778,20.203574880043778,20.203574880043778,20.20357488004378,20.203574880043778,20.203574880043778,20.203574880043778,20.203574880043778,20.203574880043778
T143,20.203574880043774,20.203574880043778,0.0,13.179863404433371,9.130656188253344,13.179863404433371,13.179863404433375,13.584967951712109,13.584967951712109,13.584967951712109,13.58496795171211,13.179863404433371,13.584967951712112,13.179863404433371,20.203574880043778,20.203574880043778,20.203574880043774,13.179863404433371,13.179863404433373,13.179863404433371,13.179863404433371,13.179863404433371,13.179863404433371,13.179863404433373,20.203574880043778,20.203574880043774,20.203574880043774,20.203574880043778,20.203574880043778,13.179863404433373,13.179863404433373,13.179863404433371,13.179863404433373,13.179863404433373,13.179863404433373,13.179863404433373,13.179863404433373,9.130656188253342,5.467300198468971,13.179863404433371,13.179863404433371,13.179863404433371,13.584967951712109,13.58496795171211,13.58496795171211,13.58496795171211,13.584967951712109,13.584967951712112,13.58496795171211,13.179863404433373,20.203574880043778,5.737194318932163,0.36839595004795805,9.130656188253342,5.46730019846897,9.130656188253342,13.179863404433371,13.179863404433371,13.179863404433371,13.179863404433375,13.584967951712109,13.58496795171211,9.130656188253342,20.203574880043778,20.203574880043778,20.203574880043774,20.203574880043778,9.130656188253344,9.130656188253342,13.179863404433371,13.179863404433371,13.179863404433371,13.584967951712109,20.203574880043778,20.203574880043774,20.203574880043778,20.203574880043778,13.179863404433371,13.179863404433373,13.179863404433371,13.179863404433375,13.179863404433371,13.179863404433371,13.179863404433371,20.203574880043778,20.203574880043778,9.130656188253342,9.130656188253345,13.179863404433371,13.179863404433371,13.179863404433371,13.179863404433373,13.179863404433371,13.584967951712109,5.737194318932163,5.737194318932163,5.369015668678944,9.130656188253342,5.467300198468971,9.446669489257818,9.130656188253342,13.179863404433373,13.179863404433371,13.179863404433371,13.58496795171211,13.179863404433373,13.179863404433373,20.203574880043778,9.446669489257818,13.179863404433371,13.179863404433373,13.179863404433371,13.179863404433375,13.179863404433373,13.179863404433371,13.584967951712109,13.58496795171211,13.179863404433371,13.179863404433371,13.58496795171211,0.8787492048946952,5.467300198468972,9.130656188253342,13.179863404433371,5.467300198468972,20.203574880043774,9.130656188253342,13.179863404433371,13.179863404433371,13.179863404433371,13.58496795171211,20.203574880043778,20.203574880043778,0.31592062063517173,5.467300198468971,13.179863404433371,13.179863404433371,13.179863404433375,13.179863404433373,13.179863404433371,13.179863404433371,13.58496795171211,13.58496795171211,13.58496795171211,13.179863404433371,20.203574880043778,13.179863404433373,13.179863404433371,13.179863404433371,13.179863404433371,13.179863404433373,13.58496795171211,13.58496795171211,13.58496795171211,13.179863404433371,13.58496795171211,13.179863404433375,13.179863404433371,20.203574880043778,13.179863404433371,20.203574880043778,20.203574880043778,5.46730019846897,9.130656188253342,9.130656188253342,13.179863404433371,13.179863404433371,13.179863404433371,13.179863404433371,13.58496795171211,13.179863404433371,13.179863404433371,13.179863404433371,0.36839595004795805,20.203574880043778,9.130656188253342,13.179863404433373,13.179863404433371,13.179863404433371,13.179863404433371,13.179863404433371,13.179863404433371,13.179863404433371,13.58496795171211,13.584967951712109,13.58496795171211,9.130656188253342,9.130656188253345,5.737194318932163,0.4055638433345532,13.179863404433371,13.179863404433371,13.179863404433371,13.584967951712109,13.58496795171211,13.179863404433371,13.179863404433371,13.179863404433371,13.179863404433373,13.584967951712109
T185,20.203574880043774,20.203574880043778,13.179863404433371,0.0,13.179863404433373,10.319929406503602,10.319929406503606,13.584967951712109,13.584967951712109,13.584967951712109,13.58496795171211,10.319929406503602,13.584967951712112,0.6803311797690934,20.203574880043778,20.203574880043778,20.203574880043774,8.146882099671766,7.0226140770735315,7.0226140770735315,7.0226140770735315,9.430873622398588,9.430873622398588,10.319929406503604,20.203574880043778,20.203574880043774,20.203574880043774,20.203574880043778,20.203574880043778,6.559493761161397,6.559493761161397,7.022614077073531,7.022614077073532,10.319929406503604,10.319929406503604,10.319929406503604,10.319929406503604,13.179863404433371,13.179863404433371,10.319929406503602,10.319929406503602,10.319929406503602,13.584967951712109,13.58496795171211,13.58496795171211,13.58496795171211,13.584967951712109,13.584967951712112,13.58496795171211,10.319929406503604,20.203574880043778,13.179863404433371,13.179863404433371,13.179863404433371,13.179863404433371,13.179863404433371,7.02261407707353,9.430873622398588,9.43087362239859,10.319929406503606,13.584967951712109,13.58496795171211,13.179863404433371,20.203574880043778,20.203574880043778,20.203574880043774,20.203574880043778,13.179863404433373,13.179863404433371,7.022614077073531,9.430873622398588,10.319929406503602,13.584967951712109,20.203574880043778,20.203574880043774,20.203574880043778,20.203574880043778,9.430873622398588,10.319929406503604,10.319929406503602,10.319929406503606,10.319929406503602,10.319929406503602,5.174214986329119,20.203574880043778,20.203574880043778,13.179863404433371,13.179863404433375,7.0226140770735315,9.43087362239859,9.43087362239859,10.319929406503604,10.319929406503602,13.584967951712109,13.179863404433371,13.179863404433371,13.179863404433371,13.179863404433371,13.179863404433371,13.179863404433375,13.179863404433371,7.0226140770735315,7.0226140770735315,9.43087362239859,13.58496795171211,10.319929406503604,10.319929406503604,20.203574880043778,13.179863404433375,7.02261407707353,7.0226140770735315,9.43087362239859,10.319929406503606,10.319929406503604,10.319929406503602,13.584967951712109,13.58496795171211,9.430873622398588,10.319929406503602,13.58496795171211,13.179863404433371,13.179863404433373,13.179863404433371,3.092806265075846,13.179863404433373,20.203574880043774,13.179863404433371,8.146882099671766,6.559493761161397,9.43087362239859,13.58496795171211,20.203574880043778,20.203574880043778,13.179863404433371,13.179863404433371,3.092806265075846,7.0226140770735315,7.022614077073533,7.022614077073532,7.0226140770735315,9.43087362239859,13.58496795171211,13.58496795171211,13.58496795171211,10.319929406503602,20.203574880043778,7.0226140770735315,7.0226140770735315,9.43087362239859,10.319929406503602,10.319929406503604,13.58496795171211,13.58496795171211,13.58496795171211,10.319929406503602,13.58496795171211,10.319929406503606,10.319929406503602,20.203574880043778,8.146882099671766,20.203574880043778,20.203574880043778,13.179863404433371,13.179863404433371,13.179863404433371,8.146882099671766,9.430873622398588,9.43087362239859,10.319929406503602,13.58496795171211,9.43087362239859,10.319929406503602,10.319929406503602,13.179863404433371,20.203574880043778,13.179863404433371,5.542290253491287,7.0226140770735315,9.43087362239859,9.43087362239859,9.43087362239859,9.430873622398588,10.319929406503602,13.58496795171211,13.584967951712109,13.58496795171211,13.179863404433371,13.179863404433375,13.179863404433371,13.179863404433371,7.0226140770735315,7.0226140770735315,10.319929406503602,13.584967951712109,13.58496795171211,9.43087362239859,10.319929406503602,10.319929406503602,10.319929406503604,13.584967951712109
T33,20.203574880043778,20.203574880043778,9.130656188253344,13.179863404433373,0.0,13.179863404433375,13.179863404433377,13.58496795171211,13.58496795171211,13.58496795171211,13.584967951712112,13.179863404433375,13.584967951712114,13.179863404433373,20.203574880043778,20.203574880043778,20.203574880043778,13.179863404433375,13.179863404433375,13.179863404433375,13.179863404433375,13.179863404433373,13.179863404433373,13.179863404433375,20.203574880043778,20.203574880043778,20.203574880043778,20.203574880043778,20.203574880043778,13.179863404433375,13.179863404433375,13.179863404433373,13.179863404433375,13.179863404433375,13.179863404433375,13.179863404433375,13.179863404433375,7.999928439366679,9.130656188253345,13.179863404433375,13.179863404433375,13.179863404433375,13.58496795171211,13.584967951712112,13.58496795171211,13.58496795171211,13.58496795171211,13.584967951712114,13.584967951712112,13.179863404433375,20.203574880043778,9.130656188253344,9.130656188253344,8.476536775462087,9.130656188253344,8.476536775462087,13.179863404433373,13.179863404433373,13.179863404433373,13.179863404433375,13.58496795171211,13.584967951712114,8.476536775462087,20.203574880043778,20.203574880043778,20.203574880043778,20.203574880043778,0.3741594816524897,8.476536775462089,13.179863404433373,13.179863404433373,13.179863404433375,13.58496795171211,20.203574880043778,20.203574880043778,20.203574880043778,20.203574880043778,13.179863404433373,13.179863404433375,13.179863404433375,13.179863404433375,13.179863404433375,13.179863404433375,13.179863404433373,20.203574880043778,20.203574880043778,2.867509679963444,8.47653677546209,13.179863404433375,13.179863404433375,13.179863404433373,13.179863404433375,13.179863404433375,13.58496795171211,9.130656188253344,9.130656188253344,9.130656188253344,8.476536775462087,9.130656188253345,9.446669489257822,8.476536775462089,13.179863404433375,13.179863404433375,13.179863404433375,13.58496795171211,13.179863404433375,13.179863404433375,20.203574880043778,9.446669489257822,13.179863404433373,13.179863404433375,13.179863404433373,13.179863404433375,13.179863404433375,13.179863404433375,13.58496795171211,13.584967951712112,13.179863404433373,13.179863404433375,13.584967951712114,9.130656188253344,9.130656188253345,8.476536775462089,13.179863404433373,9.130656188253345,20.203574880043778,2.867509679963444,13.179863404433375,13.179863404433375,13.179863404433375,13.58496795171211,20.203574880043778,20.203574880043778,9.130656188253344,9.130656188253345,13.179863404433373,13.179863404433375,13.179863404433375,13.179863404433375,13.179863404433375,13.179863404433373,13.58496795171211,13.58496795171211,13.584967951712112,13.179863404433375,20.203574880043778,13.179863404433375,13.179863404433375,13.179863404433373,13.179863404433375,13.179863404433375,13.584967951712112,13.58496795171211,13.58496795171211,13.179863404433375,13.584967951712114,13.179863404433375,13.179863404433375,20.203574880043778,13.179863404433375,20.203574880043778,20.203574880043778,9.130656188253344,8.476536775462089,7.999928439366679,13.179863404433375,13.179863404433373,13.179863404433373,13.179863404433375,13.584967951712112,13.179863404433373,13.179863404433375,13.179863404433375,9.130656188253344,20.203574880043778,8.476536775462089,13.179863404433375,13.179863404433375,13.179863404433375,13.179863404433373,13.179863404433373,13.179863404433373,13.179863404433375,13.58496795171211,13.58496795171211,13.584967951712112,8.476536775462089,8.47653677546209,9.130656188253344,9.130656188253344,13.179863404433375,13.179863404433375,13.179863404433375,13.58496795171211,13.584967951712114,13.179863404433375,13.179863404433375,13.179863404433375,13.179863404433375,13.58496795171211
T159,20.203574880043774,20.203574880043778,13.179863404433371,10.319929406503602,13.179863404433375,0.0,7.235889181701199,13.58496795171211,13.58496795171211,13.58496795171211,13.58496795171211,7.2358891817011965,13.584967951712114,10.319929406503602,20.203574880043778,20.203574880043778,20.203574880043774,10.319929406503604,10.319929406503606,10.319929406503604,10.319929406503604,10.319929406503602,10.319929406503602,8.628624096335662,20.203574880043778,20.203574880043774,20.203574880043774,20.203574880043778,20.203574880043778,10.319929406503606,10.319929406503606,10.319929406503602,10.319929406503606,8.628624096335662,8.628624096335662,8.628624096335662,7.235889181701197,13.179863404433371,13.179863404433373,3.847409919979598,3.847409919979598,3.847409919979598,13.58496795171211,13.58496795171211,13.58496795171211,13.58496795171211,13.58496795171211,13.584967951712114,13.58496795171211,8.628624096335662,20.203574880043778,13.179863404433371,13.179863404433371,13.179863404433373,13.179863404433371,13.179863404433373,10.319929406503602,10.319929406503602,10.319929406503602,8.628624096335662,13.58496795171211,13.584967951712112,13.179863404433373,20.203574880043778,20.203574880043778,20.203574880043774,20.203574880043778,13.179863404433375,13.179863404433373,10.319929406503602,10.319929406503602,6.083105547433789,13.58496795171211,20.203574880043778,20.203574880043774,20.203574880043778,20.203574880043778,10.319929406503602,8.628624096335662,6.083105547433789,6.0831055474337905,7.2358891817011965,2.5451036538045626,10.319929406503602,20.203574880043778,20.203574880043778,13.179863404433373,13.179863404433375,10.319929406503604,10.319929406503604,10.319929406503602,8.628624096335662,2.5451036538045626,13.58496795171211,13.179863404433371,13.179863404433371,13.179863404433371,13.179863404433373,13.179863404433373,13.179863404433375,13.179863404433373,10.319929406503606,10.319929406503604,10.319929406503604,13.58496795171211,8.628624096335662,7.235889181701197,20.203574880043778,13.179863404433375,10.319929406503602,10.319929406503606,10.319929406503602,8.628624096335662,8.628624096335662,6.083105547433789,13.58496795171211,13.58496795171211,10.319929406503602,2.5451036538045626,13.584967951712112,13.179863404433371,13.179863404433375,13.179863404433373,10.319929406503602,13.179863404433375,20.203574880043774,13.179863404433373,10.319929406503604,10.319929406503604,10.319929406503604,13.58496795171211,20.203574880043778,20.203574880043778,13.179863404433371,13.179863404433373,10.319929406503602,10.319929406503604,10.319929406503606,10.319929406503606,10.319929406503604,10.319929406503602,13.58496795171211,13.58496795171211,13.58496795171211,1.0238960926335272,20.203574880043778,10.319929406503606,10.319929406503604,10.319929406503602,6.083105547433789,7.235889181701197,13.58496795171211,13.58496795171211,13.58496795171211,7.2358891817011965,13.584967951712112,8.628624096335662,0.017835115358433424,20.203574880043778,10.319929406503604,20.203574880043778,20.203574880043778,13.179863404433371,13.179863404433373,13.179863404433371,10.319929406503604,10.319929406503602,10.319929406503602,3.847409919979598,13.58496795171211,10.319929406503602,3.847409919979598,2.5451036538045626,13.179863404433371,20.203574880043778,13.179863404433373,10.319929406503606,10.319929406503604,10.319929406503604,10.319929406503602,10.319929406503602,10.319929406503602,0.3381819878133253,13.58496795171211,13.58496795171211,13.58496795171211,13.179863404433373,13.179863404433375,13.179863404433371,13.179863404433371,10.319929406503604,10.319929406503604,8.62862409633566,13.58496795171211,13.584967951712112,10.319929406503604,7.2358891817011965,0.3381819878133253,7.235889181701197,13.58496795171211
T17,20.203574880043778,20.20357488004378,13.179863404433375,10.319929406503606,13.179863404433377,7.235889181701199,0.0,13.584967951712112,13.584967951712112,13.584967951712112,13.584967951712114,5.543798773306208,13.584967951712116,10.319929406503606,20.203574880043778,20.203574880043778,20.203574880043778,10.319929406503606,10.319929406503608,10.319929406503606,10.319929406503606,10.319929406503606,10.319929406503606,8.628624096335663,20.203574880043778,20.203574880043778,20.203574880043778,20.203574880043778,20.20357488004378,10.319929406503608,10.319929406503608,10.319929406503606,10.319929406503608,8.628624096335663,8.628624096335663,8.628624096335663,4.41713136719919,13.179863404433375,13.179863404433375,7.235889181701199,7.235889181701199,7.235889181701199,13.584967951712112,13.584967951712114,13.584967951712114,13.584967951712114,13.584967951712112,13.584967951712116,13.584967951712114,8.628624096335663,20.20357488004378,13.179863404433375,13.179863404433375,13.179863404433375,13.179863404433375,13.179863404433375,10.319929406503606,10.319929406503606,10.319929406503606,8.628624096335663,13.584967951712112,13.584967951712114,13.179863404433375,20.203574880043778,20.203574880043778,20.203574880043778,20.203574880043778,13.179863404433377,13.179863404433375,10.319929406503606,10.319929406503606,7.235889181701199,13.584967951712112,20.203574880043778,20.203574880043778,20.203574880043778,20.203574880043778,10.319929406503606,8.628624096335663,7.235889181701199,7.235889181701201,2.7477283664566623,7.235889181701199,10.319929406503606,20.203574880043778,20.203574880043778,13.179863404433375,13.179863404433378,10.319929406503606,10.319929406503606,10.319929406503606,8.628624096335663,7.235889181701199,13.584967951712112,13.179863404433375,13.179863404433375,13.179863404433375,13.179863404433375,13.179863404433375,13.179863404433378,13.179863404433375,10.319929406503608,10.319929406503606,10.319929406503606,13.584967951712114,8.628624096335663,4.41713136719919,20.203574880043778,13.179863404433378,10.319929406503606,10.319929406503608,10.319929406503606,8.628624096335663,8.628624096335663,7.235889181701199,13.584967951712112,13.584967951712114,10.319929406503606,7.235889181701199,13.584967951712114,13.179863404433375,13.179863404433377,13.179863404433375,10.319929406503606,13.179863404433377,20.203574880043778,13.179863404433375,10.319929406503606,10.319929406503606,10.319929406503606,13.584967951712114,20.203574880043778,20.203574880043778,13.179863404433375,13.179863404433375,10.319929406503606,10.319929406503606,10.31992940650361,10.319929406503608,10.319929406503606,10.319929406503606,13.584967951712114,13.584967951712114,13.584967951712114,7.235889181701199,20.203574880043778,10.319929406503608,10.319929406503606,10.319929406503606,7.235889181701199,4.41713136719919,13.584967951712114,13.584967951712114,13.584967951712114,2.7477283664566623,13.584967951712114,8.628624096335663,7.235889181701199,20.20357488004378,10.319929406503606,20.203574880043778,20.203574880043778,13.179863404433375,13.179863404433375,13.179863404433375,10.319929406503606,10.319929406503606,10.319929406503606,7.235889181701199,13.584967951712114,10.319929406503606,7.235889181701199,7.235889181701199,13.179863404433375,20.203574880043778,13.179863404433375,10.319929406503608,10.319929406503606,10.319929406503606,10.319929406503606,10.319929406503606,10.319929406503606,7.235889181701199,13.584967951712114,13.584967951712112,13.584967951712114,13.179863404433375,13.179863404433378,13.179863404433375,13.179863404433375,10.319929406503606,10.319929406503606,8.628624096335662,13.584967951712112,13.584967951712114,10.319929406503606,5.543798773306208,7.235889181701199,3.5289014248001993,13.584967951712112
T75,20.203574880043774,20.203574880043778,13.584967951712109,13.584967951712109,13.58496795171211,13.58496795171211,13.584967951712112,0.0,2.765865610216939,2.7658656102169394,10.957120558947592,13.58496795171211,10.957120558947594,13.584967951712109,20.203574880043778,20.203574880043778,20.203574880043774,13.58496795171211,13.58496795171211,13.58496795171211,13.58496795171211,13.584967951712109,13.584967951712109,13.58496795171211,20.203574880043778,20.203574880043774,20.203574880043774,20.203574880043778,20.203574880043778,13.58496795171211,13.58496795171211,13.584967951712109,13.58496795171211,13.58496795171211,13.58496795171211,13.58496795171211,13.58496795171211,13.584967951712109,13.58496795171211,13.58496795171211,13.58496795171211,13.58496795171211,2.765865610216939,10.957120558947592,10.957120558947592,10.957120558947592,0.615631809835822,10.957120558947594,10.957120558947592,13.58496795171211,20.203574880043778,13.584967951712109,13.584967951712109,13.58496795171211,13.584967951712109,13.58496795171211,13.584967951712109,13.584967951712109,13.584967951712109,13.58496795171211,0.615631809835822,10.957120558947592,13.58496795171211,20.203574880043778,20.203574880043778,20.203574880043774,20.203574880043778,13.58496795171211,13.58496795171211,13.584967951712109,13.584967951712109,13.58496795171211,2.765865610216939,20.203574880043778,20.203574880043774,20.203574880043778,20.203574880043778,13.584967951712109,13.58496795171211,13.58496795171211,13.58496795171211,13.58496795171211,13.58496795171211,13.584967951712109,20.203574880043778,20.203574880043778,13.58496795171211,13.58496795171211,13.58496795171211,13.58496795171211,13.584967951712109,13.58496795171211,13.58496795171211,2.7658656102169394,13.584967951712109,13.584967951712109,13.584967951712109,13.58496795171211,13.58496795171211,13.58496795171211,13.58496795171211,13.58496795171211,13.58496795171211,13.58496795171211,10.957120558947592,13.58496795171211,13.58496795171211,20.203574880043778,13.58496795171211,13.584967951712109,13.58496795171211,13.584967951712109,13.58496795171211,13.58496795171211,13.58496795171211,0.8580723712692133,10.957120558947592,13.584967951712109,13.58496795171211,10.957120558947592,13.584967951712109,13.58496795171211,13.58496795171211,13.584967951712109,13.58496795171211,20.203574880043774,13.58496795171211,13.58496795171211,13.58496795171211,13.58496795171211,10.957120558947592,20.203574880043778,20.203574880043778,13.584967951712109,13.58496795171211,13.584967951712109,13.58496795171211,13.58496795171211,13.58496795171211,13.58496795171211,13.584967951712109,5.552367763166497,5.552367763166497,10.957120558947592,13.58496795171211,20.203574880043778,13.58496795171211,13.58496795171211,13.584967951712109,13.58496795171211,13.58496795171211,10.957120558947592,10.957120558947592,10.957120558947592,13.58496795171211,10.957120558947592,13.58496795171211,13.58496795171211,20.203574880043778,13.58496795171211,20.203574880043778,20.203574880043778,13.584967951712109,13.58496795171211,13.584967951712109,13.58496795171211,13.584967951712109,13.584967951712109,13.58496795171211,10.957120558947592,13.584967951712109,13.58496795171211,13.58496795171211,13.584967951712109,20.203574880043778,13.58496795171211,13.58496795171211,13.58496795171211,13.58496795171211,13.584967951712109,13.584967951712109,13.584967951712109,13.58496795171211,10.957120558947592,2.765865610216939,10.957120558947592,13.58496795171211,13.58496795171211,13.584967951712109,13.584967951712109,13.58496795171211,13.58496795171211,13.58496795171211,2.765865610216939,10.957120558947592,13.58496795171211,13.58496795171211,13.58496795171211,13.58496795171211,2.7658656102169394
T59,20.203574880043774,20.203574880043778,13.584967951712109,13.584967951712109,13.58496795171211,13.58496795171211,13.584967951712112,2.765865610216939,0.0,1.9618461849906554,10.957120558947592,13.58496795171211,10.957120558947594,13.584967951712109,20.203574880043778,20.203574880043778,20.203574880043774,13.58496795171211,13.58496795171211,13.58496795171211,13.58496795171211,13.584967951712109,13.584967951712109,13.58496795171211,20.203574880043778,20.203574880043774,20.203574880043774,20.203574880043778,20.203574880043778,13.58496795171211,13.58496795171211,13.584967951712109,13.58496795171211,13.58496795171211,13.58496795171211,13.58496795171211,13.58496795171211,13.584967951712109,13.58496795171211,13.58496795171211,13.58496795171211,13.58496795171211,2.758288618266965,10.957120558947592,10.957120558947592,10.957120558947592,2.7658656102169394,10.957120558947594,10.957120558947592,13.58496795171211,20.203574880043778,13.584967951712109,13.584967951712109,13.58496795171211,13.584967951712109,13.58496795171211,13.584967951712109,13.584967951712109,13.584967951712109,13.58496795171211,2.7658656102169394,10.957120558947592,13.58496795171211,20.203574880043778,20.203574880043778,20.203574880043774,20.203574880043778,13.58496795171211,13.58496795171211,13.584967951712109,13.584967951712109,13.58496795171211,1.7770476313727064,20.203574880043778,20.203574880043774,20.203574880043778,20.203574880043778,13.584967951712109,13.58496795171211,13.58496795171211,13.58496795171211,13.58496795171211,13.58496795171211,13.584967951712109,20.203574880043778,20.203574880043778,13.58496795171211,13.58496795171211,13.58496795171211,13.58496795171211,13.584967951712109,13.58496795171211,13.58496795171211,2.318462834899551,13.584967951712109,13.584967951712109,13.584967951712109,13.58496795171211,13.58496795171211,13.58496795171211,13.58496795171211,13.58496795171211,13.58496795171211,13.58496795171211,10.957120558947592,13.58496795171211,13.58496795171211,20.203574880043778,13.58496795171211,13.584967951712109,13.58496795171211,13.584967951712109,13.58496795171211,13.58496795171211,13.58496795171211,2.765865610216939,10.957120558947592,13.584967951712109,13.58496795171211,10.957120558947592,13.584967951712109,13.58496795171211,13.58496795171211,13.584967951712109,13.58496795171211,20.203574880043774,13.58496795171211,13.58496795171211,13.58496795171211,13.58496795171211,10.957120558947592,20.203574880043778,20.203574880043778,13.584967951712109,13.58496795171211,13.584967951712109,13.58496795171211,13.58496795171211,13.58496795171211,13.58496795171211,13.584967951712109,5.552367763166497,5.552367763166497,10.957120558947592,13.58496795171211,20.203574880043778,13.58496795171211,13.58496795171211,13.584967951712109,13.58496795171211,13.58496795171211,10.957120558947592,10.957120558947592,10.957120558947592,13.58496795171211,10.957120558947592,13.58496795171211,13.58496795171211,20.203574880043778,13.58496795171211,20.203574880043778,20.203574880043778,13.584967951712109,13.58496795171211,13.584967951712109,13.58496795171211,13.584967951712109,13.584967951712109,13.58496795171211,10.957120558947592,13.584967951712109,13.58496795171211,13.58496795171211,13.584967951712109,20.203574880043778,13.58496795171211,13.58496795171211,13.58496795171211,13.58496795171211,13.584967951712109,13.584967951712109,13.584967951712109,13.58496795171211,10.957120558947592,2.758288618266965,10.957120558947592,13.58496795171211,13.58496795171211,13.584967951712109,13.584967951712109,13.58496795171211,13.58496795171211,13.58496795171211,2.758288618266965,10.957120558947592,13.58496795171211,13.58496795171211,13.58496795171211,13.58496795171211,2.318462834899551
T93,20.203574880043774,20.203574880043778,13.584967951712109,13.584967951712109,13.58496795171211,13.58496795171211,13.584967951712112,2.7658656102169394,1.9618461849906554,0.0,10.957120558947592,13.58496795171211,10.957120558947594,13.584967951712109,20.203574880043778,20.203574880043778,20.203574880043774,13.58496795171211,13.58496795171211,13.58496795171211,13.58496795171211,13.584967951712109,13.584967951712109,13.58496795171211,20.203574880043778,20.203574880043774,20.203574880043774,20.203574880043778,20.203574880043778,13.58496795171211,13.58496795171211,13.584967951712109,13.58496795171211,13.58496795171211,13.58496795171211,13.58496795171211,13.58496795171211,13.584967951712109,13.58496795171211,13.58496795171211,13.58496795171211,13.58496795171211,2.758288618266965,10.957120558947592,10.957120558947592,10.957120558947592,2.7658656102169394,10.957120558947594,10.957120558947592,13.58496795171211,20.203574880043778,13.584967951712109,13.584967951712109,13.58496795171211,13.584967951712109,13.58496795171211,13.584967951712109,13.584967951712109,13.584967951712109,13.58496795171211,2.7658656102169394,10.957120558947592,13.58496795171211,20.203574880043778,20.203574880043778,20.203574880043774,20.203574880043778,13.58496795171211,13.58496795171211,13.584967951712109,13.584967951712109,13.58496795171211,1.9618461849906554,20.203574880043778,20.203574880043774,20.203574880043778,20.203574880043778,13.584967951712109,13.58496795171211,13.58496795171211,13.58496795171211,13.58496795171211,13.58496795171211,13.584967951712109,20.203574880043778,20.203574880043778,13.58496795171211,13.58496795171211,13.58496795171211,13.58496795171211,13.584967951712109,13.58496795171211,13.58496795171211,2.3184628348995515,13.584967951712109,13.584967951712109,13.584967951712109,13.58496795171211,13.58496795171211,13.58496795171211,13.58496795171211,13.58496795171211,13.58496795171211,13.58496795171211,10.957120558947592,13.58496795171211,13.58496795171211,20.203574880043778,13.58496795171211,13.584967951712109,13.58496795171211,13.584967951712109,13.58496795171211,13.58496795171211,13.58496795171211,2.7658656102169394,10.957120558947592,13.584967951712109,13.58496795171211,10.957120558947592,13.584967951712109,13.58496795171211,13.58496795171211,13.584967951712109,13.58496795171211,20.203574880043774,13.58496795171211,13.58496795171211,13.58496795171211,13.58496795171211,10.957120558947592,20.203574880043778,20.203574880043778,13.584967951712109,13.58496795171211,13.584967951712109,13.58496795171211,13.58496795171211,13.58496795171211,13.58496795171211,13.584967951712109,5.552367763166497,5.552367763166497,10.957120558947592,13.58496795171211,20.203574880043778,13.58496795171211,13.58496795171211,13.584967951712109,13.58496795171211,13.58496795171211,10.957120558947592,10.957120558947592,10.957120558947592,13.58496795171211,10.957120558947592,13.58496795171211,13.58496795171211,20.203574880043778,13.58496795171211,20.203574880043778,20.203574880043778,13.584967951712109,13.58496795171211,13.584967951712109,13.58496795171211,13.584967951712109,13.584967951712109,13.58496795171211,10.957120558947592,13.584967951712109,13.58496795171211,13.58496795171211,13.584967951712109,20.203574880043778,13.58496795171211,13.58496795171211,13.58496795171211,13.58496795171211,13.584967951712109,13.584967951712109,13.584967951712109,13.58496795171211,10.957120558947592,2.7582886182669655,10.957120558947592,13.58496795171211,13.58496795171211,13.584967951712109,13.584967951712109,13.58496795171211,13.58496795171211,13.58496795171211,2.7582886182669655,10.957120558947592,13.58496795171211,13.58496795171211,13.58496795171211,13.58496795171211,2.3184628348995515
T148,20.203574880043778,20.203574880043778,13.58496795171211,13.58496795171211,13.584967951712112,13.58496795171211,13.584967951712114,10.957120558947592,10.957120558947592,10.957120558947592,0.0,13.58496795171211,10.034029962226901,13.58496795171211,20.203574880043778,20.203574880043778,20.203574880043778,13.58496795171211,13.584967951712112,13.58496795171211,13.58496795171211,13.58496795171211,13.58496795171211,13.584967951712112,20.203574880043778,20.203574880043778,20.203574880043778,20.203574880043778,20.203574880043778,13.584967951712112,13.584967951712112,13.58496795171211,13.584967951712112,13.584967951712112,13.584967951712112,13.584967951712112,13.584967951712112,13.58496795171211,13.58496795171211,13.58496795171211,13.58496795171211,13.58496795171211,10.957120558947592,10.0340299622269,3.8591075589156874,3.7986339010459864,10.957120558947592,10.034029962226901,0.9766682901858746,13.584967951712112,20.203574880043778,13.58496795171211,13.58496795171211,13.58496795171211,13.58496795171211,13.58496795171211,13.58496795171211,13.58496795171211,13.58496795171211,13.584967951712114,10.957120558947592,10.0340299622269,13.58496795171211,20.203574880043778,20.203574880043778,20.203574880043778,20.203574880043778,13.584967951712112,13.58496795171211,13.58496795171211,13.58496795171211,13.58496795171211,10.957120558947592,20.203574880043778,20.203574880043778,20.203574880043778,20.203574880043778,13.58496795171211,13.584967951712112,13.58496795171211,13.584967951712114,13.58496795171211,13.58496795171211,13.58496795171211,20.203574880043778,20.203574880043778,13.58496795171211,13.584967951712114,13.58496795171211,13.58496795171211,13.58496795171211,13.584967951712112,13.58496795171211,10.957120558947592,13.58496795171211,13.58496795171211,13.58496795171211,13.58496795171211,13.58496795171211,13.584967951712114,13.58496795171211,13.584967951712112,13.58496795171211,13.58496795171211,3.8591075589156874,13.584967951712112,13.584967951712112,20.203574880043778,13.584967951712114,13.58496795171211,13.584967951712112,13.58496795171211,13.584967951712114,13.584967951712112,13.58496795171211,10.957120558947592,0.8285165903292329,13.58496795171211,13.58496795171211,10.0340299622269,13.58496795171211,13.584967951712112,13.58496795171211,13.58496795171211,13.584967951712112,20.203574880043778,13.58496795171211,13.58496795171211,13.58496795171211,13.58496795171211,3.8591075589156874,20.203574880043778,20.203574880043778,13.58496795171211,13.58496795171211,13.58496795171211,13.58496795171211,13.584967951712114,13.584967951712112,13.58496795171211,13.58496795171211,10.957120558947592,10.957120558947592,10.0340299622269,13.58496795171211,20.203574880043778,13.584967951712112,13.58496795171211,13.58496795171211,13.58496795171211,13.584967951712112,0.9766682901858746,3.7986339010459864,3.7986339010459864,13.58496795171211,10.0340299622269,13.584967951712114,13.58496795171211,20.203574880043778,13.58496795171211,20.203574880043778,20.203574880043778,13.58496795171211,13.58496795171211,13.58496795171211,13.58496795171211,13.58496795171211,13.58496795171211,13.58496795171211,3.798633901045987,13.58496795171211,13.58496795171211,13.58496795171211,13.58496795171211,20.203574880043778,13.58496795171211,13.584967951712112,13.58496795171211,13.58496795171211,13.58496795171211,13.58496795171211,13.58496795171211,13.58496795171211,3.8591075589156874,10.957120558947592,0.9766682901858748,13.58496795171211,13.584967951712114,13.58496795171211,13.58496795171211,13.58496795171211,13.58496795171211,13.58496795171211,10.957120558947592,10.0340299622269,13.58496795171211,13.58496795171211,13.58496795171211,13.584967951712112,10.957120558947592
T26,20.203574880043774,20.203574880043778,13.179863404433371,10.319929406503602,13.179863404433375,7.2358891817011965,5.543798773306208,13.58496795171211,13.58496795171211,13.58496795171211,13.58496795171211,0.0,13.584967951712114,10.319929406503602,20.203574880043778,20.203574880043778,20.203574880043774,10.319929406503604,10.319929406503606,10.319929406503604,10.319929406503604,10.319929406503602,10.319929406503602,8.62862409633566,20.203574880043778,20.203574880043774,20.203574880043774,20.203574880043778,20.203574880043778,10.319929406503606,10.319929406503606,10.319929406503602,10.319929406503606,8.62862409633566,8.62862409633566,8.62862409633566,5.543798773306206,13.179863404433371,13.179863404433373,7.2358891817011965,7.2358891817011965,7.2358891817011965,13.58496795171211,13.58496795171211,13.58496795171211,13.58496795171211,13.58496795171211,13.584967951712114,13.58496795171211,8.62862409633566,20.203574880043778,13.179863404433371,13.179863404433371,13.179863404433373,13.179863404433371,13.179863404433373,10.319929406503602,10.319929406503602,10.319929406503602,8.628624096335662,13.58496795171211,13.584967951712112,13.179863404433373,20.203574880043778,20.203574880043778,20.203574880043774,20.203574880043778,13.179863404433375,13.179863404433373,10.319929406503602,10.319929406503602,7.2358891817011965,13.58496795171211,20.203574880043778,20.203574880043774,20.203574880043778,20.203574880043778,10.319929406503602,8.62862409633566,7.2358891817011965,7.235889181701198,5.5437987733062055,7.2358891817011965,10.319929406503602,20.203574880043778,20.203574880043778,13.179863404433373,13.179863404433375,10.319929406503604,10.319929406503604,10.319929406503602,8.62862409633566,7.2358891817011965,13.58496795171211,13.179863404433371,13.179863404433371,13.179863404433371,13.179863404433373,13.179863404433373,13.179863404433375,13.179863404433373,10.319929406503606,10.319929406503604,10.319929406503604,13.58496795171211,8.62862409633566,5.543798773306206,20.203574880043778,13.179863404433375,10.319929406503602,10.319929406503606,10.319929406503602,8.628624096335662,8.62862409633566,7.2358891817011965,13.58496795171211,13.58496795171211,10.319929406503602,7.2358891817011965,13.584967951712112,13.179863404433371,13.179863404433375,13.179863404433373,10.319929406503602,13.179863404433375,20.203574880043774,13.179863404433373,10.319929406503604,10.319929406503604,10.319929406503604,13.58496795171211,20.203574880043778,20.203574880043778,13.179863404433371,13.179863404433373,10.319929406503602,10.319929406503604,10.319929406503606,10.319929406503606,10.319929406503604,10.319929406503602,13.58496795171211,13.58496795171211,13.58496795171211,7.2358891817011965,20.203574880043778,10.319929406503606,10.319929406503604,10.319929406503602,7.2358891817011965,5.543798773306206,13.58496795171211,13.58496795171211,13.58496795171211,5.5437987733062055,13.584967951712112,8.628624096335662,7.2358891817011965,20.203574880043778,10.319929406503604,20.203574880043778,20.203574880043778,13.179863404433371,13.179863404433373,13.179863404433371,10.319929406503604,10.319929406503602,10.319929406503602,7.2358891817011965,13.58496795171211,10.319929406503602,7.2358891817011965,7.2358891817011965,13.179863404433371,20.203574880043778,13.179863404433373,10.319929406503606,10.319929406503604,10.319929406503604,10.319929406503602,10.319929406503602,10.319929406503602,7.2358891817011965,13.58496795171211,13.58496795171211,13.58496795171211,13.179863404433373,13.179863404433375,13.179863404433371,13.179863404433371,10.319929406503604,10.319929406503604,8.62862409633566,13.58496795171211,13.584967951712112,10.319929406503604,1.4539928928935368,7.2358891817011965,5.543798773306206,13.58496795171211
T110,20.203574880043778,20.20357488004378,13.584967951712112,13.584967951712112,13.584967951712114,13.584967951712114,13.584967951712116,10.957120558947594,10.957120558947594,10.957120558947594,10.034029962226901,13.584967951712114,0.0,13.584967951712112,20.203574880043778,20.203574880043778,20.203574880043778,13.584967951712114,13.584967951712114,13.584967951712114,13.584967951712114,13.584967951712112,13.584967951712112,13.584967951712114,20.203574880043778,20.203574880043778,20.203574880043778,20.203574880043778,20.20357488004378,13.584967951712114,13.584967951712114,13.584967951712112,13.584967951712114,13.584967951712114,13.584967951712114,13.584967951712114,13.584967951712114,13.584967951712112,13.584967951712114,13.584967951712114,13.584967951712114,13.584967951712114,10.957120558947594,8.72087458164532,10.0340299622269,10.0340299622269,10.957120558947594,8.720874581645322,10.034029962226901,13.584967951712114,20.20357488004378,13.584967951712112,13.584967951712112,13.584967951712114,13.584967951712112,13.584967951712114,13.584967951712112,13.584967951712112,13.584967951712112,13.584967951712114,10.957120558947594,3.349521098348076,13.584967951712114,20.203574880043778,20.203574880043778,20.203574880043778,20.203574880043778,13.584967951712114,13.584967951712114,13.584967951712112,13.584967951712112,13.584967951712114,10.957120558947594,20.203574880043778,20.203574880043778,20.203574880043778,20.203574880043778,13.584967951712112,13.584967951712114,13.584967951712114,13.584967951712114,13.584967951712114,13.584967951712114,13.584967951712112,20.203574880043778,20.203574880043778,13.584967951712114,13.584967951712114,13.584967951712114,13.584967951712114,13.584967951712112,13.584967951712114,13.584967951712114,10.957120558947594,13.584967951712112,13.584967951712112,13.584967951712112,13.584967951712114,13.584967951712114,13.584967951712114,13.584967951712114,13.584967951712114,13.584967951712114,13.584967951712114,10.0340299622269,13.584967951712114,13.584967951712114,20.203574880043778,13.584967951712114,13.584967951712112,13.584967951712114,13.584967951712112,13.584967951712114,13.584967951712114,13.584967951712114,10.957120558947594,10.034029962226901,13.584967951712112,13.584967951712114,3.0779968399466098,13.584967951712112,13.584967951712114,13.584967951712114,13.584967951712112,13.584967951712114,20.203574880043778,13.584967951712114,13.584967951712114,13.584967951712114,13.584967951712114,10.0340299622269,20.203574880043778,20.203574880043778,13.584967951712112,13.584967951712114,13.584967951712112,13.584967951712114,13.584967951712114,13.584967951712114,13.584967951712114,13.584967951712112,10.957120558947596,10.957120558947596,8.72087458164532,13.584967951712114,20.203574880043778,13.584967951712114,13.584967951712114,13.584967951712112,13.584967951712114,13.584967951712114,10.034029962226901,10.0340299622269,10.0340299622269,13.584967951712114,3.349521098348076,13.584967951712114,13.584967951712114,20.20357488004378,13.584967951712114,20.203574880043778,20.203574880043778,13.584967951712112,13.584967951712114,13.584967951712112,13.584967951712114,13.584967951712112,13.584967951712112,13.584967951712114,10.034029962226901,13.584967951712112,13.584967951712114,13.584967951712114,13.584967951712112,20.203574880043778,13.584967951712114,13.584967951712114,13.584967951712114,13.584967951712114,13.584967951712112,13.584967951712112,13.584967951712112,13.584967951712114,10.0340299622269,10.957120558947594,10.034029962226901,13.584967951712114,13.584967951712114,13.584967951712112,13.584967951712112,13.584967951712114,13.584967951712114,13.584967951712114,10.957120558947594,3.0779968399466098,13.584967951712114,13.584967951712114,13.584967951712114,13.584967951712114,10.957120558947594
T128,20.203574880043774,20.203574880043778,13.179863404433371,0.6803311797690934,13.179863404433373,10.319929406503602,10.319929406503606,13.584967951712109,13.584967951712109,13.584967951712109,13.58496795171211,10.319929406503602,13.584967951712112,0.0,20.203574880043778,20.203574880043778,20.203574880043774,8.146882099671766,7.0226140770735315,7.0226140770735315,7.0226140770735315,9.430873622398588,9.430873622398588,10.319929406503604,20.203574880043778,20.203574880043774,20.203574880043774,20.203574880043778,20.203574880043778,6.559493761161397,6.559493761161397,7.022614077073531,7.022614077073532,10.319929406503604,10.319929406503604,10.319929406503604,10.319929406503604,13.179863404433371,13.179863404433371,10.319929406503602,10.319929406503602,10.319929406503602,13.584967951712109,13.58496795171211,13.58496795171211,13.58496795171211,13.584967951712109,13.584967951712112,13.58496795171211,10.319929406503604,20.203574880043778,13.179863404433371,13.179863404433371,13.179863404433371,13.179863404433371,13.179863404433371,7.02261407707353,9.430873622398588,9.43087362239859,10.319929406503606,13.584967951712109,13.58496795171211,13.179863404433371,20.203574880043778,20.203574880043778,20.203574880043774,20.203574880043778,13.179863404433373,13.179863404433371,7.022614077073531,9.430873622398588,10.319929406503602,13.584967951712109,20.203574880043778,20.203574880043774,20.203574880043778,20.203574880043778,9.430873622398588,10.319929406503604,10.319929406503602,10.319929406503606,10.319929406503602,10.319929406503602,5.174214986329119,20.203574880043778,20.203574880043778,13.179863404433371,13.179863404433375,7.0226140770735315,9.43087362239859,9.43087362239859,10.319929406503604,10.319929406503602,13.584967951712109,13.179863404433371,13.179863404433371,13.179863404433371,13.179863404433371,13.179863404433371,13.179863404433375,13.179863404433371,7.0226140770735315,7.0226140770735315,9.43087362239859,13.58496795171211,10.319929406503604,10.319929406503604,20.203574880043778,13.179863404433375,7.02261407707353,7.0226140770735315,9.43087362239859,10.319929406503606,10.319929406503604,10.319929406503602,13.584967951712109,13.58496795171211,9.430873622398588,10.319929406503602,13.58496795171211,13.179863404433371,13.179863404433373,13.179863404433371,3.092806265075846,13.179863404433373,20.203574880043774,13.179863404433371,8.146882099671766,6.559493761161397,9.43087362239859,13.58496795171211,20.203574880043778,20.203574880043778,13.179863404433371,13.179863404433371,3.092806265075846,7.0226140770735315,7.022614077073533,7.022614077073532,7.0226140770735315,9.43087362239859,13.58496795171211,13.58496795171211,13.58496795171211,10.319929406503602,20.203574880043778,7.0226140770735315,7.0226140770735315,9.43087362239859,10.319929406503602,10.319929406503604,13.58496795171211,13.58496795171211,13.58496795171211,10.319929406503602,13.58496795171211,10.319929406503606,10.319929406503602,20.203574880043778,8.146882099671766,20.203574880043778,20.203574880043778,13.179863404433371,13.179863404433371,13.179863404433371,8.146882099671766,9.430873622398588,9.43087362239859,10.319929406503602,13.58496795171211,9.43087362239859,10.319929406503602,10.319929406503602,13.179863404433371,20.203574880043778,13.179863404433371,5.542290253491287,7.0226140770735315,9.43087362239859,9.43087362239859,9.43087362239859,9.430873622398588,10.319929406503602,13.58496795171211,13.584967951712109,13.58496795171211,13.179863404433371,13.179863404433375,13.179863404433371,13.179863404433371,7.0226140770735315,7.0226140770735315,10.319929406503602,13.584967951712109,13.58496795171211,9.43087362239859,10.319929406503602,10.319929406503602,10.319929406503604,13.584967951712109
T154,4.1091270316511475,6.958920364456178,20.203574880043778,20.203574880043778,20.203574880043778,20.203574880043778,20.203574880043778,20.203574880043778,20.203574880043778,20.203574880043778,20.203574880043778,20.203574880043778,20.203574880043778,20.203574880043778,0.0,2.285845689207587,6.958920364456176,20.203574880043778,20.203574880043778,20.203574880043778,20.203574880043778,20.203574880043778,20.203574880043778,20.203574880043778,2.285845689207587,4.1091270316511475,4.1091270316511475,4.843887551276387,6.958920364456178,20.203574880043778,20.203574880043778,20.203574880043778,20.203574880043778,20.203574880043778,20.203574880043778,20.203574880043778,20.203574880043778,20.203574880043778,20.203574880043778,20.203574880043778,20.203574880043778,20.203574880043778,20.203574880043778,20.203574880043778,20.203574880043778,20.203574880043778,20.203574880043778,20.203574880043778,20.203574880043778,20.203574880043778,6.958920364456178,20.203574880043778,20.203574880043778,20.203574880043778,20.203574880043778,20.203574880043778,20.203574880043778,20.203574880043778,20.203574880043778,20.203574880043778,20.203574880043778,20.203574880043778,20.203574880043778,2.0423186267698954,2.285845689207587,4.1091270316511475,4.843887551276387,20.203574880043778,20.203574880043778,20.203574880043778,20.203574880043778,20.203574880043778,20.203574880043778,4.843887551276387,4.1091270316511475,4.843887551276387,4.843887551276387,20.203574880043778,20.203574880043778,20.203574880043778,20.203574880043778,20.203574880043778,20.203574880043778,20.203574880043778,2.0423186267698954,2.0423186267698954,20.203574880043778,20.203574880043778,20.203574880043778,20.203574880043778,20.203574880043778,20.203574880043778,20.203574880043778,20.203574880043778,20.203574880043778,20.203574880043778,20.203574880043778,20.203574880043778,20.203574880043778,20.203574880043778,20.203574880043778,20.203574880043778,20.203574880043778,20.203574880043778,20.203574880043778,20.203574880043778,20.203574880043778,4.843887551276387,20.203574880043778,20.203574880043778,20.203574880043778,20.203574880043778,20.203574880043778,20.203574880043778,20.203574880043778,20.203574880043778,20.203574880043778,20.203574880043778,20.203574880043778,20.203574880043778,20.203574880043778,20.203574880043778,20.203574880043778,20.203574880043778,20.203574880043778,6.958920364456176,20.203574880043778,20.203574880043778,20.203574880043778,20.203574880043778,20.203574880043778,2.0423186267698954,0.18398946522873338,20.203574880043778,20.203574880043778,20.203574880043778,20.203574880043778,20.203574880043778,20.203574880043778,20.203574880043778,20.203574880043778,20.203574880043778,20.203574880043778,20.203574880043778,20.203574880043778,1.7499919265196038,20.203574880043778,20.203574880043778,20.203574880043778,20.203574880043778,20.203574880043778,20.203574880043778,20.203574880043778,20.203574880043778,20.203574880043778,20.203574880043778,20.203574880043778,20.203574880043778,8.401082459999703,20.203574880043778,1.2405950187267503,1.7499919265196033,20.203574880043778,20.203574880043778,20.203574880043778,20.203574880043778,20.203574880043778,20.203574880043778,20.203574880043778,20.203574880043778,20.203574880043778,20.203574880043778,20.203574880043778,20.203574880043778,1.7499919265196038,20.203574880043778,20.203574880043778,20.203574880043778,20.203574880043778,20.203574880043778,20.203574880043778,20.203574880043778,20.203574880043778,20.203574880043778,20.203574880043778,20.203574880043778,20.203574880043778,20.203574880043778,20.203574880043778,20.203574880043778,20.203574880043778,20.203574880043778,20.203574880043778,20.203574880043778,20.203574880043778,20.203574880043778,20.203574880043778,20.203574880043778,20.203574880043778,20.203574880043778
T28,4.109127031651147,6.958920364456178,20.203574880043778,20.203574880043778,20.203574880043778,20.203574880043778,20.203574880043778,20.203574880043778,20.203574880043778,20.203574880043778,20.203574880043778,20.203574880043778,20.203574880043778,20.203574880043778,2.285845689207587,0.0,6.958920364456176,20.203574880043778,20.203574880043778,20.203574880043778,20.203574880043778,20.203574880043778,20.203574880043778,20.203574880043778,0.6546267791722579,4.109127031651147,4.109127031651147,4.843887551276387,6.958920364456178,20.203574880043778,20.203574880043778,20.203574880043778,20.203574880043778,20.203574880043778,20.203574880043778,20.203574880043778,20.203574880043778,20.203574880043778,20.203574880043778,20.203574880043778,20.203574880043778,20.203574880043778,20.203574880043778,20.203574880043778,20.203574880043778,20.203574880043778,20.203574880043778,20.203574880043778,20.203574880043778,20.203574880043778,6.958920364456178,20.203574880043778,20.203574880043778,20.203574880043778,20.203574880043778,20.203574880043778,20.203574880043778,20.203574880043778,20.203574880043778,20.203574880043778,20.203574880043778,20.203574880043778,20.203574880043778,2.285845689207587,0.34806405525384904,4.109127031651147,4.843887551276387,20.203574880043778,20.203574880043778,20.203574880043778,20.203574880043778,20.203574880043778,20.203574880043778,4.843887551276387,4.109127031651147,4.843887551276387,4.843887551276387,20.203574880043778,20.203574880043778,20.203574880043778,20.203574880043778,20.203574880043778,20.203574880043778,20.203574880043778,2.285845689207587,2.285845689207587,20.203574880043778,20.203574880043778,20.203574880043778,20.203574880043778,20.203574880043778,20.203574880043778,20.203574880043778,20.203574880043778,20.203574880043778,20.203574880043778,20.203574880043778,20.203574880043778,20.203574880043778,20.203574880043778,20.203574880043778,20.203574880043778,20.203574880043778,20.203574880043778,20.203574880043778,20.203574880043778,20.203574880043778,4.843887551276387,20.203574880043778,20.203574880043778,20.203574880043778,20.203574880043778,20.203574880043778,20.203574880043778,20.203574880043778,20.203574880043778,20.203574880043778,20.203574880043778,20.203574880043778,20.203574880043778,20.203574880043778,20.203574880043778,20.203574880043778,20.203574880043778,20.203574880043778,6.958920364456176,20.203574880043778,20.203574880043778,20.203574880043778,20.203574880043778,20.203574880043778,2.285845689207587,2.285845689207587,20.203574880043778,20.203574880043778,20.203574880043778,20.203574880043778,20.203574880043778,20.203574880043778,20.203574880043778,20.203574880043778,20.203574880043778,20.203574880043778,20.203574880043778,20.203574880043778,2.2858456892075876,20.203574880043778,20.203574880043778,20.203574880043778,20.203574880043778,20.203574880043778,20.203574880043778,20.203574880043778,20.203574880043778,20.203574880043778,20.203574880043778,20.203574880043778,20.203574880043778,8.401082459999703,20.203574880043778,2.285845689207587,2.2858456892075876,20.203574880043778,20.203574880043778,20.203574880043778,20.203574880043778,20.203574880043778,20.203574880043778,20.203574880043778,20.203574880043778,20.203574880043778,20.203574880043778,20.203574880043778,20.203574880043778,2.2858456892075876,20.203574880043778,20.203574880043778,20.203574880043778,20.203574880043778,20.203574880043778,20.203574880043778,20.203574880043778,20.203574880043778,20.203574880043778,20.203574880043778,20.203574880043778,20.203574880043778,20.203574880043778,20.203574880043778,20.203574880043778,20.203574880043778,20.203574880043778,20.203574880043778,20.203574880043778,20.203574880043778,20.203574880043778,20.203574880043778,20.203574880043778,20.203574880043778,20.203574880043778
T112,6.958920364456175,4.234999592215203,20.203574880043774,20.203574880043774,20.203574880043778,20.203574880043774,20.203574880043778,20.203574880043774,20.203574880043774,20.203574880043774,20.203574880043778,20.203574880043774,20.203574880043778,20.203574880043774,6.958920364456176,6.958920364456176,0.0,20.203574880043774,20.203574880043778,20.203574880043774,20.203574880043774,20.203574880043774,20.203574880043774,20.203574880043778,6.958920364456176,6.958920364456175,6.958920364456175,6.958920364456176,4.234999592215203,20.203574880043778,20.203574880043778,20.203574880043774,20.203574880043778,20.203574880043778,20.203574880043778,20.203574880043778,20.203574880043778,20.203574880043774,20.203574880043774,20.203574880043774,20.203574880043774,20.203574880043774,20.203574880043774,20.203574880043778,20.203574880043774,20.203574880043774,20.203574880043774,20.203574880043778,20.203574880043778,20.203574880043778,4.234999592215203,20.203574880043774,20.203574880043774,20.203574880043774,20.203574880043774,20.203574880043774,20.203574880043774,20.203574880043774,20.203574880043774,20.203574880043778,20.203574880043774,20.203574880043778,20.203574880043774,6.958920364456176,6.958920364456176,6.958920364456175,6.958920364456176,20.203574880043778,20.203574880043774,20.203574880043774,20.203574880043774,20.203574880043774,20.203574880043774,6.958920364456176,6.958920364456175,6.958920364456176,6.958920364456176,20.203574880043774,20.203574880043778,20.203574880043774,20.203574880043778,20.203574880043774,20.203574880043774,20.203574880043774,6.958920364456176,6.958920364456176,20.203574880043774,20.203574880043778,20.203574880043774,20.203574880043774,20.203574880043774,20.203574880043778,20.203574880043774,20.203574880043774,20.203574880043774,20.203574880043774,20.203574880043774,20.203574880043774,20.203574880043774,20.203574880043778,20.203574880043774,20.203574880043778,20.203574880043774,20.203574880043774,20.203574880043774,20.203574880043778,20.203574880043778,6.958920364456176,20.203574880043778,20.203574880043774,20.203574880043778,20.203574880043774,20.203574880043778,20.203574880043778,20.203574880043774,20.203574880043774,20.203574880043778,20.203574880043774,20.203574880043774,20.203574880043778,20.203574880043774,20.203574880043778,20.203574880043774,20.203574880043774,20.203574880043778,0.8009167550770875,20.203574880043774,20.203574880043774,20.203574880043774,20.203574880043774,20.203574880043774,6.958920364456176,6.958920364456176,20.203574880043774,20.203574880043774,20.203574880043774,20.203574880043774,20.203574880043778,20.203574880043778,20.203574880043774,20.203574880043774,20.203574880043774,20.203574880043774,20.203574880043778,20.203574880043774,6.958920364456176,20.203574880043778,20.203574880043774,20.203574880043774,20.203574880043774,20.203574880043778,20.203574880043778,20.203574880043774,20.203574880043774,20.203574880043774,20.203574880043778,20.203574880043778,20.203574880043774,8.401082459999701,20.203574880043774,6.958920364456176,6.958920364456176,20.203574880043774,20.203574880043774,20.203574880043774,20.203574880043774,20.203574880043774,20.203574880043774,20.203574880043774,20.203574880043778,20.203574880043774,20.203574880043774,20.203574880043774,20.203574880043774,6.958920364456176,20.203574880043774,20.203574880043778,20.203574880043774,20.203574880043774,20.203574880043774,20.203574880043774,20.203574880043774,20.203574880043774,20.203574880043774,20.203574880043774,20.203574880043778,20.203574880043774,20.203574880043778,20.203574880043774,20.203574880043774,20.203574880043774,20.203574880043774,20.203574880043774,20.203574880043774,20.203574880043778,20.203574880043774,20.203574880043774,20.203574880043774,20.203574880043778,20.203574880043774
T196,20.203574880043774,20.203574880043778,13.179863404433371,8.146882099671766,13.179863404433375,10.319929406503604,10.319929406503606,13.58496795171211,13.58496795171211,13.58496795171211,13.58496795171211,10.319929406503604,13.584967951712114,8.146882099671766,20.203574880043778,20.203574880043778,20.203574880043774,0.0,8.146882099671767,8.146882099671767,8.146882099671767,9.43087362239859,9.43087362239859,10.319929406503606,20.203574880043778,20.203574880043774,20.203574880043774,20.203574880043778,20.203574880043778,8.146882099671767,8.146882099671767,8.146882099671766,8.146882099671767,10.319929406503606,10.319929406503606,10.319929406503606,10.319929406503606,13.179863404433371,13.179863404433373,10.319929406503604,10.319929406503604,10.319929406503604,13.58496795171211,13.58496795171211,13.58496795171211,13.58496795171211,13.58496795171211,13.584967951712114,13.58496795171211,10.319929406503606,20.203574880043778,13.179863404433371,13.179863404433371,13.179863404433373,13.179863404433371,13.179863404433373,8.146882099671766,9.43087362239859,9.43087362239859,10.319929406503606,13.58496795171211,13.584967951712112,13.179863404433373,20.203574880043778,20.203574880043778,20.203574880043774,20.203574880043778,13.179863404433375,13.179863404433373,8.146882099671766,9.43087362239859,10.319929406503604,13.58496795171211,20.203574880043778,20.203574880043774,20.203574880043778,20.203574880043778,9.43087362239859,10.319929406503606,10.319929406503604,10.319929406503606,10.319929406503604,10.319929406503604,8.146882099671766,20.203574880043778,20.203574880043778,13.179863404433373,13.179863404433375,8.146882099671767,9.43087362239859,9.43087362239859,10.319929406503606,10.319929406503604,13.58496795171211,13.179863404433371,13.179863404433371,13.179863404433371,13.179863404433373,13.179863404433373,13.179863404433375,13.179863404433373,8.146882099671767,8.146882099671767,9.43087362239859,13.58496795171211,10.319929406503606,10.319929406503606,20.203574880043778,13.179863404433375,8.146882099671766,8.146882099671767,9.43087362239859,10.319929406503606,10.319929406503606,10.319929406503604,13.58496795171211,13.58496795171211,9.43087362239859,10.319929406503604,13.584967951712112,13.179863404433371,13.179863404433375,13.179863404433373,8.146882099671766,13.179863404433375,20.203574880043774,13.179863404433373,1.9247526281290124,8.146882099671767,9.43087362239859,13.58496795171211,20.203574880043778,20.203574880043778,13.179863404433371,13.179863404433373,8.146882099671766,8.146882099671767,8.14688209967177,8.146882099671767,8.146882099671767,9.43087362239859,13.58496795171211,13.58496795171211,13.58496795171211,10.319929406503604,20.203574880043778,8.146882099671767,8.146882099671767,9.43087362239859,10.319929406503604,10.319929406503606,13.58496795171211,13.58496795171211,13.58496795171211,10.319929406503604,13.584967951712112,10.319929406503606,10.319929406503604,20.203574880043778,0.6144774955096837,20.203574880043778,20.203574880043778,13.179863404433371,13.179863404433373,13.179863404433371,2.1972871642635026,9.43087362239859,9.43087362239859,10.319929406503604,13.58496795171211,9.43087362239859,10.319929406503604,10.319929406503604,13.179863404433371,20.203574880043778,13.179863404433373,8.146882099671767,8.146882099671767,9.43087362239859,9.43087362239859,9.43087362239859,9.43087362239859,10.319929406503604,13.58496795171211,13.58496795171211,13.58496795171211,13.179863404433373,13.179863404433375,13.179863404433371,13.179863404433371,8.146882099671767,8.146882099671767,10.319929406503604,13.58496795171211,13.584967951712112,9.43087362239859,10.319929406503604,10.319929406503604,10.319929406503606,13.58496795171211
T12,20.203574880043778,20.203574880043778,13.179863404433373,7.0226140770735315,13.179863404433375,10.319929406503606,10.319929406503608,13.58496795171211,13.58496795171211,13.58496795171211,13.584967951712112,10.319929406503606,13.584967951712114,7.0226140770735315,20.203574880043778,20.203574880043778,20.203574880043778,8.146882099671767,0.0,3.4640706085723734,3.4640706085723734,9.43087362239859,9.43087362239859,10.319929406503606,20.203574880043778,20.203574880043778,20.203574880043778,20.203574880043778,20.203574880043778,7.022614077073533,7.022614077073533,4.931322423087892,4.931322423087893,10.319929406503606,10.319929406503606,10.319929406503606,10.319929406503606,13.179863404433373,13.179863404433375,10.319929406503606,10.319929406503606,10.319929406503606,13.58496795171211,13.584967951712112,13.58496795171211,13.58496795171211,13.58496795171211,13.584967951712114,13.584967951712112,10.319929406503606,20.203574880043778,13.179863404433373,13.179863404433373,13.179863404433375,13.179863404433373,13.179863404433375,4.931322423087891,9.43087362239859,9.43087362239859,10.319929406503606,13.58496795171211,13.584967951712114,13.179863404433375,20.203574880043778,20.203574880043778,20.203574880043778,20.203574880043778,13.179863404433375,13.179863404433375,4.931322423087892,9.43087362239859,10.319929406503606,13.58496795171211,20.203574880043778,20.203574880043778,20.203574880043778,20.203574880043778,9.43087362239859,10.319929406503606,10.319929406503606,10.319929406503606,10.319929406503606,10.319929406503606,7.0226140770735315,20.203574880043778,20.203574880043778,13.179863404433375,13.179863404433375,4.9313224230878925,9.430873622398591,9.43087362239859,10.319929406503606,10.319929406503606,13.58496795171211,13.179863404433373,13.179863404433373,13.179863404433373,13.179863404433375,13.179863404433375,13.179863404433375,13.179863404433375,0.2413599674727266,3.4640706085723734,9.430873622398591,13.58496795171211,10.319929406503606,10.319929406503606,20.203574880043778,13.179863404433375,4.931322423087891,0.25830072015429395,9.43087362239859,10.319929406503606,10.319929406503606,10.319929406503606,13.58496795171211,13.584967951712112,9.43087362239859,10.319929406503606,13.584967951712114,13.179863404433373,13.179863404433375,13.179863404433375,7.0226140770735315,13.179863404433375,20.203574880043778,13.179863404433375,8.146882099671767,7.022614077073533,9.430873622398591,13.58496795171211,20.203574880043778,20.203574880043778,13.179863404433373,13.179863404433375,7.0226140770735315,4.9313224230878925,4.931322423087894,4.931322423087893,3.4640706085723734,9.43087362239859,13.58496795171211,13.58496795171211,13.584967951712112,10.319929406503606,20.203574880043778,0.25830072015429395,3.4640706085723734,9.43087362239859,10.319929406503606,10.319929406503606,13.584967951712112,13.58496795171211,13.58496795171211,10.319929406503606,13.584967951712114,10.319929406503606,10.319929406503606,20.203574880043778,8.146882099671767,20.203574880043778,20.203574880043778,13.179863404433373,13.179863404433375,13.179863404433373,8.146882099671767,9.43087362239859,9.43087362239859,10.319929406503606,13.584967951712112,9.43087362239859,10.319929406503606,10.319929406503606,13.179863404433373,20.203574880043778,13.179863404433375,7.022614077073533,3.4640706085723734,9.430873622398591,9.43087362239859,9.43087362239859,9.43087362239859,10.319929406503606,13.58496795171211,13.58496795171211,13.584967951712112,13.179863404433375,13.179863404433375,13.179863404433373,13.179863404433373,4.9313224230878925,3.4640706085723734,10.319929406503606,13.58496795171211,13.584967951712114,9.430873622398591,10.319929406503606,10.319929406503606,10.319929406503606,13.58496795171211
T180,20.203574880043774,20.203574880043778,13.179863404433371,7.0226140770735315,13.179863404433375,10.319929406503604,10.319929406503606,13.58496795171211,13.58496795171211,13.58496795171211,13.58496795171211,10.319929406503604,13.584967951712114,7.0226140770735315,20.203574880043778,20.203574880043778,20.203574880043774,8.146882099671767,3.4640706085723734,0.0,0.3590408816453849,9.43087362239859,9.43087362239859,10.319929406503606,20.203574880043778,20.203574880043774,20.203574880043774,20.203574880043778,20.203574880043778,7.022614077073533,7.022614077073533,4.931322423087891,4.9313224230878925,10.319929406503606,10.319929406503606,10.319929406503606,10.319929406503606,13.179863404433371,13.179863404433373,10.319929406503604,10.319929406503604,10.319929406503604,13.58496795171211,13.58496795171211,13.58496795171211,13.58496795171211,13.58496795171211,13.584967951712114,13.58496795171211,10.319929406503606,20.203574880043778,13.179863404433371,13.179863404433371,13.179863404433373,13.179863404433371,13.179863404433373,4.931322423087891,9.43087362239859,9.43087362239859,10.319929406503606,13.58496795171211,13.584967951712112,13.179863404433373,20.203574880043778,20.203574880043778,20.203574880043774,20.203574880043778,13.179863404433375,13.179863404433373,4.931322423087891,9.43087362239859,10.319929406503604,13.58496795171211,20.203574880043778,20.203574880043774,20.203574880043778,20.203574880043778,9.43087362239859,10.319929406503606,10.319929406503604,10.319929406503606,10.319929406503604,10.319929406503604,7.0226140770735315,20.203574880043778,20.203574880043778,13.179863404433373,13.179863404433375,4.931322423087892,9.43087362239859,9.43087362239859,10.319929406503606,10.319929406503604,13.58496795171211,13.179863404433371,13.179863404433371,13.179863404433371,13.179863404433373,13.179863404433373,13.179863404433375,13.179863404433373,3.4640706085723734,0.8670762345528078,9.43087362239859,13.58496795171211,10.319929406503606,10.319929406503606,20.203574880043778,13.179863404433375,4.931322423087891,3.4640706085723734,9.43087362239859,10.319929406503606,10.319929406503606,10.319929406503604,13.58496795171211,13.58496795171211,9.43087362239859,10.319929406503604,13.584967951712112,13.179863404433371,13.179863404433375,13.179863404433373,7.0226140770735315,13.179863404433375,20.203574880043774,13.179863404433373,8.146882099671767,7.0226140770735315,9.43087362239859,13.58496795171211,20.203574880043778,20.203574880043778,13.179863404433371,13.179863404433373,7.0226140770735315,4.931322423087892,4.931322423087893,4.9313224230878925,1.5134427452013546,9.43087362239859,13.58496795171211,13.58496795171211,13.58496795171211,10.319929406503604,20.203574880043778,3.4640706085723734,1.4557773363649713,9.43087362239859,10.319929406503604,10.319929406503606,13.58496795171211,13.58496795171211,13.58496795171211,10.319929406503604,13.584967951712112,10.319929406503606,10.319929406503604,20.203574880043778,8.146882099671767,20.203574880043778,20.203574880043778,13.179863404433371,13.179863404433373,13.179863404433371,8.146882099671767,9.43087362239859,9.43087362239859,10.319929406503604,13.58496795171211,9.43087362239859,10.319929406503604,10.319929406503604,13.179863404433371,20.203574880043778,13.179863404433373,7.022614077073533,1.5134427452013546,9.43087362239859,9.43087362239859,9.43087362239859,9.43087362239859,10.319929406503604,13.58496795171211,13.58496795171211,13.58496795171211,13.179863404433373,13.179863404433375,13.179863404433371,13.179863404433371,4.931322423087892,1.5134427452013546,10.319929406503604,13.58496795171211,13.584967951712112,9.43087362239859,10.319929406503604,10.319929406503604,10.319929406503606,13.58496795171211
T96,20.203574880043774,20.203574880043778,13.179863404433371,7.0226140770735315,13.179863404433375,10.319929406503604,10.319929406503606,13.58496795171211,13.58496795171211,13.58496795171211,13.58496795171211,10.319929406503604,13.584967951712114,7.0226140770735315,20.203574880043778,20.203574880043778,20.203574880043774,8.146882099671767,3.4640706085723734,0.3590408816453849,0.0,9.43087362239859,9.43087362239859,10.319929406503606,20.203574880043778,20.203574880043774,20.203574880043774,20.203574880043778,20.203574880043778,7.022614077073533,7.022614077073533,4.931322423087891,4.9313224230878925,10.319929406503606,10.319929406503606,10.319929406503606,10.319929406503606,13.179863404433371,13.179863404433373,10.319929406503604,10.319929406503604,10.319929406503604,13.58496795171211,13.58496795171211,13.58496795171211,13.58496795171211,13.58496795171211,13.584967951712114,13.58496795171211,10.319929406503606,20.203574880043778,13.179863404433371,13.179863404433371,13.179863404433373,13.179863404433371,13.179863404433373,4.931322423087891,9.43087362239859,9.43087362239859,10.319929406503606,13.58496795171211,13.584967951712112,13.179863404433373,20.203574880043778,20.203574880043778,20.203574880043774,20.203574880043778,13.179863404433375,13.179863404433373,4.931322423087891,9.43087362239859,10.319929406503604,13.58496795171211,20.203574880043778,20.203574880043774,20.203574880043778,20.203574880043778,9.43087362239859,10.319929406503606,10.319929406503604,10.319929406503606,10.319929406503604,10.319929406503604,7.0226140770735315,20.203574880043778,20.203574880043778,13.179863404433373,13.179863404433375,4.931322423087892,9.43087362239859,9.43087362239859,10.319929406503606,10.319929406503604,13.58496795171211,13.179863404433371,13.179863404433371,13.179863404433371,13.179863404433373,13.179863404433373,13.179863404433375,13.179863404433373,3.4640706085723734,0.8670762345528078,9.43087362239859,13.58496795171211,10.319929406503606,10.319929406503606,20.203574880043778,13.179863404433375,4.931322423087891,3.4640706085723734,9.43087362239859,10.319929406503606,10.319929406503606,10.319929406503604,13.58496795171211,13.58496795171211,9.43087362239859,10.319929406503604,13.584967951712112,13.179863404433371,13.179863404433375,13.179863404433373,7.0226140770735315,13.179863404433375,20.203574880043774,13.179863404433373,8.146882099671767,7.0226140770735315,9.43087362239859,13.58496795171211,20.203574880043778,20.203574880043778,13.179863404433371,13.179863404433373,7.0226140770735315,4.931322423087892,4.931322423087893,4.9313224230878925,1.5134427452013546,9.43087362239859,13.58496795171211,13.58496795171211,13.58496795171211,10.319929406503604,20.203574880043778,3.4640706085723734,1.4557773363649713,9.43087362239859,10.319929406503604,10.319929406503606,13.58496795171211,13.58496795171211,13.58496795171211,10.319929406503604,13.584967951712112,10.319929406503606,10.319929406503604,20.203574880043778,8.146882099671767,20.203574880043778,20.203574880043778,13.179863404433371,13.179863404433373,13.179863404433371,8.146882099671767,9.43087362239859,9.43087362239859,10.319929406503604,13.58496795171211,9.43087362239859,10.319929406503604,10.319929406503604,13.179863404433371,20.203574880043778,13.179863404433373,7.022614077073533,1.5134427452013546,9.43087362239859,9.43087362239859,9.43087362239859,9.43087362239859,10.319929406503604,13.58496795171211,13.58496795171211,13.58496795171211,13.179863404433373,13.179863404433375,13.179863404433371,13.179863404433371,4.931322423087892,1.5134427452013546,10.319929406503604,13.58496795171211,13.584967951712112,9.43087362239859,10.319929406503604,10.319929406503604,10.319929406503606,13.58496795171211
T86,20.203574880043774,20.203574880043778,13.179863404433371,9.430873622398588,13.179863404433373,10.319929406503602,10.319929406503606,13.584967951712109,13.584967951712109,13.584967951712109,13.58496795171211,10.319929406503602,13.584967951712112,9.430873622398588,20.203574880043778,20.203574880043778,20.203574880043774,9.43087362239859,9.43087362239859,9.43087362239859,9.43087362239859,0.0,2.815921463379598,10.319929406503604,20.203574880043778,20.203574880043774,20.203574880043774,20.203574880043778,20.203574880043778,9.43087362239859,9.43087362239859,9.430873622398588,9.43087362239859,10.319929406503604,10.319929406503604,10.319929406503604,10.319929406503604,13.179863404433371,13.179863404433371,10.319929406503602,10.319929406503602,10.319929406503602,13.584967951712109,13.58496795171211,13.58496795171211,13.58496795171211,13.584967951712109,13.584967951712112,13.58496795171211,10.319929406503604,20.203574880043778,13.179863404433371,13.179863404433371,13.179863404433371,13.179863404433371,13.179863404433371,9.430873622398588,2.815921463379598,7.88370570795961,10.319929406503606,13.584967951712109,13.58496795171211,13.179863404433371,20.203574880043778,20.203574880043778,20.203574880043774,20.203574880043778,13.179863404433373,13.179863404433371,9.430873622398588,2.815921463379598,10.319929406503602,13.584967951712109,20.203574880043778,20.203574880043774,20.203574880043778,20.203574880043778,0.3504034377477378,10.319929406503604,10.319929406503602,10.319929406503606,10.319929406503602,10.319929406503602,9.430873622398588,20.203574880043778,20.203574880043778,13.179863404433371,13.179863404433375,9.43087362239859,7.549699367992667,2.8159214633795986,10.319929406503604,10.319929406503602,13.584967951712109,13.179863404433371,13.179863404433371,13.179863404433371,13.179863404433371,13.179863404433371,13.179863404433375,13.179863404433371,9.43087362239859,9.43087362239859,7.549699367992667,13.58496795171211,10.319929406503604,10.319929406503604,20.203574880043778,13.179863404433375,9.430873622398588,9.43087362239859,7.315471920686967,10.319929406503606,10.319929406503604,10.319929406503602,13.584967951712109,13.58496795171211,0.3504034377477378,10.319929406503602,13.58496795171211,13.179863404433371,13.179863404433373,13.179863404433371,9.430873622398588,13.179863404433373,20.203574880043774,13.179863404433371,9.43087362239859,9.43087362239859,7.549699367992667,13.58496795171211,20.203574880043778,20.203574880043778,13.179863404433371,13.179863404433371,9.430873622398588,9.43087362239859,9.430873622398591,9.43087362239859,9.43087362239859,2.8159214633795986,13.58496795171211,13.58496795171211,13.58496795171211,10.319929406503602,20.203574880043778,9.43087362239859,9.43087362239859,7.315471920686967,10.319929406503602,10.319929406503604,13.58496795171211,13.58496795171211,13.58496795171211,10.319929406503602,13.58496795171211,10.319929406503606,10.319929406503602,20.203574880043778,9.43087362239859,20.203574880043778,20.203574880043778,13.179863404433371,13.179863404433371,13.179863404433371,9.43087362239859,0.3504034377477378,2.8159214633795986,10.319929406503602,13.58496795171211,2.8159214633795986,10.319929406503602,10.319929406503602,13.179863404433371,20.203574880043778,13.179863404433371,9.43087362239859,9.43087362239859,7.549699367992667,7.315471920686967,2.8159214633795986,2.815921463379598,10.319929406503602,13.58496795171211,13.584967951712109,13.58496795171211,13.179863404433371,13.179863404433375,13.179863404433371,13.179863404433371,9.43087362239859,9.43087362239859,10.319929406503602,13.584967951712109,13.58496795171211,7.549699367992667,10.319929406503602,10.319929406503602,10.319929406503604,13.584967951712109
T44,20.203574880043774,20.203574880043778,13.179863404433371,9.430873622398588,13.179863404433373,10.319929406503602,10.319929406503606,13.584967951712109,13.584967951712109,13.584967951712109,13.58496795171211,10.319929406503602,13.584967951712112,9.430873622398588,20.203574880043778,20.203574880043778,20.203574880043774,9.43087362239859,9.43087362239859,9.43087362239859,9.43087362239859,2.815921463379598,0.0,10.319929406503604,20.203574880043778,20.203574880043774,20.203574880043774,20.203574880043778,20.203574880043778,9.43087362239859,9.43087362239859,9.430873622398588,9.43087362239859,10.319929406503604,10.319929406503604,10.319929406503604,10.319929406503604,13.179863404433371,13.179863404433371,10.319929406503602,10.319929406503602,10.319929406503602,13.584967951712109,13.58496795171211,13.58496795171211,13.58496795171211,13.584967951712109,13.584967951712112,13.58496795171211,10.319929406503604,20.203574880043778,13.179863404433371,13.179863404433371,13.179863404433371,13.179863404433371,13.179863404433371,9.430873622398588,0.7167686157151203,7.88370570795961,10.319929406503606,13.584967951712109,13.58496795171211,13.179863404433371,20.203574880043778,20.203574880043778,20.203574880043774,20.203574880043778,13.179863404433373,13.179863404433371,9.430873622398588,0.0708808391633467,10.319929406503602,13.584967951712109,20.203574880043778,20.203574880043774,20.203574880043778,20.203574880043778,2.815921463379598,10.319929406503604,10.319929406503602,10.319929406503606,10.319929406503602,10.319929406503602,9.430873622398588,20.203574880043778,20.203574880043778,13.179863404433371,13.179863404433375,9.43087362239859,7.549699367992667,2.3090995837757062,10.319929406503604,10.319929406503602,13.584967951712109,13.179863404433371,13.179863404433371,13.179863404433371,13.179863404433371,13.179863404433371,13.179863404433375,13.179863404433371,9.43087362239859,9.43087362239859,7.549699367992667,13.58496795171211,10.319929406503604,10.319929406503604,20.203574880043778,13.179863404433375,9.430873622398588,9.43087362239859,7.315471920686967,10.319929406503606,10.319929406503604,10.319929406503602,13.584967951712109,13.58496795171211,2.815921463379598,10.319929406503602,13.58496795171211,13.179863404433371,13.179863404433373,13.179863404433371,9.430873622398588,13.179863404433373,20.203574880043774,13.179863404433371,9.43087362239859,9.43087362239859,7.549699367992667,13.58496795171211,20.203574880043778,20.203574880043778,13.179863404433371,13.179863404433371,9.430873622398588,9.43087362239859,9.430873622398591,9.43087362239859,9.43087362239859,2.3090995837757062,13.58496795171211,13.58496795171211,13.58496795171211,10.319929406503602,20.203574880043778,9.43087362239859,9.43087362239859,7.315471920686967,10.319929406503602,10.319929406503604,13.58496795171211,13.58496795171211,13.58496795171211,10.319929406503602,13.58496795171211,10.319929406503606,10.319929406503602,20.203574880043778,9.43087362239859,20.203574880043778,20.203574880043778,13.179863404433371,13.179863404433371,13.179863404433371,9.43087362239859,2.815921463379598,2.3090995837757062,10.319929406503602,13.58496795171211,2.3090995837757062,10.319929406503602,10.319929406503602,13.179863404433371,20.203574880043778,13.179863404433371,9.43087362239859,9.43087362239859,7.549699367992667,7.315471920686967,2.3090995837757062,2.3090995837757062,10.319929406503602,13.58496795171211,13.584967951712109,13.58496795171211,13.179863404433371,13.179863404433375,13.179863404433371,13.179863404433371,9.43087362239859,9.43087362239859,10.319929406503602,13.584967951712109,13.58496795171211,7.549699367992667,10.319929406503602,10.319929406503602,10.319929406503604,13.584967951712109
T5,20.203574880043778,20.203574880043778,13.179863404433373,10.319929406503604,13.179863404433375,8.628624096335662,8.628624096335663,13.58496795171211,13.58496795171211,13.58496795171211,13.584967951712112,8.62862409633566,13.584967951712114,10.319929406503604,20.203574880043778,20.203574880043778,20.203574880043778,10.319929406503606,10.319929406503606,10.319929406503606,10.319929406503606,10.319929406503604,10.319929406503604,0.0,20.203574880043778,20.203574880043778,20.203574880043778,20.203574880043778,20.203574880043778,10.319929406503606,10.319929406503606,10.319929406503604,10.319929406503606,6.102844446589002,6.102844446589003,0.23172075777155618,8.628624096335662,13.179863404433373,13.179863404433375,8.628624096335662,8.628624096335662,8.628624096335662,13.58496795171211,13.584967951712112,13.58496795171211,13.58496795171211,13.58496795171211,13.584967951712114,13.584967951712112,6.102844446589002,20.203574880043778,13.179863404433373,13.179863404433373,13.179863404433375,13.179863404433373,13.179863404433375,10.319929406503604,10.319929406503604,10.319929406503604,4.321272254639107,13.58496795171211,13.584967951712114,13.179863404433375,20.203574880043778,20.203574880043778,20.203574880043778,20.203574880043778,13.179863404433375,13.179863404433375,10.319929406503604,10.319929406503604,8.628624096335662,13.58496795171211,20.203574880043778,20.203574880043778,20.203574880043778,20.203574880043778,10.319929406503604,6.102844446589002,8.628624096335662,8.628624096335663,8.62862409633566,8.628624096335662,10.319929406503604,20.203574880043778,20.203574880043778,13.179863404433375,13.179863404433375,10.319929406503606,10.319929406503606,10.319929406503604,6.102844446589002,8.628624096335662,13.58496795171211,13.179863404433373,13.179863404433373,13.179863404433373,13.179863404433375,13.179863404433375,13.179863404433375,13.179863404433375,10.319929406503606,10.319929406503606,10.319929406503606,13.58496795171211,6.102844446589002,8.628624096335662,20.203574880043778,13.179863404433375,10.319929406503604,10.319929406503606,10.319929406503604,3.9745423796077537,6.102844446589002,8.628624096335662,13.58496795171211,13.584967951712112,10.319929406503604,8.628624096335662,13.584967951712114,13.179863404433373,13.179863404433375,13.179863404433375,10.319929406503604,13.179863404433375,20.203574880043778,13.179863404433375,10.319929406503606,10.319929406503606,10.319929406503606,13.58496795171211,20.203574880043778,20.203574880043778,13.179863404433373,13.179863404433375,10.319929406503604,10.319929406503606,10.319929406503606,10.319929406503606,10.319929406503606,10.319929406503604,13.58496795171211,13.58496795171211,13.584967951712112,8.628624096335662,20.203574880043778,10.319929406503606,10.319929406503606,10.319929406503604,8.628624096335662,8.628624096335662,13.584967951712112,13.58496795171211,13.58496795171211,8.62862409633566,13.584967951712114,6.102844446589004,8.628624096335662,20.203574880043778,10.319929406503606,20.203574880043778,20.203574880043778,13.179863404433373,13.179863404433375,13.179863404433373,10.319929406503606,10.319929406503604,10.319929406503604,8.628624096335662,13.584967951712112,10.319929406503604,8.628624096335662,8.628624096335662,13.179863404433373,20.203574880043778,13.179863404433375,10.319929406503606,10.319929406503606,10.319929406503606,10.319929406503604,10.319929406503604,10.319929406503604,8.628624096335662,13.58496795171211,13.58496795171211,13.584967951712112,13.179863404433375,13.179863404433375,13.179863404433373,13.179863404433373,10.319929406503606,10.319929406503606,6.102844446589002,13.58496795171211,13.584967951712114,10.319929406503606,8.62862409633566,8.628624096335662,8.628624096335662,13.58496795171211
T39,4.109127031651147,6.958920364456178,20.203574880043778,20.203574880043778,20.203574880043778,20.203574880043778,20.203574880043778,20.203574880043778,20.203574880043778,20.203574880043778,20.203574880043778,20.203574880043778,20.203574880043778,20.203574880043778,2.285845689207587,0.6546267791722579,6.958920364456176,20.203574880043778,20.203574880043778,20.203574880043778,20.203574880043778,20.203574880043778,20.203574880043778,20.203574880043778,0.0,4.109127031651147,4.109127031651147,4.843887551276387,6.958920364456178,20.203574880043778,20.203574880043778,20.203574880043778,20.203574880043778,20.203574880043778,20.203574880043778,20.203574880043778,20.203574880043778,20.203574880043778,20.203574880043778,20.203574880043778,20.203574880043778,20.203574880043778,20.203574880043778,20.203574880043778,20.203574880043778,20.203574880043778,20.203574880043778,20.203574880043778,20.203574880043778,20.203574880043778,6.958920364456178,20.203574880043778,20.203574880043778,20.203574880043778,20.203574880043778,20.203574880043778,20.203574880043778,20.203574880043778,20.203574880043778,20.203574880043778,20.203574880043778,20.203574880043778,20.203574880043778,2.285845689207587,0.6546267791722579,4.109127031651147,4.843887551276387,20.203574880043778,20.203574880043778,20.203574880043778,20.203574880043778,20.203574880043778,20.203574880043778,4.843887551276387,4.109127031651147,4.843887551276387,4.843887551276387,20.203574880043778,20.203574880043778,20.203574880043778,20.203574880043778,20.203574880043778,20.203574880043778,20.203574880043778,2.285845689207587,2.285845689207587,20.203574880043778,20.203574880043778,20.203574880043778,20.203574880043778,20.203574880043778,20.203574880043778,20.203574880043778,20.203574880043778,20.203574880043778,20.203574880043778,20.203574880043778,20.203574880043778,20.203574880043778,20.203574880043778,20.203574880043778,20.203574880043778,20.203574880043778,20.203574880043778,20.203574880043778,20.203574880043778,20.203574880043778,4.843887551276387,20.203574880043778,20.203574880043778,20.203574880043778,20.203574880043778,20.203574880043778,20.203574880043778,20.203574880043778,20.203574880043778,20.203574880043778,20.203574880043778,20.203574880043778,20.203574880043778,20.203574880043778,20.203574880043778,20.203574880043778,20.203574880043778,20.203574880043778,6.958920364456176,20.203574880043778,20.203574880043778,20.203574880043778,20.203574880043778,20.203574880043778,2.285845689207587,2.285845689207587,20.203574880043778,20.203574880043778,20.203574880043778,20.203574880043778,20.203574880043778,20.203574880043778,20.203574880043778,20.203574880043778,20.203574880043778,20.203574880043778,20.203574880043778,20.203574880043778,2.2858456892075876,20.203574880043778,20.203574880043778,20.203574880043778,20.203574880043778,20.203574880043778,20.203574880043778,20.203574880043778,20.203574880043778,20.203574880043778,20.203574880043778,20.203574880043778,20.203574880043778,8.401082459999703,20.203574880043778,2.285845689207587,2.2858456892075876,20.203574880043778,20.203574880043778,20.203574880043778,20.203574880043778,20.203574880043778,20.203574880043778,20.203574880043778,20.203574880043778,20.203574880043778,20.203574880043778,20.203574880043778,20.203574880043778,2.2858456892075876,20.203574880043778,20.203574880043778,20.203574880043778,20.203574880043778,20.203574880043778,20.203574880043778,20.203574880043778,20.203574880043778,20.203574880043778,20.203574880043778,20.203574880043778,20.203574880043778,20.203574880043778,20.203574880043778,20.203574880043778,20.203574880043778,20.203574880043778,20.203574880043778,20.203574880043778,20.203574880043778,20.203574880043778,20.203574880043778,20.203574880043778,20.203574880043778,20.203574880043778
T49,0.7515827158461404,6.958920364456176,20.203574880043774,20.203574880043774,20.203574880043778,20.203574880043774,20.203574880043778,20.203574880043774,20.203574880043774,20.203574880043774,20.203574880043778,20.203574880043774,20.203574880043778,20.203574880043774,4.1091270316511475,4.109127031651147,6.958920364456175,20.203574880043774,20.203574880043778,20.203574880043774,20.203574880043774,20.203574880043774,20.203574880043774,20.203574880043778,4.109127031651147,0.0,1.250298618161203,4.843887551276386,6.958920364456178,20.203574880043778,20.203574880043778,20.203574880043774,20.203574880043778,20.203574880043778,20.203574880043778,20.203574880043778,20.203574880043778,20.203574880043774,20.203574880043774,20.203574880043774,20.203574880043774,20.203574880043774,20.203574880043774,20.203574880043778,20.203574880043774,20.203574880043774,20.203574880043774,20.203574880043778,20.203574880043778,20.203574880043778,6.958920364456176,20.203574880043774,20.203574880043774,20.203574880043774,20.203574880043774,20.203574880043774,20.203574880043774,20.203574880043774,20.203574880043774,20.203574880043778,20.203574880043774,20.203574880043778,20.203574880043774,4.1091270316511475,4.109127031651147,0.2682380378007877,4.843887551276386,20.203574880043778,20.203574880043774,20.203574880043774,20.203574880043774,20.203574880043774,20.203574880043774,4.843887551276386,0.7515827158461404,4.843887551276386,4.843887551276386,20.203574880043774,20.203574880043778,20.203574880043774,20.203574880043778,20.203574880043774,20.203574880043774,20.203574880043774,4.1091270316511475,4.1091270316511475,20.203574880043774,20.203574880043778,20.203574880043774,20.203574880043774,20.203574880043774,20.203574880043778,20.203574880043774,20.203574880043774,20.203574880043774,20.203574880043774,20.203574880043774,20.203574880043774,20.203574880043774,20.203574880043778,20.203574880043774,20.203574880043778,20.203574880043774,20.203574880043774,20.203574880043774,20.203574880043778,20.203574880043778,4.843887551276386,20.203574880043778,20.203574880043774,20.203574880043778,20.203574880043774,20.203574880043778,20.203574880043778,20.203574880043774,20.203574880043774,20.203574880043778,20.203574880043774,20.203574880043774,20.203574880043778,20.203574880043774,20.203574880043778,20.203574880043774,20.203574880043774,20.203574880043778,6.958920364456175,20.203574880043774,20.203574880043774,20.203574880043774,20.203574880043774,20.203574880043774,4.1091270316511475,4.1091270316511475,20.203574880043774,20.203574880043774,20.203574880043774,20.203574880043774,20.203574880043778,20.203574880043778,20.203574880043774,20.203574880043774,20.203574880043774,20.203574880043774,20.203574880043778,20.203574880043774,4.1091270316511475,20.203574880043778,20.203574880043774,20.203574880043774,20.203574880043774,20.203574880043778,20.203574880043778,20.203574880043774,20.203574880043774,20.203574880043774,20.203574880043778,20.203574880043778,20.203574880043774,8.401082459999701,20.203574880043774,4.1091270316511475,4.1091270316511475,20.203574880043774,20.203574880043774,20.203574880043774,20.203574880043774,20.203574880043774,20.203574880043774,20.203574880043774,20.203574880043778,20.203574880043774,20.203574880043774,20.203574880043774,20.203574880043774,4.1091270316511475,20.203574880043774,20.203574880043778,20.203574880043774,20.203574880043774,20.203574880043774,20.203574880043774,20.203574880043774,20.203574880043774,20.203574880043774,20.203574880043774,20.203574880043778,20.203574880043774,20.203574880043778,20.203574880043774,20.203574880043774,20.203574880043774,20.203574880043774,20.203574880043774,20.203574880043774,20.203574880043778,20.203574880043774,20.203574880043774,20.203574880043774,20.203574880043778,20.203574880043774
T81,1.250298618161203,6.958920364456176,20.203574880043774,20.203574880043774,20.203574880043778,20.203574880043774,20.203574880043778,20.203574880043774,20.203574880043774,20.203574880043774,20.203574880043778,20.203574880043774,20.203574880043778,20.203574880043774,4.1091270316511475,4.109127031651147,6.958920364456175,20.203574880043774,20.203574880043778,20.203574880043774,20.203574880043774,20.203574880043774,20.203574880043774,20.203574880043778,4.109127031651147,1.250298618161203,0.0,4.843887551276386,6.958920364456178,20.203574880043778,20.203574880043778,20.203574880043774,20.203574880043778,20.203574880043778,20.203574880043778,20.203574880043778,20.203574880043778,20.203574880043774,20.203574880043774,20.203574880043774,20.203574880043774,20.203574880043774,20.203574880043774,20.203574880043778,20.203574880043774,20.203574880043774,20.203574880043774,20.203574880043778,20.203574880043778,20.203574880043778,6.958920364456176,20.203574880043774,20.203574880043774,20.203574880043774,20.203574880043774,20.203574880043774,20.203574880043774,20.203574880043774,20.203574880043774,20.203574880043778,20.203574880043774,20.203574880043778,20.203574880043774,4.1091270316511475,4.109127031651147,1.250298618161203,4.843887551276386,20.203574880043778,20.203574880043774,20.203574880043774,20.203574880043774,20.203574880043774,20.203574880043774,4.843887551276386,1.250298618161203,4.843887551276386,4.843887551276386,20.203574880043774,20.203574880043778,20.203574880043774,20.203574880043778,20.203574880043774,20.203574880043774,20.203574880043774,4.1091270316511475,4.1091270316511475,20.203574880043774,20.203574880043778,20.203574880043774,20.203574880043774,20.203574880043774,20.203574880043778,20.203574880043774,20.203574880043774,20.203574880043774,20.203574880043774,20.203574880043774,20.203574880043774,20.203574880043774,20.203574880043778,20.203574880043774,20.203574880043778,20.203574880043774,20.203574880043774,20.203574880043774,20.203574880043778,20.203574880043778,4.843887551276386,20.203574880043778,20.203574880043774,20.203574880043778,20.203574880043774,20.203574880043778,20.203574880043778,20.203574880043774,20.203574880043774,20.203574880043778,20.203574880043774,20.203574880043774,20.203574880043778,20.203574880043774,20.203574880043778,20.203574880043774,20.203574880043774,20.203574880043778,6.958920364456175,20.203574880043774,20.203574880043774,20.203574880043774,20.203574880043774,20.203574880043774,4.1091270316511475,4.1091270316511475,20.203574880043774,20.203574880043774,20.203574880043774,20.203574880043774,20.203574880043778,20.203574880043778,20.203574880043774,20.203574880043774,20.203574880043774,20.203574880043774,20.203574880043778,20.203574880043774,4.1091270316511475,20.203574880043778,20.203574880043774,20.203574880043774,20.203574880043774,20.203574880043778,20.203574880043778,20.203574880043774,20.203574880043774,20.203574880043774,20.203574880043778,20.203574880043778,20.203574880043774,8.401082459999701,20.203574880043774,4.1091270316511475,4.1091270316511475,20.203574880043774,20.203574880043774,20.203574880043774,20.203574880043774,20.203574880043774,20.203574880043774,20.203574880043774,20.203574880043778,20.203574880043774,20.203574880043774,20.203574880043774,20.203574880043774,4.1091270316511475,20.203574880043774,20.203574880043778,20.203574880043774,20.203574880043774,20.203574880043774,20.203574880043774,20.203574880043774,20.203574880043774,20.203574880043774,20.203574880043774,20.203574880043778,20.203574880043774,20.203574880043778,20.203574880043774,20.203574880043774,20.203574880043774,20.203574880043774,20.203574880043774,20.203574880043774,20.203574880043778,20.203574880043774,20.203574880043774,20.203574880043774,20.203574880043778,20.203574880043774
T165,4.843887551276386,6.958920364456178,20.203574880043778,20.203574880043778,20.203574880043778,20.203574880043778,20.203574880043778,20.203574880043778,20.203574880043778,20.203574880043778,20.203574880043778,20.203574880043778,20.203574880043778,20.203574880043778,4.843887551276387,4.843887551276387,6.958920364456176,20.203574880043778,20.203574880043778,20.203574880043778,20.203574880043778,20.203574880043778,20.203574880043778,20.203574880043778,4.843887551276387,4.843887551276386,4.843887551276386,0.0,6.958920364456178,20.203574880043778,20.203574880043778,20.203574880043778,20.203574880043778,20.203574880043778,20.203574880043778,20.203574880043778,20.203574880043778,20.203574880043778,20.203574880043778,20.203574880043778,20.203574880043778,20.203574880043778,20.203574880043778,20.203574880043778,20.203574880043778,20.203574880043778,20.203574880043778,20.203574880043778,20.203574880043778,20.203574880043778,6.958920364456178,20.203574880043778,20.203574880043778,20.203574880043778,20.203574880043778,20.203574880043778,20.203574880043778,20.203574880043778,20.203574880043778,20.203574880043778,20.203574880043778,20.203574880043778,20.203574880043778,4.843887551276387,4.843887551276387,4.843887551276386,1.2280229304821366,20.203574880043778,20.203574880043778,20.203574880043778,20.203574880043778,20.203574880043778,20.203574880043778,0.9960550843714051,4.843887551276386,1.2280229304821366,2.5468251308671404,20.203574880043778,20.203574880043778,20.203574880043778,20.203574880043778,20.203574880043778,20.203574880043778,20.203574880043778,4.843887551276387,4.843887551276387,20.203574880043778,20.203574880043778,20.203574880043778,20.203574880043778,20.203574880043778,20.203574880043778,20.203574880043778,20.203574880043778,20.203574880043778,20.203574880043778,20.203574880043778,20.203574880043778,20.203574880043778,20.203574880043778,20.203574880043778,20.203574880043778,20.203574880043778,20.203574880043778,20.203574880043778,20.203574880043778,20.203574880043778,0.9960550843714051,20.203574880043778,20.203574880043778,20.203574880043778,20.203574880043778,20.203574880043778,20.203574880043778,20.203574880043778,20.203574880043778,20.203574880043778,20.203574880043778,20.203574880043778,20.203574880043778,20.203574880043778,20.203574880043778,20.203574880043778,20.203574880043778,20.203574880043778,6.958920364456176,20.203574880043778,20.203574880043778,20.203574880043778,20.203574880043778,20.203574880043778,4.843887551276387,4.843887551276387,20.203574880043778,20.203574880043778,20.203574880043778,20.203574880043778,20.203574880043778,20.203574880043778,20.203574880043778,20.203574880043778,20.203574880043778,20.203574880043778,20.203574880043778,20.203574880043778,4.843887551276387,20.203574880043778,20.203574880043778,20.203574880043778,20.203574880043778,20.203574880043778,20.203574880043778,20.203574880043778,20.203574880043778,20.203574880043778,20.203574880043778,20.203574880043778,20.203574880043778,8.401082459999703,20.203574880043778,4.843887551276387,4.843887551276387,20.203574880043778,20.203574880043778,20.203574880043778,20.203574880043778,20.203574880043778,20.203574880043778,20.203574880043778,20.203574880043778,20.203574880043778,20.203574880043778,20.203574880043778,20.203574880043778,4.843887551276387,20.203574880043778,20.203574880043778,20.203574880043778,20.203574880043778,20.203574880043778,20.203574880043778,20.203574880043778,20.203574880043778,20.203574880043778,20.203574880043778,20.203574880043778,20.203574880043778,20.203574880043778,20.203574880043778,20.203574880043778,20.203574880043778,20.203574880043778,20.203574880043778,20.203574880043778,20.203574880043778,20.203574880043778,20.203574880043778,20.203574880043778,20.203574880043778,20.203574880043778
T107,6.958920364456178,3.722220362819534,20.203574880043778,20.203574880043778,20.203574880043778,20.203574880043778,20.20357488004378,20.203574880043778,20.203574880043778,20.203574880043778,20.203574880043778,20.203574880043778,20.20357488004378,20.203574880043778,6.958920364456178,6.958920364456178,4.234999592215203,20.203574880043778,20.203574880043778,20.203574880043778,20.203574880043778,20.203574880043778,20.203574880043778,20.203574880043778,6.958920364456178,6.958920364456178,6.958920364456178,6.958920364456178,0.0,20.203574880043778,20.203574880043778,20.203574880043778,20.203574880043778,20.203574880043778,20.203574880043778,20.203574880043778,20.203574880043778,20.203574880043778,20.203574880043778,20.203574880043778,20.203574880043778,20.203574880043778,20.203574880043778,20.203574880043778,20.203574880043778,20.203574880043778,20.203574880043778,20.20357488004378,20.203574880043778,20.203574880043778,3.722220362819534,20.203574880043778,20.203574880043778,20.203574880043778,20.203574880043778,20.203574880043778,20.203574880043778,20.203574880043778,20.203574880043778,20.20357488004378,20.203574880043778,20.20357488004378,20.203574880043778,6.958920364456178,6.958920364456178,6.958920364456178,6.958920364456178,20.203574880043778,20.203574880043778,20.203574880043778,20.203574880043778,20.203574880043778,20.203574880043778,6.958920364456178,6.958920364456178,6.958920364456178,6.958920364456178,20.203574880043778,20.203574880043778,20.203574880043778,20.20357488004378,20.203574880043778,20.203574880043778,20.203574880043778,6.958920364456178,6.958920364456178,20.203574880043778,20.20357488004378,20.203574880043778,20.203574880043778,20.203574880043778,20.203574880043778,20.203574880043778,20.203574880043778,20.203574880043778,20.203574880043778,20.203574880043778,20.203574880043778,20.203574880043778,20.20357488004378,20.203574880043778,20.203574880043778,20.203574880043778,20.203574880043778,20.203574880043778,20.203574880043778,20.203574880043778,6.958920364456178,20.20357488004378,20.203574880043778,20.203574880043778,20.203574880043778,20.20357488004378,20.203574880043778,20.203574880043778,20.203574880043778,20.203574880043778,20.203574880043778,20.203574880043778,20.20357488004378,20.203574880043778,20.203574880043778,20.203574880043778,20.203574880043778,20.203574880043778,4.234999592215203,20.203574880043778,20.203574880043778,20.203574880043778,20.203574880043778,20.203574880043778,6.958920364456178,6.958920364456178,20.203574880043778,20.203574880043778,20.203574880043778,20.203574880043778,20.20357488004378,20.203574880043778,20.203574880043778,20.203574880043778,20.203574880043778,20.203574880043778,20.203574880043778,20.203574880043778,6.958920364456178,20.203574880043778,20.203574880043778,20.203574880043778,20.203574880043778,20.203574880043778,20.203574880043778,20.203574880043778,20.203574880043778,20.203574880043778,20.20357488004378,20.20357488004378,20.203574880043778,8.401082459999703,20.203574880043778,6.958920364456178,6.958920364456178,20.203574880043778,20.203574880043778,20.203574880043778,20.203574880043778,20.203574880043778,20.203574880043778,20.203574880043778,20.203574880043778,20.203574880043778,20.203574880043778,20.203574880043778,20.203574880043778,6.958920364456178,20.203574880043778,20.203574880043778,20.203574880043778,20.203574880043778,20.203574880043778,20.203574880043778,20.203574880043778,20.203574880043778,20.203574880043778,20.203574880043778,20.203574880043778,20.203574880043778,20.20357488004378,20.203574880043778,20.203574880043778,20.203574880043778,20.203574880043778,20.203574880043778,20.203574880043778,20.20357488004378,20.203574880043778,20.203574880043778,20.203574880043778,20.203574880043778,20.203574880043778
T133,20.203574880043778,20.203574880043778,13.179863404433373,6.559493761161397,13.179863404433375,10.319929406503606,10.319929406503608,13.58496795171211,13.58496795171211,13.58496795171211,13.584967951712112,10.319929406503606,13.584967951712114,6.559493761161397,20.203574880043778,20.203574880043778,20.203574880043778,8.146882099671767,7.022614077073533,7.022614077073533,7.022614077073533,9.43087362239859,9.43087362239859,10.319929406503606,20.203574880043778,20.203574880043778,20.203574880043778,20.203574880043778,20.203574880043778,0.0,0.23914272588005048,7.022614077073532,7.022614077073534,10.319929406503606,10.319929406503606,10.319929406503606,10.319929406503606,13.179863404433373,13.179863404433375,10.319929406503606,10.319929406503606,10.319929406503606,13.58496795171211,13.584967951712112,13.58496795171211,13.58496795171211,13.58496795171211,13.584967951712114,13.584967951712112,10.319929406503606,20.203574880043778,13.179863404433373,13.179863404433373,13.179863404433375,13.179863404433373,13.179863404433375,7.0226140770735315,9.43087362239859,9.43087362239859,10.319929406503606,13.58496795171211,13.584967951712114,13.179863404433375,20.203574880043778,20.203574880043778,20.203574880043778,20.203574880043778,13.179863404433375,13.179863404433375,7.022614077073532,9.43087362239859,10.319929406503606,13.58496795171211,20.203574880043778,20.203574880043778,20.203574880043778,20.203574880043778,9.43087362239859,10.319929406503606,10.319929406503606,10.319929406503606,10.319929406503606,10.319929406503606,6.559493761161397,20.203574880043778,20.203574880043778,13.179863404433375,13.179863404433375,7.022614077073533,9.430873622398591,9.43087362239859,10.319929406503606,10.319929406503606,13.58496795171211,13.179863404433373,13.179863404433373,13.179863404433373,13.179863404433375,13.179863404433375,13.179863404433375,13.179863404433375,7.022614077073533,7.022614077073533,9.430873622398591,13.58496795171211,10.319929406503606,10.319929406503606,20.203574880043778,13.179863404433375,7.0226140770735315,7.022614077073533,9.43087362239859,10.319929406503606,10.319929406503606,10.319929406503606,13.58496795171211,13.584967951712112,9.43087362239859,10.319929406503606,13.584967951712114,13.179863404433373,13.179863404433375,13.179863404433375,6.559493761161397,13.179863404433375,20.203574880043778,13.179863404433375,8.146882099671767,1.4513706035250773,9.430873622398591,13.58496795171211,20.203574880043778,20.203574880043778,13.179863404433373,13.179863404433375,6.559493761161397,7.022614077073533,7.022614077073535,7.022614077073534,7.022614077073533,9.43087362239859,13.58496795171211,13.58496795171211,13.584967951712112,10.319929406503606,20.203574880043778,7.022614077073533,7.022614077073533,9.43087362239859,10.319929406503606,10.319929406503606,13.584967951712112,13.58496795171211,13.58496795171211,10.319929406503606,13.584967951712114,10.319929406503606,10.319929406503606,20.203574880043778,8.146882099671767,20.203574880043778,20.203574880043778,13.179863404433373,13.179863404433375,13.179863404433373,8.146882099671767,9.43087362239859,9.43087362239859,10.319929406503606,13.584967951712112,9.43087362239859,10.319929406503606,10.319929406503606,13.179863404433373,20.203574880043778,13.179863404433375,6.559493761161399,7.022614077073533,9.430873622398591,9.43087362239859,9.43087362239859,9.43087362239859,10.319929406503606,13.58496795171211,13.58496795171211,13.584967951712112,13.179863404433375,13.179863404433375,13.179863404433373,13.179863404433373,7.022614077073533,7.022614077073533,10.319929406503606,13.58496795171211,13.584967951712114,9.430873622398591,10.319929406503606,10.319929406503606,10.319929406503606,13.58496795171211
T123,20.203574880043778,20.203574880043778,13.179863404433373,6.559493761161397,13.179863404433375,10.319929406503606,10.319929406503608,13.58496795171211,13.58496795171211,13.58496795171211,13.584967951712112,10.319929406503606,13.584967951712114,6.559493761161397,20.203574880043778,20.203574880043778,20.203574880043778,8.146882099671767,7.022614077073533,7.022614077073533,7.022614077073533,9.43087362239859,9.43087362239859,10.319929406503606,20.203574880043778,20.203574880043778,20.203574880043778,20.203574880043778,20.203574880043778,0.23914272588005048,0.0,7.022614077073532,7.022614077073534,10.319929406503606,10.319929406503606,10.319929406503606,10.319929406503606,13.179863404433373,13.179863404433375,10.319929406503606,10.319929406503606,10.319929406503606,13.58496795171211,13.584967951712112,13.58496795171211,13.58496795171211,13.58496795171211,13.584967951712114,13.584967951712112,10.319929406503606,20.203574880043778,13.179863404433373,13.179863404433373,13.179863404433375,13.179863404433373,13.179863404433375,7.0226140770735315,9.43087362239859,9.43087362239859,10.319929406503606,13.58496795171211,13.584967951712114,13.179863404433375,20.203574880043778,20.203574880043778,20.203574880043778,20.203574880043778,13.179863404433375,13.179863404433375,7.022614077073532,9.43087362239859,10.319929406503606,13.58496795171211,20.203574880043778,20.203574880043778,20.203574880043778,20.203574880043778,9.43087362239859,10.319929406503606,10.319929406503606,10.319929406503606,10.319929406503606,10.319929406503606,6.559493761161397,20.203574880043778,20.203574880043778,13.179863404433375,13.179863404433375,7.022614077073533,9.430873622398591,9.43087362239859,10.319929406503606,10.319929406503606,13.58496795171211,13.179863404433373,13.179863404433373,13.179863404433373,13.179863404433375,13.179863404433375,13.179863404433375,13.179863404433375,7.022614077073533,7.022614077073533,9.430873622398591,13.58496795171211,10.319929406503606,10.319929406503606,20.203574880043778,13.179863404433375,7.0226140770735315,7.022614077073533,9.43087362239859,10.319929406503606,10.319929406503606,10.319929406503606,13.58496795171211,13.584967951712112,9.43087362239859,10.319929406503606,13.584967951712114,13.179863404433373,13.179863404433375,13.179863404433375,6.559493761161397,13.179863404433375,20.203574880043778,13.179863404433375,8.146882099671767,1.4513706035250773,9.430873622398591,13.58496795171211,20.203574880043778,20.203574880043778,13.179863404433373,13.179863404433375,6.559493761161397,7.022614077073533,7.022614077073535,7.022614077073534,7.022614077073533,9.43087362239859,13.58496795171211,13.58496795171211,13.584967951712112,10.319929406503606,20.203574880043778,7.022614077073533,7.022614077073533,9.43087362239859,10.319929406503606,10.319929406503606,13.584967951712112,13.58496795171211,13.58496795171211,10.319929406503606,13.584967951712114,10.319929406503606,10.319929406503606,20.203574880043778,8.146882099671767,20.203574880043778,20.203574880043778,13.179863404433373,13.179863404433375,13.179863404433373,8.146882099671767,9.43087362239859,9.43087362239859,10.319929406503606,13.584967951712112,9.43087362239859,10.319929406503606,10.319929406503606,13.179863404433373,20.203574880043778,13.179863404433375,6.559493761161399,7.022614077073533,9.430873622398591,9.43087362239859,9.43087362239859,9.43087362239859,10.319929406503606,13.58496795171211,13.58496795171211,13.584967951712112,13.179863404433375,13.179863404433375,13.179863404433373,13.179863404433373,7.022614077073533,7.022614077073533,10.319929406503606,13.58496795171211,13.584967951712114,9.430873622398591,10.319929406503606,10.319929406503606,10.319929406503606,13.58496795171211
T149,20.203574880043774,20.203574880043778,13.179863404433371,7.022614077073531,13.179863404433373,10.319929406503602,10.319929406503606,13.584967951712109,13.584967951712109,13.584967951712109,13.58496795171211,10.319929406503602,13.584967951712112,7.022614077073531,20.203574880043778,20.203574880043778,20.203574880043774,8.146882099671766,4.931322423087892,4.931322423087891,4.931322423087891,9.430873622398588,9.430873622398588,10.319929406503604,20.203574880043778,20.203574880043774,20.203574880043774,20.203574880043778,20.203574880043778,7.022614077073532,7.022614077073532,0.0,2.9042231498455333,10.319929406503604,10.319929406503604,10.319929406503604,10.319929406503604,13.179863404433371,13.179863404433371,10.319929406503602,10.319929406503602,10.319929406503602,13.584967951712109,13.58496795171211,13.58496795171211,13.58496795171211,13.584967951712109,13.584967951712112,13.58496795171211,10.319929406503604,20.203574880043778,13.179863404433371,13.179863404433371,13.179863404433371,13.179863404433371,13.179863404433371,3.6976451461572775,9.430873622398588,9.43087362239859,10.319929406503606,13.584967951712109,13.58496795171211,13.179863404433371,20.203574880043778,20.203574880043778,20.203574880043774,20.203574880043778,13.179863404433373,13.179863404433371,1.6780075144690854,9.430873622398588,10.319929406503602,13.584967951712109,20.203574880043778,20.203574880043774,20.203574880043778,20.203574880043778,9.430873622398588,10.319929406503604,10.319929406503602,10.319929406503606,10.319929406503602,10.319929406503602,7.022614077073531,20.203574880043778,20.203574880043778,13.179863404433371,13.179863404433375,4.741162807255681,9.43087362239859,9.43087362239859,10.319929406503604,10.319929406503602,13.584967951712109,13.179863404433371,13.179863404433371,13.179863404433371,13.179863404433371,13.179863404433371,13.179863404433375,13.179863404433371,4.931322423087892,4.931322423087891,9.43087362239859,13.58496795171211,10.319929406503604,10.319929406503604,20.203574880043778,13.179863404433375,3.6976451461572775,4.931322423087892,9.43087362239859,10.319929406503606,10.319929406503604,10.319929406503602,13.584967951712109,13.58496795171211,9.430873622398588,10.319929406503602,13.58496795171211,13.179863404433371,13.179863404433373,13.179863404433371,7.022614077073531,13.179863404433373,20.203574880043774,13.179863404433371,8.146882099671766,7.0226140770735315,9.43087362239859,13.58496795171211,20.203574880043778,20.203574880043778,13.179863404433371,13.179863404433371,7.022614077073531,4.741162807255681,4.741162807255683,2.9042231498455333,4.931322423087891,9.43087362239859,13.58496795171211,13.58496795171211,13.58496795171211,10.319929406503602,20.203574880043778,4.931322423087892,4.931322423087891,9.43087362239859,10.319929406503602,10.319929406503604,13.58496795171211,13.58496795171211,13.58496795171211,10.319929406503602,13.58496795171211,10.319929406503606,10.319929406503602,20.203574880043778,8.146882099671766,20.203574880043778,20.203574880043778,13.179863404433371,13.179863404433371,13.179863404433371,8.146882099671766,9.430873622398588,9.43087362239859,10.319929406503602,13.58496795171211,9.43087362239859,10.319929406503602,10.319929406503602,13.179863404433371,20.203574880043778,13.179863404433371,7.022614077073532,4.931322423087891,9.43087362239859,9.43087362239859,9.43087362239859,9.430873622398588,10.319929406503602,13.58496795171211,13.584967951712109,13.58496795171211,13.179863404433371,13.179863404433375,13.179863404433371,13.179863404433371,4.741162807255681,4.931322423087891,10.319929406503602,13.584967951712109,13.58496795171211,9.43087362239859,10.319929406503602,10.319929406503602,10.319929406503604,13.584967951712109
T7,20.203574880043778,20.203574880043778,13.179863404433373,7.022614077073532,13.179863404433375,10.319929406503606,10.319929406503608,13.58496795171211,13.58496795171211,13.58496795171211,13.584967951712112,10.319929406503606,13.584967951712114,7.022614077073532,20.203574880043778,20.203574880043778,20.203574880043778,8.146882099671767,4.931322423087893,4.9313224230878925,4.9313224230878925,9.43087362239859,9.43087362239859,10.319929406503606,20.203574880043778,20.203574880043778,20.203574880043778,20.203574880043778,20.203574880043778,7.022614077073534,7.022614077073534,2.9042231498455333,0.0,10.319929406503606,10.319929406503606,10.319929406503606,10.319929406503606,13.179863404433373,13.179863404433375,10.319929406503606,10.319929406503606,10.319929406503606,13.58496795171211,13.584967951712112,13.58496795171211,13.58496795171211,13.58496795171211,13.584967951712114,13.584967951712112,10.319929406503606,20.203574880043778,13.179863404433373,13.179863404433373,13.179863404433375,13.179863404433373,13.179863404433375,3.697645146157279,9.43087362239859,9.43087362239859,10.319929406503606,13.58496795171211,13.584967951712114,13.179863404433375,20.203574880043778,20.203574880043778,20.203574880043778,20.203574880043778,13.179863404433375,13.179863404433375,2.9042231498455333,9.43087362239859,10.319929406503606,13.58496795171211,20.203574880043778,20.203574880043778,20.203574880043778,20.203574880043778,9.43087362239859,10.319929406503606,10.319929406503606,10.319929406503606,10.319929406503606,10.319929406503606,7.022614077073532,20.203574880043778,20.203574880043778,13.179863404433375,13.179863404433375,4.741162807255683,9.430873622398591,9.43087362239859,10.319929406503606,10.319929406503606,13.58496795171211,13.179863404433373,13.179863404433373,13.179863404433373,13.179863404433375,13.179863404433375,13.179863404433375,13.179863404433375,4.931322423087893,4.9313224230878925,9.430873622398591,13.58496795171211,10.319929406503606,10.319929406503606,20.203574880043778,13.179863404433375,3.697645146157279,4.931322423087893,9.43087362239859,10.319929406503606,10.319929406503606,10.319929406503606,13.58496795171211,13.584967951712112,9.43087362239859,10.319929406503606,13.584967951712114,13.179863404433373,13.179863404433375,13.179863404433375,7.022614077073532,13.179863404433375,20.203574880043778,13.179863404433375,8.146882099671767,7.022614077073533,9.430873622398591,13.58496795171211,20.203574880043778,20.203574880043778,13.179863404433373,13.179863404433375,7.022614077073532,4.741162807255683,4.741162807255685,0.1996688414810878,4.9313224230878925,9.43087362239859,13.58496795171211,13.58496795171211,13.584967951712112,10.319929406503606,20.203574880043778,4.931322423087893,4.9313224230878925,9.43087362239859,10.319929406503606,10.319929406503606,13.584967951712112,13.58496795171211,13.58496795171211,10.319929406503606,13.584967951712114,10.319929406503606,10.319929406503606,20.203574880043778,8.146882099671767,20.203574880043778,20.203574880043778,13.179863404433373,13.179863404433375,13.179863404433373,8.146882099671767,9.43087362239859,9.43087362239859,10.319929406503606,13.584967951712112,9.43087362239859,10.319929406503606,10.319929406503606,13.179863404433373,20.203574880043778,13.179863404433375,7.022614077073534,4.9313224230878925,9.430873622398591,9.43087362239859,9.43087362239859,9.43087362239859,10.319929406503606,13.58496795171211,13.58496795171211,13.584967951712112,13.179863404433375,13.179863404433375,13.179863404433373,13.179863404433373,4.741162807255683,4.9313224230878925,10.319929406503606,13.58496795171211,13.584967951712114,9.430873622398591,10.319929406503606,10.319929406503606,10.319929406503606,13.58496795171211
T175,20.203574880043778,20.203574880043778,13.179863404433373,10.319929406503604,13.179863404433375,8.628624096335662,8.628624096335663,13.58496795171211,13.58496795171211,13.58496795171211,13.584967951712112,8.62862409633566,13.584967951712114,10.319929406503604,20.203574880043778,20.203574880043778,20.203574880043778,10.319929406503606,10.319929406503606,10.319929406503606,10.319929406503606,10.319929406503604,10.319929406503604,6.102844446589002,20.203574880043778,20.203574880043778,20.203574880043778,20.203574880043778,20.203574880043778,10.319929406503606,10.319929406503606,10.319929406503604,10.319929406503606,0.0,4.685229135010051,6.102844446589002,8.628624096335662,13.179863404433373,13.179863404433375,8.628624096335662,8.628624096335662,8.628624096335662,13.58496795171211,13.584967951712112,13.58496795171211,13.58496795171211,13.58496795171211,13.584967951712114,13.584967951712112,0.15472737787975238,20.203574880043778,13.179863404433373,13.179863404433373,13.179863404433375,13.179863404433373,13.179863404433375,10.319929406503604,10.319929406503604,10.319929406503604,6.102844446589003,13.58496795171211,13.584967951712114,13.179863404433375,20.203574880043778,20.203574880043778,20.203574880043778,20.203574880043778,13.179863404433375,13.179863404433375,10.319929406503604,10.319929406503604,8.628624096335662,13.58496795171211,20.203574880043778,20.203574880043778,20.203574880043778,20.203574880043778,10.319929406503604,3.929127478608706,8.628624096335662,8.628624096335663,8.62862409633566,8.628624096335662,10.319929406503604,20.203574880043778,20.203574880043778,13.179863404433375,13.179863404433375,10.319929406503606,10.319929406503606,10.319929406503604,3.929127478608706,8.628624096335662,13.58496795171211,13.179863404433373,13.179863404433373,13.179863404433373,13.179863404433375,13.179863404433375,13.179863404433375,13.179863404433375,10.319929406503606,10.319929406503606,10.319929406503606,13.58496795171211,3.929127478608706,8.628624096335662,20.203574880043778,13.179863404433375,10.319929406503604,10.319929406503606,10.319929406503604,6.102844446589003,3.929127478608706,8.628624096335662,13.58496795171211,13.584967951712112,10.319929406503604,8.628624096335662,13.584967951712114,13.179863404433373,13.179863404433375,13.179863404433375,10.319929406503604,13.179863404433375,20.203574880043778,13.179863404433375,10.319929406503606,10.319929406503606,10.319929406503606,13.58496795171211,20.203574880043778,20.203574880043778,13.179863404433373,13.179863404433375,10.319929406503604,10.319929406503606,10.319929406503606,10.319929406503606,10.319929406503606,10.319929406503604,13.58496795171211,13.58496795171211,13.584967951712112,8.628624096335662,20.203574880043778,10.319929406503606,10.319929406503606,10.319929406503604,8.628624096335662,8.628624096335662,13.584967951712112,13.58496795171211,13.58496795171211,8.62862409633566,13.584967951712114,5.081186830526827,8.628624096335662,20.203574880043778,10.319929406503606,20.203574880043778,20.203574880043778,13.179863404433373,13.179863404433375,13.179863404433373,10.319929406503606,10.319929406503604,10.319929406503604,8.628624096335662,13.584967951712112,10.319929406503604,8.628624096335662,8.628624096335662,13.179863404433373,20.203574880043778,13.179863404433375,10.319929406503606,10.319929406503606,10.319929406503606,10.319929406503604,10.319929406503604,10.319929406503604,8.628624096335662,13.58496795171211,13.58496795171211,13.584967951712112,13.179863404433375,13.179863404433375,13.179863404433373,13.179863404433373,10.319929406503606,10.319929406503606,5.081186830526825,13.58496795171211,13.584967951712114,10.319929406503606,8.62862409633566,8.628624096335662,8.628624096335662,13.58496795171211
T91,20.203574880043778,20.203574880043778,13.179863404433373,10.319929406503604,13.179863404433375,8.628624096335662,8.628624096335663,13.58496795171211,13.58496795171211,13.58496795171211,13.584967951712112,8.62862409633566,13.584967951712114,10.319929406503604,20.203574880043778,20.203574880043778,20.203574880043778,10.319929406503606,10.319929406503606,10.319929406503606,10.319929406503606,10.319929406503604,10.319929406503604,6.102844446589003,20.203574880043778,20.203574880043778,20.203574880043778,20.203574880043778,20.203574880043778,10.319929406503606,10.319929406503606,10.319929406503604,10.319929406503606,4.685229135010051,0.0,6.102844446589003,8.628624096335662,13.179863404433373,13.179863404433375,8.628624096335662,8.628624096335662,8.628624096335662,13.58496795171211,13.584967951712112,13.58496795171211,13.58496795171211,13.58496795171211,13.584967951712114,13.584967951712112,4.685229135010051,20.203574880043778,13.179863404433373,13.179863404433373,13.179863404433375,13.179863404433373,13.179863404433375,10.319929406503604,10.319929406503604,10.319929406503604,6.102844446589004,13.58496795171211,13.584967951712114,13.179863404433375,20.203574880043778,20.203574880043778,20.203574880043778,20.203574880043778,13.179863404433375,13.179863404433375,10.319929406503604,10.319929406503604,8.628624096335662,13.58496795171211,20.203574880043778,20.203574880043778,20.203574880043778,20.203574880043778,10.319929406503604,4.685229135010051,8.628624096335662,8.628624096335663,8.62862409633566,8.628624096335662,10.319929406503604,20.203574880043778,20.203574880043778,13.179863404433375,13.179863404433375,10.319929406503606,10.319929406503606,10.319929406503604,4.685229135010051,8.628624096335662,13.58496795171211,13.179863404433373,13.179863404433373,13.179863404433373,13.179863404433375,13.179863404433375,13.179863404433375,13.179863404433375,10.319929406503606,10.319929406503606,10.319929406503606,13.58496795171211,4.685229135010051,8.628624096335662,20.203574880043778,13.179863404433375,10.319929406503604,10.319929406503606,10.319929406503604,6.102844446589004,4.685229135010051,8.628624096335662,13.58496795171211,13.584967951712112,10.319929406503604,8.628624096335662,13.584967951712114,13.179863404433373,13.179863404433375,13.179863404433375,10.319929406503604,13.179863404433375,20.203574880043778,13.179863404433375,10.319929406503606,10.319929406503606,10.319929406503606,13.58496795171211,20.203574880043778,20.203574880043778,13.179863404433373,13.179863404433375,10.319929406503604,10.319929406503606,10.319929406503606,10.319929406503606,10.319929406503606,10.319929406503604,13.58496795171211,13.58496795171211,13.584967951712112,8.628624096335662,20.203574880043778,10.319929406503606,10.319929406503606,10.319929406503604,8.628624096335662,8.628624096335662,13.584967951712112,13.58496795171211,13.58496795171211,8.62862409633566,13.584967951712114,5.081186830526827,8.628624096335662,20.203574880043778,10.319929406503606,20.203574880043778,20.203574880043778,13.179863404433373,13.179863404433375,13.179863404433373,10.319929406503606,10.319929406503604,10.319929406503604,8.628624096335662,13.584967951712112,10.319929406503604,8.628624096335662,8.628624096335662,13.179863404433373,20.203574880043778,13.179863404433375,10.319929406503606,10.319929406503606,10.319929406503606,10.319929406503604,10.319929406503604,10.319929406503604,8.628624096335662,13.58496795171211,13.58496795171211,13.584967951712112,13.179863404433375,13.179863404433375,13.179863404433373,13.179863404433373,10.319929406503606,10.319929406503606,5.081186830526825,13.58496795171211,13.584967951712114,10.319929406503606,8.62862409633566,8.628624096335662,8.628624096335662,13.58496795171211
T126,20.203574880043778,20.203574880043778,13.179863404433373,10.319929406503604,13.179863404433375,8.628624096335662,8.628624096335663,13.58496795171211,13.58496795171211,13.58496795171211,13.584967951712112,8.62862409633566,13.584967951712114,10.319929406503604,20.203574880043778,20.203574880043778,20.203574880043778,10.319929406503606,10.319929406503606,10.319929406503606,10.319929406503606,10.319929406503604,10.319929406503604,0.23172075777155618,20.203574880043778,20.203574880043778,20.203574880043778,20.203574880043778,20.203574880043778,10.319929406503606,10.319929406503606,10.319929406503604,10.319929406503606,6.102844446589002,6.102844446589003,0.0,8.628624096335662,13.179863404433373,13.179863404433375,8.628624096335662,8.628624096335662,8.628624096335662,13.58496795171211,13.584967951712112,13.58496795171211,13.58496795171211,13.58496795171211,13.584967951712114,13.584967951712112,6.102844446589002,20.203574880043778,13.179863404433373,13.179863404433373,13.179863404433375,13.179863404433373,13.179863404433375,10.319929406503604,10.319929406503604,10.319929406503604,4.321272254639107,13.58496795171211,13.584967951712114,13.179863404433375,20.203574880043778,20.203574880043778,20.203574880043778,20.203574880043778,13.179863404433375,13.179863404433375,10.319929406503604,10.319929406503604,8.628624096335662,13.58496795171211,20.203574880043778,20.203574880043778,20.203574880043778,20.203574880043778,10.319929406503604,6.102844446589002,8.628624096335662,8.628624096335663,8.62862409633566,8.628624096335662,10.319929406503604,20.203574880043778,20.203574880043778,13.179863404433375,13.179863404433375,10.319929406503606,10.319929406503606,10.319929406503604,6.102844446589002,8.628624096335662,13.58496795171211,13.179863404433373,13.179863404433373,13.179863404433373,13.179863404433375,13.179863404433375,13.179863404433375,13.179863404433375,10.319929406503606,10.319929406503606,10.319929406503606,13.58496795171211,6.102844446589002,8.628624096335662,20.203574880043778,13.179863404433375,10.319929406503604,10.319929406503606,10.319929406503604,3.9745423796077537,6.102844446589002,8.628624096335662,13.58496795171211,13.584967951712112,10.319929406503604,8.628624096335662,13.584967951712114,13.179863404433373,13.179863404433375,13.179863404433375,10.319929406503604,13.179863404433375,20.203574880043778,13.179863404433375,10.319929406503606,10.319929406503606,10.319929406503606,13.58496795171211,20.203574880043778,20.203574880043778,13.179863404433373,13.179863404433375,10.319929406503604,10.319929406503606,10.319929406503606,10.319929406503606,10.319929406503606,10.319929406503604,13.58496795171211,13.58496795171211,13.584967951712112,8.628624096335662,20.203574880043778,10.319929406503606,10.319929406503606,10.319929406503604,8.628624096335662,8.628624096335662,13.584967951712112,13.58496795171211,13.58496795171211,8.62862409633566,13.584967951712114,6.102844446589004,8.628624096335662,20.203574880043778,10.319929406503606,20.203574880043778,20.203574880043778,13.179863404433373,13.179863404433375,13.179863404433373,10.319929406503606,10.319929406503604,10.319929406503604,8.628624096335662,13.584967951712112,10.319929406503604,8.628624096335662,8.628624096335662,13.179863404433373,20.203574880043778,13.179863404433375,10.319929406503606,10.319929406503606,10.319929406503606,10.319929406503604,10.319929406503604,10.319929406503604,8.628624096335662,13.58496795171211,13.58496795171211,13.584967951712112,13.179863404433375,13.179863404433375,13.179863404433373,13.179863404433373,10.319929406503606,10.319929406503606,6.102844446589002,13.58496795171211,13.584967951712114,10.319929406503606,8.62862409633566,8.628624096335662,8.628624096335662,13.58496795171211
T66,20.203574880043778,20.203574880043778,13.179863404433373,10.319929406503604,13.179863404433375,7.235889181701197,4.41713136719919,13.58496795171211,13.58496795171211,13.58496795171211,13.584967951712112,5.543798773306206,13.584967951712114,10.319929406503604,20.203574880043778,20.203574880043778,20.203574880043778,10.319929406503606,10.319929406503606,10.319929406503606,10.319929406503606,10.319929406503604,10.319929406503604,8.628624096335662,20.203574880043778,20.203574880043778,20.203574880043778,20.203574880043778,20.203574880043778,10.319929406503606,10.319929406503606,10.319929406503604,10.319929406503606,8.628624096335662,8.628624096335662,8.628624096335662,0.0,13.179863404433373,13.179863404433375,7.235889181701197,7.235889181701197,7.235889181701197,13.58496795171211,13.584967951712112,13.58496795171211,13.58496795171211,13.58496795171211,13.584967951712114,13.584967951712112,8.628624096335662,20.203574880043778,13.179863404433373,13.179863404433373,13.179863404433375,13.179863404433373,13.179863404433375,10.319929406503604,10.319929406503604,10.319929406503604,8.628624096335662,13.58496795171211,13.584967951712114,13.179863404433375,20.203574880043778,20.203574880043778,20.203574880043778,20.203574880043778,13.179863404433375,13.179863404433375,10.319929406503604,10.319929406503604,7.235889181701197,13.58496795171211,20.203574880043778,20.203574880043778,20.203574880043778,20.203574880043778,10.319929406503604,8.628624096335662,7.235889181701197,7.235889181701199,4.417131367199187,7.235889181701197,10.319929406503604,20.203574880043778,20.203574880043778,13.179863404433375,13.179863404433375,10.319929406503606,10.319929406503606,10.319929406503604,8.628624096335662,7.235889181701197,13.58496795171211,13.179863404433373,13.179863404433373,13.179863404433373,13.179863404433375,13.179863404433375,13.179863404433375,13.179863404433375,10.319929406503606,10.319929406503606,10.319929406503606,13.58496795171211,8.628624096335662,0.8066213895950168,20.203574880043778,13.179863404433375,10.319929406503604,10.319929406503606,10.319929406503604,8.628624096335662,8.628624096335662,7.235889181701197,13.58496795171211,13.584967951712112,10.319929406503604,7.235889181701197,13.584967951712114,13.179863404433373,13.179863404433375,13.179863404433375,10.319929406503604,13.179863404433375,20.203574880043778,13.179863404433375,10.319929406503606,10.319929406503606,10.319929406503606,13.58496795171211,20.203574880043778,20.203574880043778,13.179863404433373,13.179863404433375,10.319929406503604,10.319929406503606,10.319929406503606,10.319929406503606,10.319929406503606,10.319929406503604,13.58496795171211,13.58496795171211,13.584967951712112,7.235889181701197,20.203574880043778,10.319929406503606,10.319929406503606,10.319929406503604,7.235889181701197,0.8066213895950168,13.584967951712112,13.58496795171211,13.58496795171211,4.417131367199187,13.584967951712114,8.628624096335662,7.235889181701197,20.203574880043778,10.319929406503606,20.203574880043778,20.203574880043778,13.179863404433373,13.179863404433375,13.179863404433373,10.319929406503606,10.319929406503604,10.319929406503604,7.235889181701197,13.584967951712112,10.319929406503604,7.235889181701197,7.235889181701197,13.179863404433373,20.203574880043778,13.179863404433375,10.319929406503606,10.319929406503606,10.319929406503606,10.319929406503604,10.319929406503604,10.319929406503604,7.235889181701197,13.58496795171211,13.58496795171211,13.584967951712112,13.179863404433375,13.179863404433375,13.179863404433373,13.179863404433373,10.319929406503606,10.319929406503606,8.62862409633566,13.58496795171211,13.584967951712114,10.319929406503606,5.543798773306206,7.235889181701197,4.417131367199188,13.58496795171211
T76,20.203574880043774,20.203574880043778,9.130656188253342,13.179863404433371,7.999928439366679,13.179863404433371,13.179863404433375,13.584967951712109,13.584967951712109,13.584967951712109,13.58496795171211,13.179863404433371,13.584967951712112,13.179863404433371,20.203574880043778,20.203574880043778,20.203574880043774,13.179863404433371,13.179863404433373,13.179863404433371,13.179863404433371,13.179863404433371,13.179863404433371,13.179863404433373,20.203574880043778,20.203574880043774,20.203574880043774,20.203574880043778,20.203574880043778,13.179863404433373,13.179863404433373,13.179863404433371,13.179863404433373,13.179863404433373,13.179863404433373,13.179863404433373,13.179863404433373,0.0,9.130656188253342,13.179863404433371,13.179863404433371,13.179863404433371,13.584967951712109,13.58496795171211,13.58496795171211,13.58496795171211,13.584967951712109,13.584967951712112,13.58496795171211,13.179863404433373,20.203574880043778,9.130656188253342,9.130656188253342,8.476536775462085,9.130656188253342,8.476536775462085,13.179863404433371,13.179863404433371,13.179863404433371,13.179863404433375,13.584967951712109,13.58496795171211,8.476536775462085,20.203574880043778,20.203574880043778,20.203574880043774,20.203574880043778,7.999928439366679,8.476536775462087,13.179863404433371,13.179863404433371,13.179863404433371,13.584967951712109,20.203574880043778,20.203574880043774,20.203574880043778,20.203574880043778,13.179863404433371,13.179863404433373,13.179863404433371,13.179863404433375,13.179863404433371,13.179863404433371,13.179863404433371,20.203574880043778,20.203574880043778,7.999928439366679,8.476536775462089,13.179863404433371,13.179863404433371,13.179863404433371,13.179863404433373,13.179863404433371,13.584967951712109,9.130656188253342,9.130656188253342,9.130656188253342,8.476536775462085,9.130656188253342,9.446669489257818,8.476536775462087,13.179863404433373,13.179863404433371,13.179863404433371,13.58496795171211,13.179863404433373,13.179863404433373,20.203574880043778,9.446669489257818,13.179863404433371,13.179863404433373,13.179863404433371,13.179863404433375,13.179863404433373,13.179863404433371,13.584967951712109,13.58496795171211,13.179863404433371,13.179863404433371,13.58496795171211,9.130656188253342,9.130656188253344,8.476536775462087,13.179863404433371,9.130656188253344,20.203574880043774,7.999928439366679,13.179863404433371,13.179863404433371,13.179863404433371,13.58496795171211,20.203574880043778,20.203574880043778,9.130656188253342,9.130656188253342,13.179863404433371,13.179863404433371,13.179863404433375,13.179863404433373,13.179863404433371,13.179863404433371,13.58496795171211,13.58496795171211,13.58496795171211,13.179863404433371,20.203574880043778,13.179863404433373,13.179863404433371,13.179863404433371,13.179863404433371,13.179863404433373,13.58496795171211,13.58496795171211,13.58496795171211,13.179863404433371,13.58496795171211,13.179863404433375,13.179863404433371,20.203574880043778,13.179863404433371,20.203574880043778,20.203574880043778,9.130656188253342,8.476536775462087,1.3512292341029695,13.179863404433371,13.179863404433371,13.179863404433371,13.179863404433371,13.58496795171211,13.179863404433371,13.179863404433371,13.179863404433371,9.130656188253342,20.203574880043778,8.476536775462087,13.179863404433373,13.179863404433371,13.179863404433371,13.179863404433371,13.179863404433371,13.179863404433371,13.179863404433371,13.58496795171211,13.584967951712109,13.58496795171211,8.476536775462087,8.476536775462089,9.130656188253342,9.130656188253342,13.179863404433371,13.179863404433371,13.179863404433371,13.584967951712109,13.58496795171211,13.179863404433371,13.179863404433371,13.179863404433371,13.179863404433373,13.584967951712109
T186,20.203574880043774,20.203574880043778,5.467300198468971,13.179863404433371,9.130656188253345,13.179863404433373,13.179863404433375,13.58496795171211,13.58496795171211,13.58496795171211,13.58496795171211,13.179863404433373,13.584967951712114,13.179863404433371,20.203574880043778,20.203574880043778,20.203574880043774,13.179863404433373,13.179863404433375,13.179863404433373,13.179863404433373,13.179863404433371,13.179863404433371,13.179863404433375,20.203574880043778,20.203574880043774,20.203574880043774,20.203574880043778,20.203574880043778,13.179863404433375,13.179863404433375,13.179863404433371,13.179863404433375,13.179863404433375,13.179863404433375,13.179863404433375,13.179863404433375,9.130656188253342,0.0,13.179863404433373,13.179863404433373,13.179863404433373,13.58496795171211,13.58496795171211,13.58496795171211,13.58496795171211,13.58496795171211,13.584967951712114,13.58496795171211,13.179863404433375,20.203574880043778,5.737194318932164,5.467300198468971,9.130656188253344,4.295562549802675,9.130656188253344,13.179863404433371,13.179863404433371,13.179863404433371,13.179863404433375,13.58496795171211,13.584967951712112,9.130656188253344,20.203574880043778,20.203574880043778,20.203574880043774,20.203574880043778,9.130656188253345,9.130656188253344,13.179863404433371,13.179863404433371,13.179863404433373,13.58496795171211,20.203574880043778,20.203574880043774,20.203574880043778,20.203574880043778,13.179863404433371,13.179863404433375,13.179863404433373,13.179863404433375,13.179863404433373,13.179863404433373,13.179863404433371,20.203574880043778,20.203574880043778,9.130656188253344,9.130656188253345,13.179863404433373,13.179863404433373,13.179863404433371,13.179863404433375,13.179863404433373,13.58496795171211,5.737194318932164,5.737194318932164,5.467300198468972,9.130656188253344,1.5834030104509356,9.446669489257818,9.130656188253344,13.179863404433375,13.179863404433373,13.179863404433373,13.58496795171211,13.179863404433375,13.179863404433375,20.203574880043778,9.446669489257818,13.179863404433371,13.179863404433375,13.179863404433371,13.179863404433375,13.179863404433375,13.179863404433373,13.58496795171211,13.58496795171211,13.179863404433371,13.179863404433373,13.584967951712112,5.467300198468971,4.295562549802677,9.130656188253344,13.179863404433371,4.295562549802677,20.203574880043774,9.130656188253344,13.179863404433373,13.179863404433373,13.179863404433373,13.58496795171211,20.203574880043778,20.203574880043778,5.467300198468971,4.295562549802676,13.179863404433371,13.179863404433373,13.179863404433375,13.179863404433375,13.179863404433373,13.179863404433371,13.58496795171211,13.58496795171211,13.58496795171211,13.179863404433373,20.203574880043778,13.179863404433375,13.179863404433373,13.179863404433371,13.179863404433373,13.179863404433375,13.58496795171211,13.58496795171211,13.58496795171211,13.179863404433373,13.584967951712112,13.179863404433375,13.179863404433373,20.203574880043778,13.179863404433373,20.203574880043778,20.203574880043778,4.295562549802675,9.130656188253344,9.130656188253342,13.179863404433373,13.179863404433371,13.179863404433371,13.179863404433373,13.58496795171211,13.179863404433371,13.179863404433373,13.179863404433373,5.467300198468971,20.203574880043778,9.130656188253344,13.179863404433375,13.179863404433373,13.179863404433373,13.179863404433371,13.179863404433371,13.179863404433371,13.179863404433373,13.58496795171211,13.58496795171211,13.58496795171211,9.130656188253344,9.130656188253345,5.737194318932164,5.467300198468971,13.179863404433373,13.179863404433373,13.179863404433373,13.58496795171211,13.584967951712112,13.179863404433373,13.179863404433373,13.179863404433373,13.179863404433375,13.58496795171211
T118,20.203574880043774,20.203574880043778,13.179863404433371,10.319929406503602,13.179863404433375,3.847409919979598,7.235889181701199,13.58496795171211,13.58496795171211,13.58496795171211,13.58496795171211,7.2358891817011965,13.584967951712114,10.319929406503602,20.203574880043778,20.203574880043778,20.203574880043774,10.319929406503604,10.319929406503606,10.319929406503604,10.319929406503604,10.319929406503602,10.319929406503602,8.628624096335662,20.203574880043778,20.203574880043774,20.203574880043774,20.203574880043778,20.203574880043778,10.319929406503606,10.319929406503606,10.319929406503602,10.319929406503606,8.628624096335662,8.628624096335662,8.628624096335662,7.235889181701197,13.179863404433371,13.179863404433373,0.0,1.348834846260251,1.348834846260251,13.58496795171211,13.58496795171211,13.58496795171211,13.58496795171211,13.58496795171211,13.584967951712114,13.58496795171211,8.628624096335662,20.203574880043778,13.179863404433371,13.179863404433371,13.179863404433373,13.179863404433371,13.179863404433373,10.319929406503602,10.319929406503602,10.319929406503602,8.628624096335662,13.58496795171211,13.584967951712112,13.179863404433373,20.203574880043778,20.203574880043778,20.203574880043774,20.203574880043778,13.179863404433375,13.179863404433373,10.319929406503602,10.319929406503602,6.083105547433789,13.58496795171211,20.203574880043778,20.203574880043774,20.203574880043778,20.203574880043778,10.319929406503602,8.628624096335662,6.083105547433789,6.0831055474337905,7.2358891817011965,3.8474099199795986,10.319929406503602,20.203574880043778,20.203574880043778,13.179863404433373,13.179863404433375,10.319929406503604,10.319929406503604,10.319929406503602,8.628624096335662,3.8474099199795986,13.58496795171211,13.179863404433371,13.179863404433371,13.179863404433371,13.179863404433373,13.179863404433373,13.179863404433375,13.179863404433373,10.319929406503606,10.319929406503604,10.319929406503604,13.58496795171211,8.628624096335662,7.235889181701197,20.203574880043778,13.179863404433375,10.319929406503602,10.319929406503606,10.319929406503602,8.628624096335662,8.628624096335662,6.083105547433789,13.58496795171211,13.58496795171211,10.319929406503602,3.8474099199795986,13.584967951712112,13.179863404433371,13.179863404433375,13.179863404433373,10.319929406503602,13.179863404433375,20.203574880043774,13.179863404433373,10.319929406503604,10.319929406503604,10.319929406503604,13.58496795171211,20.203574880043778,20.203574880043778,13.179863404433371,13.179863404433373,10.319929406503602,10.319929406503604,10.319929406503606,10.319929406503606,10.319929406503604,10.319929406503602,13.58496795171211,13.58496795171211,13.58496795171211,3.8474099199795986,20.203574880043778,10.319929406503606,10.319929406503604,10.319929406503602,6.083105547433789,7.235889181701197,13.58496795171211,13.58496795171211,13.58496795171211,7.2358891817011965,13.584967951712112,8.628624096335662,3.847409919979598,20.203574880043778,10.319929406503604,20.203574880043778,20.203574880043778,13.179863404433371,13.179863404433373,13.179863404433371,10.319929406503604,10.319929406503602,10.319929406503602,1.348834846260251,13.58496795171211,10.319929406503602,0.8142186779547724,3.8474099199795986,13.179863404433371,20.203574880043778,13.179863404433373,10.319929406503606,10.319929406503604,10.319929406503604,10.319929406503602,10.319929406503602,10.319929406503602,3.847409919979598,13.58496795171211,13.58496795171211,13.58496795171211,13.179863404433373,13.179863404433375,13.179863404433371,13.179863404433371,10.319929406503604,10.319929406503604,8.62862409633566,13.58496795171211,13.584967951712112,10.319929406503604,7.2358891817011965,3.847409919979598,7.235889181701197,13.58496795171211
T34,20.203574880043774,20.203574880043778,13.179863404433371,10.319929406503602,13.179863404433375,3.847409919979598,7.235889181701199,13.58496795171211,13.58496795171211,13.58496795171211,13.58496795171211,7.2358891817011965,13.584967951712114,10.319929406503602,20.203574880043778,20.203574880043778,20.203574880043774,10.319929406503604,10.319929406503606,10.319929406503604,10.319929406503604,10.319929406503602,10.319929406503602,8.628624096335662,20.203574880043778,20.203574880043774,20.203574880043774,20.203574880043778,20.203574880043778,10.319929406503606,10.319929406503606,10.319929406503602,10.319929406503606,8.628624096335662,8.628624096335662,8.628624096335662,7.235889181701197,13.179863404433371,13.179863404433373,1.348834846260251,0.0,0.1626647517567708,13.58496795171211,13.58496795171211,13.58496795171211,13.58496795171211,13.58496795171211,13.584967951712114,13.58496795171211,8.628624096335662,20.203574880043778,13.179863404433371,13.179863404433371,13.179863404433373,13.179863404433371,13.179863404433373,10.319929406503602,10.319929406503602,10.319929406503602,8.628624096335662,13.58496795171211,13.584967951712112,13.179863404433373,20.203574880043778,20.203574880043778,20.203574880043774,20.203574880043778,13.179863404433375,13.179863404433373,10.319929406503602,10.319929406503602,6.083105547433789,13.58496795171211,20.203574880043778,20.203574880043774,20.203574880043778,20.203574880043778,10.319929406503602,8.628624096335662,6.083105547433789,6.0831055474337905,7.2358891817011965,3.8474099199795986,10.319929406503602,20.203574880043778,20.203574880043778,13.179863404433373,13.179863404433375,10.319929406503604,10.319929406503604,10.319929406503602,8.628624096335662,3.8474099199795986,13.58496795171211,13.179863404433371,13.179863404433371,13.179863404433371,13.179863404433373,13.179863404433373,13.179863404433375,13.179863404433373,10.319929406503606,10.319929406503604,10.319929406503604,13.58496795171211,8.628624096335662,7.235889181701197,20.203574880043778,13.179863404433375,10.319929406503602,10.319929406503606,10.319929406503602,8.628624096335662,8.628624096335662,6.083105547433789,13.58496795171211,13.58496795171211,10.319929406503602,3.8474099199795986,13.584967951712112,13.179863404433371,13.179863404433375,13.179863404433373,10.319929406503602,13.179863404433375,20.203574880043774,13.179863404433373,10.319929406503604,10.319929406503604,10.319929406503604,13.58496795171211,20.203574880043778,20.203574880043778,13.179863404433371,13.179863404433373,10.319929406503602,10.319929406503604,10.319929406503606,10.319929406503606,10.319929406503604,10.319929406503602,13.58496795171211,13.58496795171211,13.58496795171211,3.8474099199795986,20.203574880043778,10.319929406503606,10.319929406503604,10.319929406503602,6.083105547433789,7.235889181701197,13.58496795171211,13.58496795171211,13.58496795171211,7.2358891817011965,13.584967951712112,8.628624096335662,3.847409919979598,20.203574880043778,10.319929406503604,20.203574880043778,20.203574880043778,13.179863404433371,13.179863404433373,13.179863404433371,10.319929406503604,10.319929406503602,10.319929406503602,0.8500200815092624,13.58496795171211,10.319929406503602,1.348834846260251,3.8474099199795986,13.179863404433371,20.203574880043778,13.179863404433373,10.319929406503606,10.319929406503604,10.319929406503604,10.319929406503602,10.319929406503602,10.319929406503602,3.847409919979598,13.58496795171211,13.58496795171211,13.58496795171211,13.179863404433373,13.179863404433375,13.179863404433371,13.179863404433371,10.319929406503604,10.319929406503604,8.62862409633566,13.58496795171211,13.584967951712112,10.319929406503604,7.2358891817011965,3.847409919979598,7.235889181701197,13.58496795171211
T18,20.203574880043774,20.203574880043778,13.179863404433371,10.319929406503602,13.179863404433375,3.847409919979598,7.235889181701199,13.58496795171211,13.58496795171211,13.58496795171211,13.58496795171211,7.2358891817011965,13.584967951712114,10.319929406503602,20.203574880043778,20.203574880043778,20.203574880043774,10.319929406503604,10.319929406503606,10.319929406503604,10.319929406503604,10.319929406503602,10.319929406503602,8.628624096335662,20.203574880043778,20.203574880043774,20.203574880043774,20.203574880043778,20.203574880043778,10.319929406503606,10.319929406503606,10.319929406503602,10.319929406503606,8.628624096335662,8.628624096335662,8.628624096335662,7.235889181701197,13.179863404433371,13.179863404433373,1.348834846260251,0.1626647517567708,0.0,13.58496795171211,13.58496795171211,13.58496795171211,13.58496795171211,13.58496795171211,13.584967951712114,13.58496795171211,8.628624096335662,20.203574880043778,13.179863404433371,13.179863404433371,13.179863404433373,13.179863404433371,13.179863404433373,10.319929406503602,10.319929406503602,10.319929406503602,8.628624096335662,13.58496795171211,13.584967951712112,13.179863404433373,20.203574880043778,20.203574880043778,20.203574880043774,20.203574880043778,13.179863404433375,13.179863404433373,10.319929406503602,10.319929406503602,6.083105547433789,13.58496795171211,20.203574880043778,20.203574880043774,20.203574880043778,20.203574880043778,10.319929406503602,8.628624096335662,6.083105547433789,6.0831055474337905,7.2358891817011965,3.8474099199795986,10.319929406503602,20.203574880043778,20.203574880043778,13.179863404433373,13.179863404433375,10.319929406503604,10.319929406503604,10.319929406503602,8.628624096335662,3.8474099199795986,13.58496795171211,13.179863404433371,13.179863404433371,13.179863404433371,13.179863404433373,13.179863404433373,13.179863404433375,13.179863404433373,10.319929406503606,10.319929406503604,10.319929406503604,13.58496795171211,8.628624096335662,7.235889181701197,20.203574880043778,13.179863404433375,10.319929406503602,10.319929406503606,10.319929406503602,8.628624096335662,8.628624096335662,6.083105547433789,13.58496795171211,13.58496795171211,10.319929406503602,3.8474099199795986,13.584967951712112,13.179863404433371,13.179863404433375,13.179863404433373,10.319929406503602,13.179863404433375,20.203574880043774,13.179863404433373,10.319929406503604,10.319929406503604,10.319929406503604,13.58496795171211,20.203574880043778,20.203574880043778,13.179863404433371,13.179863404433373,10.319929406503602,10.319929406503604,10.319929406503606,10.319929406503606,10.319929406503604,10.319929406503602,13.58496795171211,13.58496795171211,13.58496795171211,3.8474099199795986,20.203574880043778,10.319929406503606,10.319929406503604,10.319929406503602,6.083105547433789,7.235889181701197,13.58496795171211,13.58496795171211,13.58496795171211,7.2358891817011965,13.584967951712112,8.628624096335662,3.847409919979598,20.203574880043778,10.319929406503604,20.203574880043778,20.203574880043778,13.179863404433371,13.179863404433373,13.179863404433371,10.319929406503604,10.319929406503602,10.319929406503602,0.8500200815092624,13.58496795171211,10.319929406503602,1.348834846260251,3.8474099199795986,13.179863404433371,20.203574880043778,13.179863404433373,10.319929406503606,10.319929406503604,10.319929406503604,10.319929406503602,10.319929406503602,10.319929406503602,3.847409919979598,13.58496795171211,13.58496795171211,13.58496795171211,13.179863404433373,13.179863404433375,13.179863404433371,13.179863404433371,10.319929406503604,10.319929406503604,8.62862409633566,13.58496795171211,13.584967951712112,10.319929406503604,7.2358891817011965,3.847409919979598,7.235889181701197,13.58496795171211
T102,20.203574880043774,20.203574880043778,13.584967951712109,13.584967951712109,13.58496795171211,13.58496795171211,13.584967951712112,2.765865610216939,2.758288618266965,2.758288618266965,10.957120558947592,13.58496795171211,10.957120558947594,13.584967951712109,20.203574880043778,20.203574880043778,20.203574880043774,13.58496795171211,13.58496795171211,13.58496795171211,13.58496795171211,13.584967951712109,13.584967951712109,13.58496795171211,20.203574880043778,20.203574880043774,20.203574880043774,20.203574880043778,20.203574880043778,13.58496795171211,13.58496795171211,13.584967951712109,13.58496795171211,13.58496795171211,13.58496795171211,13.58496795171211,13.58496795171211,13.584967951712109,13.58496795171211,13.58496795171211,13.58496795171211,13.58496795171211,0.0,10.957120558947592,10.957120558947592,10.957120558947592,2.7658656102169394,10.957120558947594,10.957120558947592,13.58496795171211,20.203574880043778,13.584967951712109,13.584967951712109,13.58496795171211,13.584967951712109,13.58496795171211,13.584967951712109,13.584967951712109,13.584967951712109,13.58496795171211,2.7658656102169394,10.957120558947592,13.58496795171211,20.203574880043778,20.203574880043778,20.203574880043774,20.203574880043778,13.58496795171211,13.58496795171211,13.584967951712109,13.584967951712109,13.58496795171211,2.758288618266965,20.203574880043778,20.203574880043774,20.203574880043778,20.203574880043778,13.584967951712109,13.58496795171211,13.58496795171211,13.58496795171211,13.58496795171211,13.58496795171211,13.584967951712109,20.203574880043778,20.203574880043778,13.58496795171211,13.58496795171211,13.58496795171211,13.58496795171211,13.584967951712109,13.58496795171211,13.58496795171211,2.758288618266965,13.584967951712109,13.584967951712109,13.584967951712109,13.58496795171211,13.58496795171211,13.58496795171211,13.58496795171211,13.58496795171211,13.58496795171211,13.58496795171211,10.957120558947592,13.58496795171211,13.58496795171211,20.203574880043778,13.58496795171211,13.584967951712109,13.58496795171211,13.584967951712109,13.58496795171211,13.58496795171211,13.58496795171211,2.765865610216939,10.957120558947592,13.584967951712109,13.58496795171211,10.957120558947592,13.584967951712109,13.58496795171211,13.58496795171211,13.584967951712109,13.58496795171211,20.203574880043774,13.58496795171211,13.58496795171211,13.58496795171211,13.58496795171211,10.957120558947592,20.203574880043778,20.203574880043778,13.584967951712109,13.58496795171211,13.584967951712109,13.58496795171211,13.58496795171211,13.58496795171211,13.58496795171211,13.584967951712109,5.552367763166497,5.552367763166497,10.957120558947592,13.58496795171211,20.203574880043778,13.58496795171211,13.58496795171211,13.584967951712109,13.58496795171211,13.58496795171211,10.957120558947592,10.957120558947592,10.957120558947592,13.58496795171211,10.957120558947592,13.58496795171211,13.58496795171211,20.203574880043778,13.58496795171211,20.203574880043778,20.203574880043778,13.584967951712109,13.58496795171211,13.584967951712109,13.58496795171211,13.584967951712109,13.584967951712109,13.58496795171211,10.957120558947592,13.584967951712109,13.58496795171211,13.58496795171211,13.584967951712109,20.203574880043778,13.58496795171211,13.58496795171211,13.58496795171211,13.58496795171211,13.584967951712109,13.584967951712109,13.584967951712109,13.58496795171211,10.957120558947592,0.5709601818379266,10.957120558947592,13.58496795171211,13.58496795171211,13.584967951712109,13.584967951712109,13.58496795171211,13.58496795171211,13.58496795171211,0.5709601818379266,10.957120558947592,13.58496795171211,13.58496795171211,13.58496795171211,13.58496795171211,2.758288618266965
T160,20.203574880043778,20.203574880043778,13.58496795171211,13.58496795171211,13.584967951712112,13.58496795171211,13.584967951712114,10.957120558947592,10.957120558947592,10.957120558947592,10.0340299622269,13.58496795171211,8.72087458164532,13.58496795171211,20.203574880043778,20.203574880043778,20.203574880043778,13.58496795171211,13.584967951712112,13.58496795171211,13.58496795171211,13.58496795171211,13.58496795171211,13.584967951712112,20.203574880043778,20.203574880043778,20.203574880043778,20.203574880043778,20.203574880043778,13.584967951712112,13.584967951712112,13.58496795171211,13.584967951712112,13.584967951712112,13.584967951712112,13.584967951712112,13.584967951712112,13.58496795171211,13.58496795171211,13.58496795171211,13.58496795171211,13.58496795171211,10.957120558947592,0.0,10.0340299622269,10.0340299622269,10.957120558947592,2.9888319765343403,10.0340299622269,13.584967951712112,20.203574880043778,13.58496795171211,13.58496795171211,13.58496795171211,13.58496795171211,13.58496795171211,13.58496795171211,13.58496795171211,13.58496795171211,13.584967951712114,10.957120558947592,8.720874581645319,13.58496795171211,20.203574880043778,20.203574880043778,20.203574880043778,20.203574880043778,13.584967951712112,13.58496795171211,13.58496795171211,13.58496795171211,13.58496795171211,10.957120558947592,20.203574880043778,20.203574880043778,20.203574880043778,20.203574880043778,13.58496795171211,13.584967951712112,13.58496795171211,13.584967951712114,13.58496795171211,13.58496795171211,13.58496795171211,20.203574880043778,20.203574880043778,13.58496795171211,13.584967951712114,13.58496795171211,13.58496795171211,13.58496795171211,13.584967951712112,13.58496795171211,10.957120558947592,13.58496795171211,13.58496795171211,13.58496795171211,13.58496795171211,13.58496795171211,13.584967951712114,13.58496795171211,13.584967951712112,13.58496795171211,13.58496795171211,10.0340299622269,13.584967951712112,13.584967951712112,20.203574880043778,13.584967951712114,13.58496795171211,13.584967951712112,13.58496795171211,13.584967951712114,13.584967951712112,13.58496795171211,10.957120558947592,10.0340299622269,13.58496795171211,13.58496795171211,8.720874581645319,13.58496795171211,13.584967951712112,13.58496795171211,13.58496795171211,13.584967951712112,20.203574880043778,13.58496795171211,13.58496795171211,13.58496795171211,13.58496795171211,10.0340299622269,20.203574880043778,20.203574880043778,13.58496795171211,13.58496795171211,13.58496795171211,13.58496795171211,13.584967951712114,13.584967951712112,13.58496795171211,13.58496795171211,10.957120558947592,10.957120558947592,0.47468769368151026,13.58496795171211,20.203574880043778,13.584967951712112,13.58496795171211,13.58496795171211,13.58496795171211,13.584967951712112,10.0340299622269,10.0340299622269,10.0340299622269,13.58496795171211,8.720874581645319,13.584967951712114,13.58496795171211,20.203574880043778,13.58496795171211,20.203574880043778,20.203574880043778,13.58496795171211,13.58496795171211,13.58496795171211,13.58496795171211,13.58496795171211,13.58496795171211,13.58496795171211,10.0340299622269,13.58496795171211,13.58496795171211,13.58496795171211,13.58496795171211,20.203574880043778,13.58496795171211,13.584967951712112,13.58496795171211,13.58496795171211,13.58496795171211,13.58496795171211,13.58496795171211,13.58496795171211,10.0340299622269,10.957120558947592,10.0340299622269,13.58496795171211,13.584967951712114,13.58496795171211,13.58496795171211,13.58496795171211,13.58496795171211,13.58496795171211,10.957120558947592,8.720874581645319,13.58496795171211,13.58496795171211,13.58496795171211,13.584967951712112,10.957120558947592
T144,20.203574880043774,20.203574880043778,13.58496795171211,13.58496795171211,13.58496795171211,13.58496795171211,13.584967951712114,10.957120558947592,10.957120558947592,10.957120558947592,3.8591075589156874,13.58496795171211,10.0340299622269,13.58496795171211,20.203574880043778,20.203574880043778,20.203574880043774,13.58496795171211,13.58496795171211,13.58496795171211,13.58496795171211,13.58496795171211,13.58496795171211,13.58496795171211,20.203574880043778,20.203574880043774,20.203574880043774,20.203574880043778,20.203574880043778,13.58496795171211,13.58496795171211,13.58496795171211,13.58496795171211,13.58496795171211,13.58496795171211,13.58496795171211,13.58496795171211,13.58496795171211,13.58496795171211,13.58496795171211,13.58496795171211,13.58496795171211,10.957120558947592,10.0340299622269,0.0,3.8591075589156874,10.957120558947592,10.0340299622269,3.8591075589156874,13.58496795171211,20.203574880043778,13.58496795171211,13.58496795171211,13.58496795171211,13.58496795171211,13.58496795171211,13.58496795171211,13.58496795171211,13.58496795171211,13.584967951712112,10.957120558947592,10.0340299622269,13.58496795171211,20.203574880043778,20.203574880043778,20.203574880043774,20.203574880043778,13.58496795171211,13.58496795171211,13.58496795171211,13.58496795171211,13.58496795171211,10.957120558947592,20.203574880043778,20.203574880043774,20.203574880043778,20.203574880043778,13.58496795171211,13.58496795171211,13.58496795171211,13.584967951712112,13.58496795171211,13.58496795171211,13.58496795171211,20.203574880043778,20.203574880043778,13.58496795171211,13.584967951712112,13.58496795171211,13.58496795171211,13.58496795171211,13.58496795171211,13.58496795171211,10.957120558947592,13.58496795171211,13.58496795171211,13.58496795171211,13.58496795171211,13.58496795171211,13.584967951712112,13.58496795171211,13.58496795171211,13.58496795171211,13.58496795171211,0.32793561351467343,13.58496795171211,13.58496795171211,20.203574880043778,13.584967951712112,13.58496795171211,13.58496795171211,13.58496795171211,13.584967951712112,13.58496795171211,13.58496795171211,10.957120558947592,3.8591075589156874,13.58496795171211,13.58496795171211,10.0340299622269,13.58496795171211,13.58496795171211,13.58496795171211,13.58496795171211,13.58496795171211,20.203574880043774,13.58496795171211,13.58496795171211,13.58496795171211,13.58496795171211,0.10861755006882098,20.203574880043778,20.203574880043778,13.58496795171211,13.58496795171211,13.58496795171211,13.58496795171211,13.584967951712112,13.58496795171211,13.58496795171211,13.58496795171211,10.957120558947592,10.957120558947592,10.0340299622269,13.58496795171211,20.203574880043778,13.58496795171211,13.58496795171211,13.58496795171211,13.58496795171211,13.58496795171211,3.8591075589156874,3.8591075589156874,3.8591075589156874,13.58496795171211,10.0340299622269,13.584967951712112,13.58496795171211,20.203574880043778,13.58496795171211,20.203574880043778,20.203574880043778,13.58496795171211,13.58496795171211,13.58496795171211,13.58496795171211,13.58496795171211,13.58496795171211,13.58496795171211,3.8591075589156874,13.58496795171211,13.58496795171211,13.58496795171211,13.58496795171211,20.203574880043778,13.58496795171211,13.58496795171211,13.58496795171211,13.58496795171211,13.58496795171211,13.58496795171211,13.58496795171211,13.58496795171211,0.32793561351467343,10.957120558947592,3.8591075589156874,13.58496795171211,13.584967951712112,13.58496795171211,13.58496795171211,13.58496795171211,13.58496795171211,13.58496795171211,10.957120558947592,10.0340299622269,13.58496795171211,13.58496795171211,13.58496795171211,13.58496795171211,10.957120558947592
T60,20.203574880043774,20.203574880043778,13.58496795171211,13.58496795171211,13.58496795171211,13.58496795171211,13.584967951712114,10.957120558947592,10.957120558947592,10.957120558947592,3.7986339010459864,13.58496795171211,10.0340299622269,13.58496795171211,20.203574880043778,20.203574880043778,20.203574880043774,13.58496795171211,13.58496795171211,13.58496795171211,13.58496795171211,13.58496795171211,13.58496795171211,13.58496795171211,20.203574880043778,20.203574880043774,20.203574880043774,20.203574880043778,20.203574880043778,13.58496795171211,13.58496795171211,13.58496795171211,13.58496795171211,13.58496795171211,13.58496795171211,13.58496795171211,13.58496795171211,13.58496795171211,13.58496795171211,13.58496795171211,13.58496795171211,13.58496795171211,10.957120558947592,10.0340299622269,3.8591075589156874,0.0,10.957120558947592,10.0340299622269,3.7986339010459864,13.58496795171211,20.203574880043778,13.58496795171211,13.58496795171211,13.58496795171211,13.58496795171211,13.58496795171211,13.58496795171211,13.58496795171211,13.58496795171211,13.584967951712112,10.957120558947592,10.0340299622269,13.58496795171211,20.203574880043778,20.203574880043778,20.203574880043774,20.203574880043778,13.58496795171211,13.58496795171211,13.58496795171211,13.58496795171211,13.58496795171211,10.957120558947592,20.203574880043778,20.203574880043774,20.203574880043778,20.203574880043778,13.58496795171211,13.58496795171211,13.58496795171211,13.584967951712112,13.58496795171211,13.58496795171211,13.58496795171211,20.203574880043778,20.203574880043778,13.58496795171211,13.584967951712112,13.58496795171211,13.58496795171211,13.58496795171211,13.58496795171211,13.58496795171211,10.957120558947592,13.58496795171211,13.58496795171211,13.58496795171211,13.58496795171211,13.58496795171211,13.584967951712112,13.58496795171211,13.58496795171211,13.58496795171211,13.58496795171211,3.8591075589156874,13.58496795171211,13.58496795171211,20.203574880043778,13.584967951712112,13.58496795171211,13.58496795171211,13.58496795171211,13.584967951712112,13.58496795171211,13.58496795171211,10.957120558947592,3.7986339010459864,13.58496795171211,13.58496795171211,10.0340299622269,13.58496795171211,13.58496795171211,13.58496795171211,13.58496795171211,13.58496795171211,20.203574880043774,13.58496795171211,13.58496795171211,13.58496795171211,13.58496795171211,3.8591075589156874,20.203574880043778,20.203574880043778,13.58496795171211,13.58496795171211,13.58496795171211,13.58496795171211,13.584967951712112,13.58496795171211,13.58496795171211,13.58496795171211,10.957120558947592,10.957120558947592,10.0340299622269,13.58496795171211,20.203574880043778,13.58496795171211,13.58496795171211,13.58496795171211,13.58496795171211,13.58496795171211,3.7986339010459864,1.2857228832268732,1.2857228832268732,13.58496795171211,10.0340299622269,13.584967951712112,13.58496795171211,20.203574880043778,13.58496795171211,20.203574880043778,20.203574880043778,13.58496795171211,13.58496795171211,13.58496795171211,13.58496795171211,13.58496795171211,13.58496795171211,13.58496795171211,1.2857228832268737,13.58496795171211,13.58496795171211,13.58496795171211,13.58496795171211,20.203574880043778,13.58496795171211,13.58496795171211,13.58496795171211,13.58496795171211,13.58496795171211,13.58496795171211,13.58496795171211,13.58496795171211,3.8591075589156874,10.957120558947592,3.7986339010459864,13.58496795171211,13.584967951712112,13.58496795171211,13.58496795171211,13.58496795171211,13.58496795171211,13.58496795171211,10.957120558947592,10.0340299622269,13.58496795171211,13.58496795171211,13.58496795171211,13.58496795171211,10.957120558947592
T83,20.203574880043774,20.203574880043778,13.584967951712109,13.584967951712109,13.58496795171211,13.58496795171211,13.584967951712112,0.615631809835822,2.7658656102169394,2.7658656102169394,10.957120558947592,13.58496795171211,10.957120558947594,13.584967951712109,20.203574880043778,20.203574880043778,20.203574880043774,13.58496795171211,13.58496795171211,13.58496795171211,13.58496795171211,13.584967951712109,13.584967951712109,13.58496795171211,20.203574880043778,20.203574880043774,20.203574880043774,20.203574880043778,20.203574880043778,13.58496795171211,13.58496795171211,13.584967951712109,13.58496795171211,13.58496795171211,13.58496795171211,13.58496795171211,13.58496795171211,13.584967951712109,13.58496795171211,13.58496795171211,13.58496795171211,13.58496795171211,2.7658656102169394,10.957120558947592,10.957120558947592,10.957120558947592,0.0,10.957120558947594,10.957120558947592,13.58496795171211,20.203574880043778,13.584967951712109,13.584967951712109,13.58496795171211,13.584967951712109,13.58496795171211,13.584967951712109,13.584967951712109,13.584967951712109,13.58496795171211,0.5630516966328276,10.957120558947592,13.58496795171211,20.203574880043778,20.203574880043778,20.203574880043774,20.203574880043778,13.58496795171211,13.58496795171211,13.584967951712109,13.584967951712109,13.58496795171211,2.7658656102169394,20.203574880043778,20.203574880043774,20.203574880043778,20.203574880043778,13.584967951712109,13.58496795171211,13.58496795171211,13.58496795171211,13.58496795171211,13.58496795171211,13.584967951712109,20.203574880043778,20.203574880043778,13.58496795171211,13.58496795171211,13.58496795171211,13.58496795171211,13.584967951712109,13.58496795171211,13.58496795171211,2.7658656102169394,13.584967951712109,13.584967951712109,13.584967951712109,13.58496795171211,13.58496795171211,13.58496795171211,13.58496795171211,13.58496795171211,13.58496795171211,13.58496795171211,10.957120558947592,13.58496795171211,13.58496795171211,20.203574880043778,13.58496795171211,13.584967951712109,13.58496795171211,13.584967951712109,13.58496795171211,13.58496795171211,13.58496795171211,0.8580723712692133,10.957120558947592,13.584967951712109,13.58496795171211,10.957120558947592,13.584967951712109,13.58496795171211,13.58496795171211,13.584967951712109,13.58496795171211,20.203574880043774,13.58496795171211,13.58496795171211,13.58496795171211,13.58496795171211,10.957120558947592,20.203574880043778,20.203574880043778,13.584967951712109,13.58496795171211,13.584967951712109,13.58496795171211,13.58496795171211,13.58496795171211,13.58496795171211,13.584967951712109,5.552367763166497,5.552367763166497,10.957120558947592,13.58496795171211,20.203574880043778,13.58496795171211,13.58496795171211,13.584967951712109,13.58496795171211,13.58496795171211,10.957120558947592,10.957120558947592,10.957120558947592,13.58496795171211,10.957120558947592,13.58496795171211,13.58496795171211,20.203574880043778,13.58496795171211,20.203574880043778,20.203574880043778,13.584967951712109,13.58496795171211,13.584967951712109,13.58496795171211,13.584967951712109,13.584967951712109,13.58496795171211,10.957120558947592,13.584967951712109,13.58496795171211,13.58496795171211,13.584967951712109,20.203574880043778,13.58496795171211,13.58496795171211,13.58496795171211,13.58496795171211,13.584967951712109,13.584967951712109,13.584967951712109,13.58496795171211,10.957120558947592,2.7658656102169394,10.957120558947592,13.58496795171211,13.58496795171211,13.584967951712109,13.584967951712109,13.58496795171211,13.58496795171211,13.58496795171211,2.7658656102169394,10.957120558947592,13.58496795171211,13.58496795171211,13.58496795171211,13.58496795171211,2.7658656102169394
T65,20.203574880043778,20.20357488004378,13.584967951712112,13.584967951712112,13.584967951712114,13.584967951712114,13.584967951712116,10.957120558947594,10.957120558947594,10.957120558947594,10.034029962226901,13.584967951712114,8.720874581645322,13.584967951712112,20.203574880043778,20.203574880043778,20.203574880043778,13.584967951712114,13.584967951712114,13.584967951712114,13.584967951712114,13.584967951712112,13.584967951712112,13.584967951712114,20.203574880043778,20.203574880043778,20.203574880043778,20.203574880043778,20.20357488004378,13.584967951712114,13.584967951712114,13.584967951712112,13.584967951712114,13.584967951712114,13.584967951712114,13.584967951712114,13.584967951712114,13.584967951712112,13.584967951712114,13.584967951712114,13.584967951712114,13.584967951712114,10.957120558947594,2.9888319765343403,10.0340299622269,10.0340299622269,10.957120558947594,0.0,10.034029962226901,13.584967951712114,20.20357488004378,13.584967951712112,13.584967951712112,13.584967951712114,13.584967951712112,13.584967951712114,13.584967951712112,13.584967951712112,13.584967951712112,13.584967951712114,10.957120558947594,8.72087458164532,13.584967951712114,20.203574880043778,20.203574880043778,20.203574880043778,20.203574880043778,13.584967951712114,13.584967951712114,13.584967951712112,13.584967951712112,13.584967951712114,10.957120558947594,20.203574880043778,20.203574880043778,20.203574880043778,20.203574880043778,13.584967951712112,13.584967951712114,13.584967951712114,13.584967951712114,13.584967951712114,13.584967951712114,13.584967951712112,20.203574880043778,20.203574880043778,13.584967951712114,13.584967951712114,13.584967951712114,13.584967951712114,13.584967951712112,13.584967951712114,13.584967951712114,10.957120558947594,13.584967951712112,13.584967951712112,13.584967951712112,13.584967951712114,13.584967951712114,13.584967951712114,13.584967951712114,13.584967951712114,13.584967951712114,13.584967951712114,10.0340299622269,13.584967951712114,13.584967951712114,20.203574880043778,13.584967951712114,13.584967951712112,13.584967951712114,13.584967951712112,13.584967951712114,13.584967951712114,13.584967951712114,10.957120558947594,10.034029962226901,13.584967951712112,13.584967951712114,8.72087458164532,13.584967951712112,13.584967951712114,13.584967951712114,13.584967951712112,13.584967951712114,20.203574880043778,13.584967951712114,13.584967951712114,13.584967951712114,13.584967951712114,10.0340299622269,20.203574880043778,20.203574880043778,13.584967951712112,13.584967951712114,13.584967951712112,13.584967951712114,13.584967951712114,13.584967951712114,13.584967951712114,13.584967951712112,10.957120558947596,10.957120558947596,2.9888319765343403,13.584967951712114,20.203574880043778,13.584967951712114,13.584967951712114,13.584967951712112,13.584967951712114,13.584967951712114,10.034029962226901,10.0340299622269,10.0340299622269,13.584967951712114,8.72087458164532,13.584967951712114,13.584967951712114,20.20357488004378,13.584967951712114,20.203574880043778,20.203574880043778,13.584967951712112,13.584967951712114,13.584967951712112,13.584967951712114,13.584967951712112,13.584967951712112,13.584967951712114,10.034029962226901,13.584967951712112,13.584967951712114,13.584967951712114,13.584967951712112,20.203574880043778,13.584967951712114,13.584967951712114,13.584967951712114,13.584967951712114,13.584967951712112,13.584967951712112,13.584967951712112,13.584967951712114,10.0340299622269,10.957120558947594,10.034029962226901,13.584967951712114,13.584967951712114,13.584967951712112,13.584967951712112,13.584967951712114,13.584967951712114,13.584967951712114,10.957120558947594,8.72087458164532,13.584967951712114,13.584967951712114,13.584967951712114,13.584967951712114,10.957120558947594
T23,20.203574880043778,20.203574880043778,13.58496795171211,13.58496795171211,13.584967951712112,13.58496795171211,13.584967951712114,10.957120558947592,10.957120558947592,10.957120558947592,0.9766682901858746,13.58496795171211,10.034029962226901,13.58496795171211,20.203574880043778,20.203574880043778,20.203574880043778,13.58496795171211,13.584967951712112,13.58496795171211,13.58496795171211,13.58496795171211,13.58496795171211,13.584967951712112,20.203574880043778,20.203574880043778,20.203574880043778,20.203574880043778,20.203574880043778,13.584967951712112,13.584967951712112,13.58496795171211,13.584967951712112,13.584967951712112,13.584967951712112,13.584967951712112,13.584967951712112,13.58496795171211,13.58496795171211,13.58496795171211,13.58496795171211,13.58496795171211,10.957120558947592,10.0340299622269,3.8591075589156874,3.7986339010459864,10.957120558947592,10.034029962226901,0.0,13.584967951712112,20.203574880043778,13.58496795171211,13.58496795171211,13.58496795171211,13.58496795171211,13.58496795171211,13.58496795171211,13.58496795171211,13.58496795171211,13.584967951712114,10.957120558947592,10.0340299622269,13.58496795171211,20.203574880043778,20.203574880043778,20.203574880043778,20.203574880043778,13.584967951712112,13.58496795171211,13.58496795171211,13.58496795171211,13.58496795171211,10.957120558947592,20.203574880043778,20.203574880043778,20.203574880043778,20.203574880043778,13.58496795171211,13.584967951712112,13.58496795171211,13.584967951712114,13.58496795171211,13.58496795171211,13.58496795171211,20.203574880043778,20.203574880043778,13.58496795171211,13.584967951712114,13.58496795171211,13.58496795171211,13.58496795171211,13.584967951712112,13.58496795171211,10.957120558947592,13.58496795171211,13.58496795171211,13.58496795171211,13.58496795171211,13.58496795171211,13.584967951712114,13.58496795171211,13.584967951712112,13.58496795171211,13.58496795171211,3.8591075589156874,13.584967951712112,13.584967951712112,20.203574880043778,13.584967951712114,13.58496795171211,13.584967951712112,13.58496795171211,13.584967951712114,13.584967951712112,13.58496795171211,10.957120558947592,0.9766682901858746,13.58496795171211,13.58496795171211,10.0340299622269,13.58496795171211,13.584967951712112,13.58496795171211,13.58496795171211,13.584967951712112,20.203574880043778,13.58496795171211,13.58496795171211,13.58496795171211,13.58496795171211,3.8591075589156874,20.203574880043778,20.203574880043778,13.58496795171211,13.58496795171211,13.58496795171211,13.58496795171211,13.584967951712114,13.584967951712112,13.58496795171211,13.58496795171211,10.957120558947592,10.957120558947592,10.0340299622269,13.58496795171211,20.203574880043778,13.584967951712112,13.58496795171211,13.58496795171211,13.58496795171211,13.584967951712112,0.1575759541672679,3.7986339010459864,3.7986339010459864,13.58496795171211,10.0340299622269,13.584967951712114,13.58496795171211,20.203574880043778,13.58496795171211,20.203574880043778,20.203574880043778,13.58496795171211,13.58496795171211,13.58496795171211,13.58496795171211,13.58496795171211,13.58496795171211,13.58496795171211,3.798633901045987,13.58496795171211,13.58496795171211,13.58496795171211,13.58496795171211,20.203574880043778,13.58496795171211,13.584967951712112,13.58496795171211,13.58496795171211,13.58496795171211,13.58496795171211,13.58496795171211,13.58496795171211,3.8591075589156874,10.957120558947592,0.7445408795938808,13.58496795171211,13.584967951712114,13.58496795171211,13.58496795171211,13.58496795171211,13.58496795171211,13.58496795171211,10.957120558947592,10.0340299622269,13.58496795171211,13.58496795171211,13.58496795171211,13.584967951712112,10.957120558947592
T3,20.203574880043778,20.203574880043778,13.179863404433373,10.319929406503604,13.179863404433375,8.628624096335662,8.628624096335663,13.58496795171211,13.58496795171211,13.58496795171211,13.584967951712112,8.62862409633566,13.584967951712114,10.319929406503604,20.203574880043778,20.203574880043778,20.203574880043778,10.319929406503606,10.319929406503606,10.319929406503606,10.319929406503606,10.319929406503604,10.319929406503604,6.102844446589002,20.203574880043778,20.203574880043778,20.203574880043778,20.203574880043778,20.203574880043778,10.319929406503606,10.319929406503606,10.319929406503604,10.319929406503606,0.15472737787975238,4.685229135010051,6.102844446589002,8.628624096335662,13.179863404433373,13.179863404433375,8.628624096335662,8.628624096335662,8.628624096335662,13.58496795171211,13.584967951712112,13.58496795171211,13.58496795171211,13.58496795171211,13.584967951712114,13.584967951712112,0.0,20.203574880043778,13.179863404433373,13.179863404433373,13.179863404433375,13.179863404433373,13.179863404433375,10.319929406503604,10.319929406503604,10.319929406503604,6.102844446589003,13.58496795171211,13.584967951712114,13.179863404433375,20.203574880043778,20.203574880043778,20.203574880043778,20.203574880043778,13.179863404433375,13.179863404433375,10.319929406503604,10.319929406503604,8.628624096335662,13.58496795171211,20.203574880043778,20.203574880043778,20.203574880043778,20.203574880043778,10.319929406503604,3.929127478608706,8.628624096335662,8.628624096335663,8.62862409633566,8.628624096335662,10.319929406503604,20.203574880043778,20.203574880043778,13.179863404433375,13.179863404433375,10.319929406503606,10.319929406503606,10.319929406503604,3.929127478608706,8.628624096335662,13.58496795171211,13.179863404433373,13.179863404433373,13.179863404433373,13.179863404433375,13.179863404433375,13.179863404433375,13.179863404433375,10.319929406503606,10.319929406503606,10.319929406503606,13.58496795171211,3.929127478608706,8.628624096335662,20.203574880043778,13.179863404433375,10.319929406503604,10.319929406503606,10.319929406503604,6.102844446589003,3.929127478608706,8.628624096335662,13.58496795171211,13.584967951712112,10.319929406503604,8.628624096335662,13.584967951712114,13.179863404433373,13.179863404433375,13.179863404433375,10.319929406503604,13.179863404433375,20.203574880043778,13.179863404433375,10.319929406503606,10.319929406503606,10.319929406503606,13.58496795171211,20.203574880043778,20.203574880043778,13.179863404433373,13.179863404433375,10.319929406503604,10.319929406503606,10.319929406503606,10.319929406503606,10.319929406503606,10.319929406503604,13.58496795171211,13.58496795171211,13.584967951712112,8.628624096335662,20.203574880043778,10.319929406503606,10.319929406503606,10.319929406503604,8.628624096335662,8.628624096335662,13.584967951712112,13.58496795171211,13.58496795171211,8.62862409633566,13.584967951712114,5.081186830526827,8.628624096335662,20.203574880043778,10.319929406503606,20.203574880043778,20.203574880043778,13.179863404433373,13.179863404433375,13.179863404433373,10.319929406503606,10.319929406503604,10.319929406503604,8.628624096335662,13.584967951712112,10.319929406503604,8.628624096335662,8.628624096335662,13.179863404433373,20.203574880043778,13.179863404433375,10.319929406503606,10.319929406503606,10.319929406503606,10.319929406503604,10.319929406503604,10.319929406503604,8.628624096335662,13.58496795171211,13.58496795171211,13.584967951712112,13.179863404433375,13.179863404433375,13.179863404433373,13.179863404433373,10.319929406503606,10.319929406503606,5.081186830526825,13.58496795171211,13.584967951712114,10.319929406503606,8.62862409633566,8.628624096335662,8.628624096335662,13.58496795171211
T197,6.958920364456176,0.28829076838960077,20.203574880043778,20.203574880043778,20.203574880043778,20.203574880043778,20.20357488004378,20.203574880043778,20.203574880043778,20.203574880043778,20.203574880043778,20.203574880043778,20.20357488004378,20.203574880043778,6.958920364456178,6.958920364456178,4.234999592215203,20.203574880043778,20.203574880043778,20.203574880043778,20.203574880043778,20.203574880043778,20.203574880043778,20.203574880043778,6.958920364456178,6.958920364456176,6.958920364456176,6.958920364456178,3.722220362819534,20.203574880043778,20.203574880043778,20.203574880043778,20.203574880043778,20.203574880043778,20.203574880043778,20.203574880043778,20.203574880043778,20.203574880043778,20.203574880043778,20.203574880043778,20.203574880043778,20.203574880043778,20.203574880043778,20.203574880043778,20.203574880043778,20.203574880043778,20.203574880043778,20.20357488004378,20.203574880043778,20.203574880043778,0.0,20.203574880043778,20.203574880043778,20.203574880043778,20.203574880043778,20.203574880043778,20.203574880043778,20.203574880043778,20.203574880043778,20.20357488004378,20.203574880043778,20.20357488004378,20.203574880043778,6.958920364456178,6.958920364456178,6.958920364456176,6.958920364456178,20.203574880043778,20.203574880043778,20.203574880043778,20.203574880043778,20.203574880043778,20.203574880043778,6.958920364456178,6.958920364456176,6.958920364456178,6.958920364456178,20.203574880043778,20.203574880043778,20.203574880043778,20.20357488004378,20.203574880043778,20.203574880043778,20.203574880043778,6.958920364456178,6.958920364456178,20.203574880043778,20.20357488004378,20.203574880043778,20.203574880043778,20.203574880043778,20.203574880043778,20.203574880043778,20.203574880043778,20.203574880043778,20.203574880043778,20.203574880043778,20.203574880043778,20.203574880043778,20.20357488004378,20.203574880043778,20.203574880043778,20.203574880043778,20.203574880043778,20.203574880043778,20.203574880043778,20.203574880043778,6.958920364456178,20.20357488004378,20.203574880043778,20.203574880043778,20.203574880043778,20.20357488004378,20.203574880043778,20.203574880043778,20.203574880043778,20.203574880043778,20.203574880043778,20.203574880043778,20.20357488004378,20.203574880043778,20.203574880043778,20.203574880043778,20.203574880043778,20.203574880043778,4.234999592215203,20.203574880043778,20.203574880043778,20.203574880043778,20.203574880043778,20.203574880043778,6.958920364456178,6.958920364456178,20.203574880043778,20.203574880043778,20.203574880043778,20.203574880043778,20.20357488004378,20.203574880043778,20.203574880043778,20.203574880043778,20.203574880043778,20.203574880043778,20.203574880043778,20.203574880043778,6.958920364456178,20.203574880043778,20.203574880043778,20.203574880043778,20.203574880043778,20.203574880043778,20.203574880043778,20.203574880043778,20.203574880043778,20.203574880043778,20.20357488004378,20.20357488004378,20.203574880043778,8.401082459999703,20.203574880043778,6.958920364456178,6.958920364456178,20.203574880043778,20.203574880043778,20.203574880043778,20.203574880043778,20.203574880043778,20.203574880043778,20.203574880043778,20.203574880043778,20.203574880043778,20.203574880043778,20.203574880043778,20.203574880043778,6.958920364456178,20.203574880043778,20.203574880043778,20.203574880043778,20.203574880043778,20.203574880043778,20.203574880043778,20.203574880043778,20.203574880043778,20.203574880043778,20.203574880043778,20.203574880043778,20.203574880043778,20.20357488004378,20.203574880043778,20.203574880043778,20.203574880043778,20.203574880043778,20.203574880043778,20.203574880043778,20.20357488004378,20.203574880043778,20.203574880043778,20.203574880043778,20.203574880043778,20.203574880043778
T97,20.203574880043774,20.203574880043778,5.737194318932163,13.179863404433371,9.130656188253344,13.179863404433371,13.179863404433375,13.584967951712109,13.584967951712109,13.584967951712109,13.58496795171211,13.179863404433371,13.584967951712112,13.179863404433371,20.203574880043778,20.203574880043778,20.203574880043774,13.179863404433371,13.179863404433373,13.179863404433371,13.179863404433371,13.179863404433371,13.179863404433371,13.179863404433373,20.203574880043778,20.203574880043774,20.203574880043774,20.203574880043778,20.203574880043778,13.179863404433373,13.179863404433373,13.179863404433371,13.179863404433373,13.179863404433373,13.179863404433373,13.179863404433373,13.179863404433373,9.130656188253342,5.737194318932164,13.179863404433371,13.179863404433371,13.179863404433371,13.584967951712109,13.58496795171211,13.58496795171211,13.58496795171211,13.584967951712109,13.584967951712112,13.58496795171211,13.179863404433373,20.203574880043778,0.0,5.737194318932163,9.130656188253342,5.737194318932163,9.130656188253342,13.179863404433371,13.179863404433371,13.179863404433371,13.179863404433375,13.584967951712109,13.58496795171211,9.130656188253342,20.203574880043778,20.203574880043778,20.203574880043774,20.203574880043778,9.130656188253344,9.130656188253342,13.179863404433371,13.179863404433371,13.179863404433371,13.584967951712109,20.203574880043778,20.203574880043774,20.203574880043778,20.203574880043778,13.179863404433371,13.179863404433373,13.179863404433371,13.179863404433375,13.179863404433371,13.179863404433371,13.179863404433371,20.203574880043778,20.203574880043778,9.130656188253342,9.130656188253345,13.179863404433371,13.179863404433371,13.179863404433371,13.179863404433373,13.179863404433371,13.584967951712109,3.378924452493755,1.7668359512822467,5.737194318932163,9.130656188253342,5.737194318932164,9.446669489257818,9.130656188253342,13.179863404433373,13.179863404433371,13.179863404433371,13.58496795171211,13.179863404433373,13.179863404433373,20.203574880043778,9.446669489257818,13.179863404433371,13.179863404433373,13.179863404433371,13.179863404433375,13.179863404433373,13.179863404433371,13.584967951712109,13.58496795171211,13.179863404433371,13.179863404433371,13.58496795171211,5.737194318932163,5.737194318932165,9.130656188253342,13.179863404433371,5.737194318932165,20.203574880043774,9.130656188253342,13.179863404433371,13.179863404433371,13.179863404433371,13.58496795171211,20.203574880043778,20.203574880043778,5.737194318932163,5.737194318932164,13.179863404433371,13.179863404433371,13.179863404433375,13.179863404433373,13.179863404433371,13.179863404433371,13.58496795171211,13.58496795171211,13.58496795171211,13.179863404433371,20.203574880043778,13.179863404433373,13.179863404433371,13.179863404433371,13.179863404433371,13.179863404433373,13.58496795171211,13.58496795171211,13.58496795171211,13.179863404433371,13.58496795171211,13.179863404433375,13.179863404433371,20.203574880043778,13.179863404433371,20.203574880043778,20.203574880043778,5.737194318932163,9.130656188253342,9.130656188253342,13.179863404433371,13.179863404433371,13.179863404433371,13.179863404433371,13.58496795171211,13.179863404433371,13.179863404433371,13.179863404433371,5.737194318932163,20.203574880043778,9.130656188253342,13.179863404433373,13.179863404433371,13.179863404433371,13.179863404433371,13.179863404433371,13.179863404433371,13.179863404433371,13.58496795171211,13.584967951712109,13.58496795171211,9.130656188253342,9.130656188253345,3.378924452493755,5.737194318932163,13.179863404433371,13.179863404433371,13.179863404433371,13.584967951712109,13.58496795171211,13.179863404433371,13.179863404433371,13.179863404433371,13.179863404433373,13.584967951712109
T71,20.203574880043774,20.203574880043778,0.36839595004795805,13.179863404433371,9.130656188253344,13.179863404433371,13.179863404433375,13.584967951712109,13.584967951712109,13.584967951712109,13.58496795171211,13.179863404433371,13.584967951712112,13.179863404433371,20.203574880043778,20.203574880043778,20.203574880043774,13.179863404433371,13.179863404433373,13.179863404433371,13.179863404433371,13.179863404433371,13.179863404433371,13.179863404433373,20.203574880043778,20.203574880043774,20.203574880043774,20.203574880043778,20.203574880043778,13.179863404433373,13.179863404433373,13.179863404433371,13.179863404433373,13.179863404433373,13.179863404433373,13.179863404433373,13.179863404433373,9.130656188253342,5.467300198468971,13.179863404433371,13.179863404433371,13.179863404433371,13.584967951712109,13.58496795171211,13.58496795171211,13.58496795171211,13.584967951712109,13.584967951712112,13.58496795171211,13.179863404433373,20.203574880043778,5.737194318932163,0.0,9.130656188253342,5.46730019846897,9.130656188253342,13.179863404433371,13.179863404433371,13.179863404433371,13.179863404433375,13.584967951712109,13.58496795171211,9.130656188253342,20.203574880043778,20.203574880043778,20.203574880043774,20.203574880043778,9.130656188253344,9.130656188253342,13.179863404433371,13.179863404433371,13.179863404433371,13.584967951712109,20.203574880043778,20.203574880043774,20.203574880043778,20.203574880043778,13.179863404433371,13.179863404433373,13.179863404433371,13.179863404433375,13.179863404433371,13.179863404433371,13.179863404433371,20.203574880043778,20.203574880043778,9.130656188253342,9.130656188253345,13.179863404433371,13.179863404433371,13.179863404433371,13.179863404433373,13.179863404433371,13.584967951712109,5.737194318932163,5.737194318932163,5.369015668678944,9.130656188253342,5.467300198468971,9.446669489257818,9.130656188253342,13.179863404433373,13.179863404433371,13.179863404433371,13.58496795171211,13.179863404433373,13.179863404433373,20.203574880043778,9.446669489257818,13.179863404433371,13.179863404433373,13.179863404433371,13.179863404433375,13.179863404433373,13.179863404433371,13.584967951712109,13.58496795171211,13.179863404433371,13.179863404433371,13.58496795171211,0.8787492048946952,5.467300198468972,9.130656188253342,13.179863404433371,5.467300198468972,20.203574880043774,9.130656188253342,13.179863404433371,13.179863404433371,13.179863404433371,13.58496795171211,20.203574880043778,20.203574880043778,0.36839595004795805,5.467300198468971,13.179863404433371,13.179863404433371,13.179863404433375,13.179863404433373,13.179863404433371,13.179863404433371,13.58496795171211,13.58496795171211,13.58496795171211,13.179863404433371,20.203574880043778,13.179863404433373,13.179863404433371,13.179863404433371,13.179863404433371,13.179863404433373,13.58496795171211,13.58496795171211,13.58496795171211,13.179863404433371,13.58496795171211,13.179863404433375,13.179863404433371,20.203574880043778,13.179863404433371,20.203574880043778,20.203574880043778,5.46730019846897,9.130656188253342,9.130656188253342,13.179863404433371,13.179863404433371,13.179863404433371,13.179863404433371,13.58496795171211,13.179863404433371,13.179863404433371,13.179863404433371,0.184692519902492,20.203574880043778,9.130656188253342,13.179863404433373,13.179863404433371,13.179863404433371,13.179863404433371,13.179863404433371,13.179863404433371,13.179863404433371,13.58496795171211,13.584967951712109,13.58496795171211,9.130656188253342,9.130656188253345,5.737194318932163,0.4055638433345532,13.179863404433371,13.179863404433371,13.179863404433371,13.584967951712109,13.58496795171211,13.179863404433371,13.179863404433371,13.179863404433371,13.179863404433373,13.584967951712109
T113,20.203574880043774,20.203574880043778,9.130656188253342,13.179863404433371,8.476536775462087,13.179863404433373,13.179863404433375,13.58496795171211,13.58496795171211,13.58496795171211,13.58496795171211,13.179863404433373,13.584967951712114,13.179863404433371,20.203574880043778,20.203574880043778,20.203574880043774,13.179863404433373,13.179863404433375,13.179863404433373,13.179863404433373,13.179863404433371,13.179863404433371,13.179863404433375,20.203574880043778,20.203574880043774,20.203574880043774,20.203574880043778,20.203574880043778,13.179863404433375,13.179863404433375,13.179863404433371,13.179863404433375,13.179863404433375,13.179863404433375,13.179863404433375,13.179863404433375,8.476536775462085,9.130656188253344,13.179863404433373,13.179863404433373,13.179863404433373,13.58496795171211,13.58496795171211,13.58496795171211,13.58496795171211,13.58496795171211,13.584967951712114,13.58496795171211,13.179863404433375,20.203574880043778,9.130656188253342,9.130656188253342,0.0,9.130656188253342,6.621509368212761,13.179863404433371,13.179863404433371,13.179863404433371,13.179863404433375,13.58496795171211,13.584967951712112,6.621509368212761,20.203574880043778,20.203574880043778,20.203574880043774,20.203574880043778,8.476536775462087,6.621509368212761,13.179863404433371,13.179863404433371,13.179863404433373,13.58496795171211,20.203574880043778,20.203574880043774,20.203574880043778,20.203574880043778,13.179863404433371,13.179863404433375,13.179863404433373,13.179863404433375,13.179863404433373,13.179863404433373,13.179863404433371,20.203574880043778,20.203574880043778,8.476536775462087,6.621509368212763,13.179863404433373,13.179863404433373,13.179863404433371,13.179863404433375,13.179863404433373,13.58496795171211,9.130656188253342,9.130656188253342,9.130656188253342,1.175442405265704,9.130656188253344,9.446669489257818,6.621509368212761,13.179863404433375,13.179863404433373,13.179863404433373,13.58496795171211,13.179863404433375,13.179863404433375,20.203574880043778,9.446669489257818,13.179863404433371,13.179863404433375,13.179863404433371,13.179863404433375,13.179863404433375,13.179863404433373,13.58496795171211,13.58496795171211,13.179863404433371,13.179863404433373,13.584967951712112,9.130656188253342,9.130656188253345,6.621509368212761,13.179863404433371,9.130656188253345,20.203574880043774,8.476536775462087,13.179863404433373,13.179863404433373,13.179863404433373,13.58496795171211,20.203574880043778,20.203574880043778,9.130656188253342,9.130656188253344,13.179863404433371,13.179863404433373,13.179863404433375,13.179863404433375,13.179863404433373,13.179863404433371,13.58496795171211,13.58496795171211,13.58496795171211,13.179863404433373,20.203574880043778,13.179863404433375,13.179863404433373,13.179863404433371,13.179863404433373,13.179863404433375,13.58496795171211,13.58496795171211,13.58496795171211,13.179863404433373,13.584967951712112,13.179863404433375,13.179863404433373,20.203574880043778,13.179863404433373,20.203574880043778,20.203574880043778,9.130656188253342,6.621509368212761,8.476536775462085,13.179863404433373,13.179863404433371,13.179863404433371,13.179863404433373,13.58496795171211,13.179863404433371,13.179863404433373,13.179863404433373,9.130656188253342,20.203574880043778,4.6083948201413785,13.179863404433375,13.179863404433373,13.179863404433373,13.179863404433371,13.179863404433371,13.179863404433371,13.179863404433373,13.58496795171211,13.58496795171211,13.58496795171211,6.621509368212761,6.621509368212763,9.130656188253342,9.130656188253342,13.179863404433373,13.179863404433373,13.179863404433373,13.58496795171211,13.584967951712112,13.179863404433373,13.179863404433373,13.179863404433373,13.179863404433375,13.58496795171211
T171,20.203574880043774,20.203574880043778,5.46730019846897,13.179863404433371,9.130656188253344,13.179863404433371,13.179863404433375,13.584967951712109,13.584967951712109,13.584967951712109,13.58496795171211,13.179863404433371,13.584967951712112,13.179863404433371,20.203574880043778,20.203574880043778,20.203574880043774,13.179863404433371,13.179863404433373,13.179863404433371,13.179863404433371,13.179863404433371,13.179863404433371,13.179863404433373,20.203574880043778,20.203574880043774,20.203574880043774,20.203574880043778,20.203574880043778,13.179863404433373,13.179863404433373,13.179863404433371,13.179863404433373,13.179863404433373,13.179863404433373,13.179863404433373,13.179863404433373,9.130656188253342,4.295562549802675,13.179863404433371,13.179863404433371,13.179863404433371,13.584967951712109,13.58496795171211,13.58496795171211,13.58496795171211,13.584967951712109,13.584967951712112,13.58496795171211,13.179863404433373,20.203574880043778,5.737194318932163,5.46730019846897,9.130656188253342,0.0,9.130656188253342,13.179863404433371,13.179863404433371,13.179863404433371,13.179863404433375,13.584967951712109,13.58496795171211,9.130656188253342,20.203574880043778,20.203574880043778,20.203574880043774,20.203574880043778,9.130656188253344,9.130656188253342,13.179863404433371,13.179863404433371,13.179863404433371,13.584967951712109,20.203574880043778,20.203574880043774,20.203574880043778,20.203574880043778,13.179863404433371,13.179863404433373,13.179863404433371,13.179863404433375,13.179863404433371,13.179863404433371,13.179863404433371,20.203574880043778,20.203574880043778,9.130656188253342,9.130656188253345,13.179863404433371,13.179863404433371,13.179863404433371,13.179863404433373,13.179863404433371,13.584967951712109,5.737194318932163,5.737194318932163,5.467300198468971,9.130656188253342,4.295562549802675,9.446669489257818,9.130656188253342,13.179863404433373,13.179863404433371,13.179863404433371,13.58496795171211,13.179863404433373,13.179863404433373,20.203574880043778,9.446669489257818,13.179863404433371,13.179863404433373,13.179863404433371,13.179863404433375,13.179863404433373,13.179863404433371,13.584967951712109,13.58496795171211,13.179863404433371,13.179863404433371,13.58496795171211,5.46730019846897,3.2673214858909754,9.130656188253342,13.179863404433371,3.2673214858909754,20.203574880043774,9.130656188253342,13.179863404433371,13.179863404433371,13.179863404433371,13.58496795171211,20.203574880043778,20.203574880043778,5.46730019846897,2.2577491958055633,13.179863404433371,13.179863404433371,13.179863404433375,13.179863404433373,13.179863404433371,13.179863404433371,13.58496795171211,13.58496795171211,13.58496795171211,13.179863404433371,20.203574880043778,13.179863404433373,13.179863404433371,13.179863404433371,13.179863404433371,13.179863404433373,13.58496795171211,13.58496795171211,13.58496795171211,13.179863404433371,13.58496795171211,13.179863404433375,13.179863404433371,20.203574880043778,13.179863404433371,20.203574880043778,20.203574880043778,1.677797120537995,9.130656188253342,9.130656188253342,13.179863404433371,13.179863404433371,13.179863404433371,13.179863404433371,13.58496795171211,13.179863404433371,13.179863404433371,13.179863404433371,5.46730019846897,20.203574880043778,9.130656188253342,13.179863404433373,13.179863404433371,13.179863404433371,13.179863404433371,13.179863404433371,13.179863404433371,13.179863404433371,13.58496795171211,13.584967951712109,13.58496795171211,9.130656188253342,9.130656188253345,5.737194318932163,5.46730019846897,13.179863404433371,13.179863404433371,13.179863404433371,13.584967951712109,13.58496795171211,13.179863404433371,13.179863404433371,13.179863404433371,13.179863404433373,13.584967951712109
T129,20.203574880043774,20.203574880043778,9.130656188253342,13.179863404433371,8.476536775462087,13.179863404433373,13.179863404433375,13.58496795171211,13.58496795171211,13.58496795171211,13.58496795171211,13.179863404433373,13.584967951712114,13.179863404433371,20.203574880043778,20.203574880043778,20.203574880043774,13.179863404433373,13.179863404433375,13.179863404433373,13.179863404433373,13.179863404433371,13.179863404433371,13.179863404433375,20.203574880043778,20.203574880043774,20.203574880043774,20.203574880043778,20.203574880043778,13.179863404433375,13.179863404433375,13.179863404433371,13.179863404433375,13.179863404433375,13.179863404433375,13.179863404433375,13.179863404433375,8.476536775462085,9.130656188253344,13.179863404433373,13.179863404433373,13.179863404433373,13.58496795171211,13.58496795171211,13.58496795171211,13.58496795171211,13.58496795171211,13.584967951712114,13.58496795171211,13.179863404433375,20.203574880043778,9.130656188253342,9.130656188253342,6.621509368212761,9.130656188253342,0.0,13.179863404433371,13.179863404433371,13.179863404433371,13.179863404433375,13.58496795171211,13.584967951712112,0.08202074736730366,20.203574880043778,20.203574880043778,20.203574880043774,20.203574880043778,8.476536775462087,1.399922334918029,13.179863404433371,13.179863404433371,13.179863404433373,13.58496795171211,20.203574880043778,20.203574880043774,20.203574880043778,20.203574880043778,13.179863404433371,13.179863404433375,13.179863404433373,13.179863404433375,13.179863404433373,13.179863404433373,13.179863404433371,20.203574880043778,20.203574880043778,8.476536775462087,6.569352205940358,13.179863404433373,13.179863404433373,13.179863404433371,13.179863404433375,13.179863404433373,13.58496795171211,9.130656188253342,9.130656188253342,9.130656188253342,6.621509368212761,9.130656188253344,9.446669489257818,1.399922334918029,13.179863404433375,13.179863404433373,13.179863404433373,13.58496795171211,13.179863404433375,13.179863404433375,20.203574880043778,9.446669489257818,13.179863404433371,13.179863404433375,13.179863404433371,13.179863404433375,13.179863404433375,13.179863404433373,13.58496795171211,13.58496795171211,13.179863404433371,13.179863404433373,13.584967951712112,9.130656188253342,9.130656188253345,6.569352205940357,13.179863404433371,9.130656188253345,20.203574880043774,8.476536775462087,13.179863404433373,13.179863404433373,13.179863404433373,13.58496795171211,20.203574880043778,20.203574880043778,9.130656188253342,9.130656188253344,13.179863404433371,13.179863404433373,13.179863404433375,13.179863404433375,13.179863404433373,13.179863404433371,13.58496795171211,13.58496795171211,13.58496795171211,13.179863404433373,20.203574880043778,13.179863404433375,13.179863404433373,13.179863404433371,13.179863404433373,13.179863404433375,13.58496795171211,13.58496795171211,13.58496795171211,13.179863404433373,13.584967951712112,13.179863404433375,13.179863404433373,20.203574880043778,13.179863404433373,20.203574880043778,20.203574880043778,9.130656188253342,1.399922334918029,8.476536775462085,13.179863404433373,13.179863404433371,13.179863404433371,13.179863404433373,13.58496795171211,13.179863404433371,13.179863404433373,13.179863404433373,9.130656188253342,20.203574880043778,6.621509368212762,13.179863404433375,13.179863404433373,13.179863404433373,13.179863404433371,13.179863404433371,13.179863404433371,13.179863404433373,13.58496795171211,13.58496795171211,13.58496795171211,1.556203637152553,6.569352205940358,9.130656188253342,9.130656188253342,13.179863404433373,13.179863404433373,13.179863404433373,13.58496795171211,13.584967951712112,13.179863404433373,13.179863404433373,13.179863404433373,13.179863404433375,13.58496795171211
T87,20.203574880043774,20.203574880043778,13.179863404433371,7.02261407707353,13.179863404433373,10.319929406503602,10.319929406503606,13.584967951712109,13.584967951712109,13.584967951712109,13.58496795171211,10.319929406503602,13.584967951712112,7.02261407707353,20.203574880043778,20.203574880043778,20.203574880043774,8.146882099671766,4.931322423087891,4.931322423087891,4.931322423087891,9.430873622398588,9.430873622398588,10.319929406503604,20.203574880043778,20.203574880043774,20.203574880043774,20.203574880043778,20.203574880043778,7.0226140770735315,7.0226140770735315,3.6976451461572775,3.697645146157279,10.319929406503604,10.319929406503604,10.319929406503604,10.319929406503604,13.179863404433371,13.179863404433371,10.319929406503602,10.319929406503602,10.319929406503602,13.584967951712109,13.58496795171211,13.58496795171211,13.58496795171211,13.584967951712109,13.584967951712112,13.58496795171211,10.319929406503604,20.203574880043778,13.179863404433371,13.179863404433371,13.179863404433371,13.179863404433371,13.179863404433371,0.0,9.430873622398588,9.43087362239859,10.319929406503606,13.584967951712109,13.58496795171211,13.179863404433371,20.203574880043778,20.203574880043778,20.203574880043774,20.203574880043778,13.179863404433373,13.179863404433371,3.6976451461572775,9.430873622398588,10.319929406503602,13.584967951712109,20.203574880043778,20.203574880043774,20.203574880043778,20.203574880043778,9.430873622398588,10.319929406503604,10.319929406503602,10.319929406503606,10.319929406503602,10.319929406503602,7.02261407707353,20.203574880043778,20.203574880043778,13.179863404433371,13.179863404433375,4.74116280725568,9.43087362239859,9.43087362239859,10.319929406503604,10.319929406503602,13.584967951712109,13.179863404433371,13.179863404433371,13.179863404433371,13.179863404433371,13.179863404433371,13.179863404433375,13.179863404433371,4.931322423087891,4.931322423087891,9.43087362239859,13.58496795171211,10.319929406503604,10.319929406503604,20.203574880043778,13.179863404433375,1.3279772215043386,4.931322423087891,9.43087362239859,10.319929406503606,10.319929406503604,10.319929406503602,13.584967951712109,13.58496795171211,9.430873622398588,10.319929406503602,13.58496795171211,13.179863404433371,13.179863404433373,13.179863404433371,7.02261407707353,13.179863404433373,20.203574880043774,13.179863404433371,8.146882099671766,7.0226140770735315,9.43087362239859,13.58496795171211,20.203574880043778,20.203574880043778,13.179863404433371,13.179863404433371,7.02261407707353,4.74116280725568,4.741162807255682,3.697645146157279,4.931322423087891,9.43087362239859,13.58496795171211,13.58496795171211,13.58496795171211,10.319929406503602,20.203574880043778,4.931322423087891,4.931322423087891,9.43087362239859,10.319929406503602,10.319929406503604,13.58496795171211,13.58496795171211,13.58496795171211,10.319929406503602,13.58496795171211,10.319929406503606,10.319929406503602,20.203574880043778,8.146882099671766,20.203574880043778,20.203574880043778,13.179863404433371,13.179863404433371,13.179863404433371,8.146882099671766,9.430873622398588,9.43087362239859,10.319929406503602,13.58496795171211,9.43087362239859,10.319929406503602,10.319929406503602,13.179863404433371,20.203574880043778,13.179863404433371,7.0226140770735315,4.931322423087891,9.43087362239859,9.43087362239859,9.43087362239859,9.430873622398588,10.319929406503602,13.58496795171211,13.584967951712109,13.58496795171211,13.179863404433371,13.179863404433375,13.179863404433371,13.179863404433371,4.74116280725568,4.931322423087891,10.319929406503602,13.584967951712109,13.58496795171211,9.43087362239859,10.319929406503602,10.319929406503602,10.319929406503604,13.584967951712109
T155,20.203574880043774,20.203574880043778,13.179863404433371,9.430873622398588,13.179863404433373,10.319929406503602,10.319929406503606,13.584967951712109,13.584967951712109,13.584967951712109,13.58496795171211,10.319929406503602,13.584967951712112,9.430873622398588,20.203574880043778,20.203574880043778,20.203574880043774,9.43087362239859,9.43087362239859,9.43087362239859,9.43087362239859,2.815921463379598,0.7167686157151203,10.319929406503604,20.203574880043778,20.203574880043774,20.203574880043774,20.203574880043778,20.203574880043778,9.43087362239859,9.43087362239859,9.430873622398588,9.43087362239859,10.319929406503604,10.319929406503604,10.319929406503604,10.319929406503604,13.179863404433371,13.179863404433371,10.319929406503602,10.319929406503602,10.319929406503602,13.584967951712109,13.58496795171211,13.58496795171211,13.58496795171211,13.584967951712109,13.584967951712112,13.58496795171211,10.319929406503604,20.203574880043778,13.179863404433371,13.179863404433371,13.179863404433371,13.179863404433371,13.179863404433371,9.430873622398588,0.0,7.88370570795961,10.319929406503606,13.584967951712109,13.58496795171211,13.179863404433371,20.203574880043778,20.203574880043778,20.203574880043774,20.203574880043778,13.179863404433373,13.179863404433371,9.430873622398588,0.7167686157151203,10.319929406503602,13.584967951712109,20.203574880043778,20.203574880043774,20.203574880043778,20.203574880043778,2.815921463379598,10.319929406503604,10.319929406503602,10.319929406503606,10.319929406503602,10.319929406503602,9.430873622398588,20.203574880043778,20.203574880043778,13.179863404433371,13.179863404433375,9.43087362239859,7.549699367992667,2.3090995837757062,10.319929406503604,10.319929406503602,13.584967951712109,13.179863404433371,13.179863404433371,13.179863404433371,13.179863404433371,13.179863404433371,13.179863404433375,13.179863404433371,9.43087362239859,9.43087362239859,7.549699367992667,13.58496795171211,10.319929406503604,10.319929406503604,20.203574880043778,13.179863404433375,9.430873622398588,9.43087362239859,7.315471920686967,10.319929406503606,10.319929406503604,10.319929406503602,13.584967951712109,13.58496795171211,2.815921463379598,10.319929406503602,13.58496795171211,13.179863404433371,13.179863404433373,13.179863404433371,9.430873622398588,13.179863404433373,20.203574880043774,13.179863404433371,9.43087362239859,9.43087362239859,7.549699367992667,13.58496795171211,20.203574880043778,20.203574880043778,13.179863404433371,13.179863404433371,9.430873622398588,9.43087362239859,9.430873622398591,9.43087362239859,9.43087362239859,2.3090995837757062,13.58496795171211,13.58496795171211,13.58496795171211,10.319929406503602,20.203574880043778,9.43087362239859,9.43087362239859,7.315471920686967,10.319929406503602,10.319929406503604,13.58496795171211,13.58496795171211,13.58496795171211,10.319929406503602,13.58496795171211,10.319929406503606,10.319929406503602,20.203574880043778,9.43087362239859,20.203574880043778,20.203574880043778,13.179863404433371,13.179863404433371,13.179863404433371,9.43087362239859,2.815921463379598,2.3090995837757062,10.319929406503602,13.58496795171211,2.3090995837757062,10.319929406503602,10.319929406503602,13.179863404433371,20.203574880043778,13.179863404433371,9.43087362239859,9.43087362239859,7.549699367992667,7.315471920686967,2.3090995837757062,2.3090995837757062,10.319929406503602,13.58496795171211,13.584967951712109,13.58496795171211,13.179863404433371,13.179863404433375,13.179863404433371,13.179863404433371,9.43087362239859,9.43087362239859,10.319929406503602,13.584967951712109,13.58496795171211,7.549699367992667,10.319929406503602,10.319929406503602,10.319929406503604,13.584967951712109
T181,20.203574880043774,20.203574880043778,13.179863404433371,9.43087362239859,13.179863404433373,10.319929406503602,10.319929406503606,13.584967951712109,13.584967951712109,13.584967951712109,13.58496795171211,10.319929406503602,13.584967951712112,9.43087362239859,20.203574880043778,20.203574880043778,20.203574880043774,9.43087362239859,9.43087362239859,9.43087362239859,9.43087362239859,7.88370570795961,7.88370570795961,10.319929406503604,20.203574880043778,20.203574880043774,20.203574880043774,20.203574880043778,20.203574880043778,9.43087362239859,9.43087362239859,9.43087362239859,9.43087362239859,10.319929406503604,10.319929406503604,10.319929406503604,10.319929406503604,13.179863404433371,13.179863404433371,10.319929406503602,10.319929406503602,10.319929406503602,13.584967951712109,13.58496795171211,13.58496795171211,13.58496795171211,13.584967951712109,13.584967951712112,13.58496795171211,10.319929406503604,20.203574880043778,13.179863404433371,13.179863404433371,13.179863404433371,13.179863404433371,13.179863404433371,9.43087362239859,7.88370570795961,0.0,10.319929406503606,13.584967951712109,13.58496795171211,13.179863404433371,20.203574880043778,20.203574880043778,20.203574880043774,20.203574880043778,13.179863404433373,13.179863404433371,9.43087362239859,7.88370570795961,10.319929406503602,13.584967951712109,20.203574880043778,20.203574880043774,20.203574880043778,20.203574880043778,7.88370570795961,10.319929406503604,10.319929406503602,10.319929406503606,10.319929406503602,10.319929406503602,9.43087362239859,20.203574880043778,20.203574880043778,13.179863404433371,13.179863404433375,9.43087362239859,7.883705707959611,7.88370570795961,10.319929406503604,10.319929406503602,13.584967951712109,13.179863404433371,13.179863404433371,13.179863404433371,13.179863404433371,13.179863404433371,13.179863404433375,13.179863404433371,9.43087362239859,9.43087362239859,7.883705707959611,13.58496795171211,10.319929406503604,10.319929406503604,20.203574880043778,13.179863404433375,9.43087362239859,9.43087362239859,7.88370570795961,10.319929406503606,10.319929406503604,10.319929406503602,13.584967951712109,13.58496795171211,7.88370570795961,10.319929406503602,13.58496795171211,13.179863404433371,13.179863404433373,13.179863404433371,9.43087362239859,13.179863404433373,20.203574880043774,13.179863404433371,9.43087362239859,9.43087362239859,7.883705707959611,13.58496795171211,20.203574880043778,20.203574880043778,13.179863404433371,13.179863404433371,9.43087362239859,9.43087362239859,9.430873622398591,9.43087362239859,9.43087362239859,7.88370570795961,13.58496795171211,13.58496795171211,13.58496795171211,10.319929406503602,20.203574880043778,9.43087362239859,9.43087362239859,7.88370570795961,10.319929406503602,10.319929406503604,13.58496795171211,13.58496795171211,13.58496795171211,10.319929406503602,13.58496795171211,10.319929406503606,10.319929406503602,20.203574880043778,9.43087362239859,20.203574880043778,20.203574880043778,13.179863404433371,13.179863404433371,13.179863404433371,9.43087362239859,7.88370570795961,7.88370570795961,10.319929406503602,13.58496795171211,7.88370570795961,10.319929406503602,10.319929406503602,13.179863404433371,20.203574880043778,13.179863404433371,9.43087362239859,9.43087362239859,7.883705707959611,7.88370570795961,7.88370570795961,7.88370570795961,10.319929406503602,13.58496795171211,13.584967951712109,13.58496795171211,13.179863404433371,13.179863404433375,13.179863404433371,13.179863404433371,9.43087362239859,9.43087362239859,10.319929406503602,13.584967951712109,13.58496795171211,7.883705707959611,10.319929406503602,10.319929406503602,10.319929406503604,13.584967951712109
T55,20.203574880043778,20.20357488004378,13.179863404433375,10.319929406503606,13.179863404433375,8.628624096335662,8.628624096335663,13.58496795171211,13.58496795171211,13.58496795171211,13.584967951712114,8.628624096335662,13.584967951712114,10.319929406503606,20.203574880043778,20.203574880043778,20.203574880043778,10.319929406503606,10.319929406503606,10.319929406503606,10.319929406503606,10.319929406503606,10.319929406503606,4.321272254639107,20.203574880043778,20.203574880043778,20.203574880043778,20.203574880043778,20.20357488004378,10.319929406503606,10.319929406503606,10.319929406503606,10.319929406503606,6.102844446589003,6.102844446589004,4.321272254639107,8.628624096335662,13.179863404433375,13.179863404433375,8.628624096335662,8.628624096335662,8.628624096335662,13.58496795171211,13.584967951712114,13.584967951712112,13.584967951712112,13.58496795171211,13.584967951712114,13.584967951712114,6.102844446589003,20.20357488004378,13.179863404433375,13.179863404433375,13.179863404433375,13.179863404433375,13.179863404433375,10.319929406503606,10.319929406503606,10.319929406503606,0.0,13.58496795171211,13.584967951712114,13.179863404433375,20.203574880043778,20.203574880043778,20.203574880043778,20.203574880043778,13.179863404433375,13.179863404433375,10.319929406503606,10.319929406503606,8.628624096335662,13.58496795171211,20.203574880043778,20.203574880043778,20.203574880043778,20.203574880043778,10.319929406503606,6.102844446589003,8.628624096335662,8.628624096335663,8.628624096335662,8.628624096335662,10.319929406503606,20.203574880043778,20.203574880043778,13.179863404433375,13.179863404433377,10.319929406503606,10.319929406503606,10.319929406503606,6.102844446589003,8.628624096335662,13.58496795171211,13.179863404433375,13.179863404433375,13.179863404433375,13.179863404433375,13.179863404433375,13.179863404433377,13.179863404433375,10.319929406503606,10.319929406503606,10.319929406503606,13.584967951712112,6.102844446589003,8.628624096335662,20.203574880043778,13.179863404433377,10.319929406503606,10.319929406503606,10.319929406503606,4.321272254639107,6.102844446589003,8.628624096335662,13.58496795171211,13.584967951712114,10.319929406503606,8.628624096335662,13.584967951712114,13.179863404433375,13.179863404433375,13.179863404433375,10.319929406503606,13.179863404433375,20.203574880043778,13.179863404433375,10.319929406503606,10.319929406503606,10.319929406503606,13.584967951712112,20.203574880043778,20.203574880043778,13.179863404433375,13.179863404433375,10.319929406503606,10.319929406503606,10.319929406503608,10.319929406503606,10.319929406503606,10.319929406503606,13.584967951712112,13.584967951712112,13.584967951712114,8.628624096335662,20.203574880043778,10.319929406503606,10.319929406503606,10.319929406503606,8.628624096335662,8.628624096335662,13.584967951712114,13.584967951712112,13.584967951712112,8.628624096335662,13.584967951712114,6.102844446589004,8.628624096335662,20.20357488004378,10.319929406503606,20.203574880043778,20.203574880043778,13.179863404433375,13.179863404433375,13.179863404433375,10.319929406503606,10.319929406503606,10.319929406503606,8.628624096335662,13.584967951712114,10.319929406503606,8.628624096335662,8.628624096335662,13.179863404433375,20.203574880043778,13.179863404433375,10.319929406503606,10.319929406503606,10.319929406503606,10.319929406503606,10.319929406503606,10.319929406503606,8.628624096335662,13.584967951712112,13.58496795171211,13.584967951712114,13.179863404433375,13.179863404433377,13.179863404433375,13.179863404433375,10.319929406503606,10.319929406503606,6.102844446589002,13.58496795171211,13.584967951712114,10.319929406503606,8.628624096335662,8.628624096335662,8.628624096335662,13.58496795171211
T124,20.203574880043774,20.203574880043778,13.584967951712109,13.584967951712109,13.58496795171211,13.58496795171211,13.584967951712112,0.615631809835822,2.7658656102169394,2.7658656102169394,10.957120558947592,13.58496795171211,10.957120558947594,13.584967951712109,20.203574880043778,20.203574880043778,20.203574880043774,13.58496795171211,13.58496795171211,13.58496795171211,13.58496795171211,13.584967951712109,13.584967951712109,13.58496795171211,20.203574880043778,20.203574880043774,20.203574880043774,20.203574880043778,20.203574880043778,13.58496795171211,13.58496795171211,13.584967951712109,13.58496795171211,13.58496795171211,13.58496795171211,13.58496795171211,13.58496795171211,13.584967951712109,13.58496795171211,13.58496795171211,13.58496795171211,13.58496795171211,2.7658656102169394,10.957120558947592,10.957120558947592,10.957120558947592,0.5630516966328276,10.957120558947594,10.957120558947592,13.58496795171211,20.203574880043778,13.584967951712109,13.584967951712109,13.58496795171211,13.584967951712109,13.58496795171211,13.584967951712109,13.584967951712109,13.584967951712109,13.58496795171211,0.0,10.957120558947592,13.58496795171211,20.203574880043778,20.203574880043778,20.203574880043774,20.203574880043778,13.58496795171211,13.58496795171211,13.584967951712109,13.584967951712109,13.58496795171211,2.7658656102169394,20.203574880043778,20.203574880043774,20.203574880043778,20.203574880043778,13.584967951712109,13.58496795171211,13.58496795171211,13.58496795171211,13.58496795171211,13.58496795171211,13.584967951712109,20.203574880043778,20.203574880043778,13.58496795171211,13.58496795171211,13.58496795171211,13.58496795171211,13.584967951712109,13.58496795171211,13.58496795171211,2.7658656102169394,13.584967951712109,13.584967951712109,13.584967951712109,13.58496795171211,13.58496795171211,13.58496795171211,13.58496795171211,13.58496795171211,13.58496795171211,13.58496795171211,10.957120558947592,13.58496795171211,13.58496795171211,20.203574880043778,13.58496795171211,13.584967951712109,13.58496795171211,13.584967951712109,13.58496795171211,13.58496795171211,13.58496795171211,0.8580723712692133,10.957120558947592,13.584967951712109,13.58496795171211,10.957120558947592,13.584967951712109,13.58496795171211,13.58496795171211,13.584967951712109,13.58496795171211,20.203574880043774,13.58496795171211,13.58496795171211,13.58496795171211,13.58496795171211,10.957120558947592,20.203574880043778,20.203574880043778,13.584967951712109,13.58496795171211,13.584967951712109,13.58496795171211,13.58496795171211,13.58496795171211,13.58496795171211,13.584967951712109,5.552367763166497,5.552367763166497,10.957120558947592,13.58496795171211,20.203574880043778,13.58496795171211,13.58496795171211,13.584967951712109,13.58496795171211,13.58496795171211,10.957120558947592,10.957120558947592,10.957120558947592,13.58496795171211,10.957120558947592,13.58496795171211,13.58496795171211,20.203574880043778,13.58496795171211,20.203574880043778,20.203574880043778,13.584967951712109,13.58496795171211,13.584967951712109,13.58496795171211,13.584967951712109,13.584967951712109,13.58496795171211,10.957120558947592,13.584967951712109,13.58496795171211,13.58496795171211,13.584967951712109,20.203574880043778,13.58496795171211,13.58496795171211,13.58496795171211,13.58496795171211,13.584967951712109,13.584967951712109,13.584967951712109,13.58496795171211,10.957120558947592,2.7658656102169394,10.957120558947592,13.58496795171211,13.58496795171211,13.584967951712109,13.584967951712109,13.58496795171211,13.58496795171211,13.58496795171211,2.7658656102169394,10.957120558947592,13.58496795171211,13.58496795171211,13.58496795171211,13.58496795171211,2.7658656102169394
T2,20.203574880043778,20.20357488004378,13.58496795171211,13.58496795171211,13.584967951712114,13.584967951712112,13.584967951712114,10.957120558947592,10.957120558947592,10.957120558947592,10.0340299622269,13.584967951712112,3.349521098348076,13.58496795171211,20.203574880043778,20.203574880043778,20.203574880043778,13.584967951712112,13.584967951712114,13.584967951712112,13.584967951712112,13.58496795171211,13.58496795171211,13.584967951712114,20.203574880043778,20.203574880043778,20.203574880043778,20.203574880043778,20.20357488004378,13.584967951712114,13.584967951712114,13.58496795171211,13.584967951712114,13.584967951712114,13.584967951712114,13.584967951712114,13.584967951712114,13.58496795171211,13.584967951712112,13.584967951712112,13.584967951712112,13.584967951712112,10.957120558947592,8.720874581645319,10.0340299622269,10.0340299622269,10.957120558947592,8.72087458164532,10.0340299622269,13.584967951712114,20.20357488004378,13.58496795171211,13.58496795171211,13.584967951712112,13.58496795171211,13.584967951712112,13.58496795171211,13.58496795171211,13.58496795171211,13.584967951712114,10.957120558947592,0.0,13.584967951712112,20.203574880043778,20.203574880043778,20.203574880043778,20.203574880043778,13.584967951712114,13.584967951712112,13.58496795171211,13.58496795171211,13.584967951712112,10.957120558947592,20.203574880043778,20.203574880043778,20.203574880043778,20.203574880043778,13.58496795171211,13.584967951712114,13.584967951712112,13.584967951712114,13.584967951712112,13.584967951712112,13.58496795171211,20.203574880043778,20.203574880043778,13.584967951712112,13.584967951712114,13.584967951712112,13.584967951712112,13.58496795171211,13.584967951712114,13.584967951712112,10.957120558947592,13.58496795171211,13.58496795171211,13.58496795171211,13.584967951712112,13.584967951712112,13.584967951712114,13.584967951712112,13.584967951712114,13.584967951712112,13.584967951712112,10.0340299622269,13.584967951712114,13.584967951712114,20.203574880043778,13.584967951712114,13.58496795171211,13.584967951712114,13.58496795171211,13.584967951712114,13.584967951712114,13.584967951712112,10.957120558947592,10.0340299622269,13.58496795171211,13.584967951712112,3.3495210983480757,13.58496795171211,13.584967951712114,13.584967951712112,13.58496795171211,13.584967951712114,20.203574880043778,13.584967951712112,13.584967951712112,13.584967951712112,13.584967951712112,10.0340299622269,20.203574880043778,20.203574880043778,13.58496795171211,13.584967951712112,13.58496795171211,13.584967951712112,13.584967951712114,13.584967951712114,13.584967951712112,13.58496795171211,10.957120558947594,10.957120558947594,8.720874581645319,13.584967951712112,20.203574880043778,13.584967951712114,13.584967951712112,13.58496795171211,13.584967951712112,13.584967951712114,10.0340299622269,10.0340299622269,10.0340299622269,13.584967951712112,0.13993866556003143,13.584967951712114,13.584967951712112,20.20357488004378,13.584967951712112,20.203574880043778,20.203574880043778,13.58496795171211,13.584967951712112,13.58496795171211,13.584967951712112,13.58496795171211,13.58496795171211,13.584967951712112,10.0340299622269,13.58496795171211,13.584967951712112,13.584967951712112,13.58496795171211,20.203574880043778,13.584967951712112,13.584967951712114,13.584967951712112,13.584967951712112,13.58496795171211,13.58496795171211,13.58496795171211,13.584967951712112,10.0340299622269,10.957120558947592,10.0340299622269,13.584967951712112,13.584967951712114,13.58496795171211,13.58496795171211,13.584967951712112,13.584967951712112,13.584967951712112,10.957120558947592,3.3495210983480757,13.584967951712112,13.584967951712112,13.584967951712112,13.584967951712114,10.957120558947592
T166,20.203574880043774,20.203574880043778,9.130656188253342,13.179863404433371,8.476536775462087,13.179863404433373,13.179863404433375,13.58496795171211,13.58496795171211,13.58496795171211,13.58496795171211,13.179863404433373,13.584967951712114,13.179863404433371,20.203574880043778,20.203574880043778,20.203574880043774,13.179863404433373,13.179863404433375,13.179863404433373,13.179863404433373,13.179863404433371,13.179863404433371,13.179863404433375,20.203574880043778,20.203574880043774,20.203574880043774,20.203574880043778,20.203574880043778,13.179863404433375,13.179863404433375,13.179863404433371,13.179863404433375,13.179863404433375,13.179863404433375,13.179863404433375,13.179863404433375,8.476536775462085,9.130656188253344,13.179863404433373,13.179863404433373,13.179863404433373,13.58496795171211,13.58496795171211,13.58496795171211,13.58496795171211,13.58496795171211,13.584967951712114,13.58496795171211,13.179863404433375,20.203574880043778,9.130656188253342,9.130656188253342,6.621509368212761,9.130656188253342,0.08202074736730366,13.179863404433371,13.179863404433371,13.179863404433371,13.179863404433375,13.58496795171211,13.584967951712112,0.0,20.203574880043778,20.203574880043778,20.203574880043774,20.203574880043778,8.476536775462087,1.399922334918029,13.179863404433371,13.179863404433371,13.179863404433373,13.58496795171211,20.203574880043778,20.203574880043774,20.203574880043778,20.203574880043778,13.179863404433371,13.179863404433375,13.179863404433373,13.179863404433375,13.179863404433373,13.179863404433373,13.179863404433371,20.203574880043778,20.203574880043778,8.476536775462087,6.569352205940358,13.179863404433373,13.179863404433373,13.179863404433371,13.179863404433375,13.179863404433373,13.58496795171211,9.130656188253342,9.130656188253342,9.130656188253342,6.621509368212761,9.130656188253344,9.446669489257818,1.399922334918029,13.179863404433375,13.179863404433373,13.179863404433373,13.58496795171211,13.179863404433375,13.179863404433375,20.203574880043778,9.446669489257818,13.179863404433371,13.179863404433375,13.179863404433371,13.179863404433375,13.179863404433375,13.179863404433373,13.58496795171211,13.58496795171211,13.179863404433371,13.179863404433373,13.584967951712112,9.130656188253342,9.130656188253345,6.569352205940357,13.179863404433371,9.130656188253345,20.203574880043774,8.476536775462087,13.179863404433373,13.179863404433373,13.179863404433373,13.58496795171211,20.203574880043778,20.203574880043778,9.130656188253342,9.130656188253344,13.179863404433371,13.179863404433373,13.179863404433375,13.179863404433375,13.179863404433373,13.179863404433371,13.58496795171211,13.58496795171211,13.58496795171211,13.179863404433373,20.203574880043778,13.179863404433375,13.179863404433373,13.179863404433371,13.179863404433373,13.179863404433375,13.58496795171211,13.58496795171211,13.58496795171211,13.179863404433373,13.584967951712112,13.179863404433375,13.179863404433373,20.203574880043778,13.179863404433373,20.203574880043778,20.203574880043778,9.130656188253342,1.399922334918029,8.476536775462085,13.179863404433373,13.179863404433371,13.179863404433371,13.179863404433373,13.58496795171211,13.179863404433371,13.179863404433373,13.179863404433373,9.130656188253342,20.203574880043778,6.621509368212762,13.179863404433375,13.179863404433373,13.179863404433373,13.179863404433371,13.179863404433371,13.179863404433371,13.179863404433373,13.58496795171211,13.58496795171211,13.58496795171211,1.556203637152553,6.569352205940358,9.130656188253342,9.130656188253342,13.179863404433373,13.179863404433373,13.179863404433373,13.58496795171211,13.584967951712112,13.179863404433373,13.179863404433373,13.179863404433373,13.179863404433375,13.58496795171211
T134,4.1091270316511475,6.958920364456178,20.203574880043778,20.203574880043778,20.203574880043778,20.203574880043778,20.203574880043778,20.203574880043778,20.203574880043778,20.203574880043778,20.203574880043778,20.203574880043778,20.203574880043778,20.203574880043778,2.0423186267698954,2.285845689207587,6.958920364456176,20.203574880043778,20.203574880043778,20.203574880043778,20.203574880043778,20.203574880043778,20.203574880043778,20.203574880043778,2.285845689207587,4.1091270316511475,4.1091270316511475,4.843887551276387,6.958920364456178,20.203574880043778,20.203574880043778,20.203574880043778,20.203574880043778,20.203574880043778,20.203574880043778,20.203574880043778,20.203574880043778,20.203574880043778,20.203574880043778,20.203574880043778,20.203574880043778,20.203574880043778,20.203574880043778,20.203574880043778,20.203574880043778,20.203574880043778,20.203574880043778,20.203574880043778,20.203574880043778,20.203574880043778,6.958920364456178,20.203574880043778,20.203574880043778,20.203574880043778,20.203574880043778,20.203574880043778,20.203574880043778,20.203574880043778,20.203574880043778,20.203574880043778,20.203574880043778,20.203574880043778,20.203574880043778,0.0,2.285845689207587,4.1091270316511475,4.843887551276387,20.203574880043778,20.203574880043778,20.203574880043778,20.203574880043778,20.203574880043778,20.203574880043778,4.843887551276387,4.1091270316511475,4.843887551276387,4.843887551276387,20.203574880043778,20.203574880043778,20.203574880043778,20.203574880043778,20.203574880043778,20.203574880043778,20.203574880043778,1.8196124977445436,1.8196124977445436,20.203574880043778,20.203574880043778,20.203574880043778,20.203574880043778,20.203574880043778,20.203574880043778,20.203574880043778,20.203574880043778,20.203574880043778,20.203574880043778,20.203574880043778,20.203574880043778,20.203574880043778,20.203574880043778,20.203574880043778,20.203574880043778,20.203574880043778,20.203574880043778,20.203574880043778,20.203574880043778,20.203574880043778,4.843887551276387,20.203574880043778,20.203574880043778,20.203574880043778,20.203574880043778,20.203574880043778,20.203574880043778,20.203574880043778,20.203574880043778,20.203574880043778,20.203574880043778,20.203574880043778,20.203574880043778,20.203574880043778,20.203574880043778,20.203574880043778,20.203574880043778,20.203574880043778,6.958920364456176,20.203574880043778,20.203574880043778,20.203574880043778,20.203574880043778,20.203574880043778,0.7122376584535274,2.0423186267698954,20.203574880043778,20.203574880043778,20.203574880043778,20.203574880043778,20.203574880043778,20.203574880043778,20.203574880043778,20.203574880043778,20.203574880043778,20.203574880043778,20.203574880043778,20.203574880043778,2.0423186267698954,20.203574880043778,20.203574880043778,20.203574880043778,20.203574880043778,20.203574880043778,20.203574880043778,20.203574880043778,20.203574880043778,20.203574880043778,20.203574880043778,20.203574880043778,20.203574880043778,8.401082459999703,20.203574880043778,2.0423186267698954,2.0423186267698954,20.203574880043778,20.203574880043778,20.203574880043778,20.203574880043778,20.203574880043778,20.203574880043778,20.203574880043778,20.203574880043778,20.203574880043778,20.203574880043778,20.203574880043778,20.203574880043778,2.0423186267698954,20.203574880043778,20.203574880043778,20.203574880043778,20.203574880043778,20.203574880043778,20.203574880043778,20.203574880043778,20.203574880043778,20.203574880043778,20.203574880043778,20.203574880043778,20.203574880043778,20.203574880043778,20.203574880043778,20.203574880043778,20.203574880043778,20.203574880043778,20.203574880043778,20.203574880043778,20.203574880043778,20.203574880043778,20.203574880043778,20.203574880043778,20.203574880043778,20.203574880043778
T8,4.109127031651147,6.958920364456178,20.203574880043778,20.203574880043778,20.203574880043778,20.203574880043778,20.203574880043778,20.203574880043778,20.203574880043778,20.203574880043778,20.203574880043778,20.203574880043778,20.203574880043778,20.203574880043778,2.285845689207587,0.34806405525384904,6.958920364456176,20.203574880043778,20.203574880043778,20.203574880043778,20.203574880043778,20.203574880043778,20.203574880043778,20.203574880043778,0.6546267791722579,4.109127031651147,4.109127031651147,4.843887551276387,6.958920364456178,20.203574880043778,20.203574880043778,20.203574880043778,20.203574880043778,20.203574880043778,20.203574880043778,20.203574880043778,20.203574880043778,20.203574880043778,20.203574880043778,20.203574880043778,20.203574880043778,20.203574880043778,20.203574880043778,20.203574880043778,20.203574880043778,20.203574880043778,20.203574880043778,20.203574880043778,20.203574880043778,20.203574880043778,6.958920364456178,20.203574880043778,20.203574880043778,20.203574880043778,20.203574880043778,20.203574880043778,20.203574880043778,20.203574880043778,20.203574880043778,20.203574880043778,20.203574880043778,20.203574880043778,20.203574880043778,2.285845689207587,0.0,4.109127031651147,4.843887551276387,20.203574880043778,20.203574880043778,20.203574880043778,20.203574880043778,20.203574880043778,20.203574880043778,4.843887551276387,4.109127031651147,4.843887551276387,4.843887551276387,20.203574880043778,20.203574880043778,20.203574880043778,20.203574880043778,20.203574880043778,20.203574880043778,20.203574880043778,2.285845689207587,2.285845689207587,20.203574880043778,20.203574880043778,20.203574880043778,20.203574880043778,20.203574880043778,20.203574880043778,20.203574880043778,20.203574880043778,20.203574880043778,20.203574880043778,20.203574880043778,20.203574880043778,20.203574880043778,20.203574880043778,20.203574880043778,20.203574880043778,20.203574880043778,20.203574880043778,20.203574880043778,20.203574880043778,20.203574880043778,4.843887551276387,20.203574880043778,20.203574880043778,20.203574880043778,20.203574880043778,20.203574880043778,20.203574880043778,20.203574880043778,20.203574880043778,20.203574880043778,20.203574880043778,20.203574880043778,20.203574880043778,20.203574880043778,20.203574880043778,20.203574880043778,20.203574880043778,20.203574880043778,6.958920364456176,20.203574880043778,20.203574880043778,20.203574880043778,20.203574880043778,20.203574880043778,2.285845689207587,2.285845689207587,20.203574880043778,20.203574880043778,20.203574880043778,20.203574880043778,20.203574880043778,20.203574880043778,20.203574880043778,20.203574880043778,20.203574880043778,20.203574880043778,20.203574880043778,20.203574880043778,2.2858456892075876,20.203574880043778,20.203574880043778,20.203574880043778,20.203574880043778,20.203574880043778,20.203574880043778,20.203574880043778,20.203574880043778,20.203574880043778,20.203574880043778,20.203574880043778,20.203574880043778,8.401082459999703,20.203574880043778,2.285845689207587,2.2858456892075876,20.203574880043778,20.203574880043778,20.203574880043778,20.203574880043778,20.203574880043778,20.203574880043778,20.203574880043778,20.203574880043778,20.203574880043778,20.203574880043778,20.203574880043778,20.203574880043778,2.2858456892075876,20.203574880043778,20.203574880043778,20.203574880043778,20.203574880043778,20.203574880043778,20.203574880043778,20.203574880043778,20.203574880043778,20.203574880043778,20.203574880043778,20.203574880043778,20.203574880043778,20.203574880043778,20.203574880043778,20.203574880043778,20.203574880043778,20.203574880043778,20.203574880043778,20.203574880043778,20.203574880043778,20.203574880043778,20.203574880043778,20.203574880043778,20.203574880043778,20.203574880043778
T92,0.7515827158461404,6.958920364456176,20.203574880043774,20.203574880043774,20.203574880043778,20.203574880043774,20.203574880043778,20.203574880043774,20.203574880043774,20.203574880043774,20.203574880043778,20.203574880043774,20.203574880043778,20.203574880043774,4.1091270316511475,4.109127031651147,6.958920364456175,20.203574880043774,20.203574880043778,20.203574880043774,20.203574880043774,20.203574880043774,20.203574880043774,20.203574880043778,4.109127031651147,0.2682380378007877,1.250298618161203,4.843887551276386,6.958920364456178,20.203574880043778,20.203574880043778,20.203574880043774,20.203574880043778,20.203574880043778,20.203574880043778,20.203574880043778,20.203574880043778,20.203574880043774,20.203574880043774,20.203574880043774,20.203574880043774,20.203574880043774,20.203574880043774,20.203574880043778,20.203574880043774,20.203574880043774,20.203574880043774,20.203574880043778,20.203574880043778,20.203574880043778,6.958920364456176,20.203574880043774,20.203574880043774,20.203574880043774,20.203574880043774,20.203574880043774,20.203574880043774,20.203574880043774,20.203574880043774,20.203574880043778,20.203574880043774,20.203574880043778,20.203574880043774,4.1091270316511475,4.109127031651147,0.0,4.843887551276386,20.203574880043778,20.203574880043774,20.203574880043774,20.203574880043774,20.203574880043774,20.203574880043774,4.843887551276386,0.7515827158461404,4.843887551276386,4.843887551276386,20.203574880043774,20.203574880043778,20.203574880043774,20.203574880043778,20.203574880043774,20.203574880043774,20.203574880043774,4.1091270316511475,4.1091270316511475,20.203574880043774,20.203574880043778,20.203574880043774,20.203574880043774,20.203574880043774,20.203574880043778,20.203574880043774,20.203574880043774,20.203574880043774,20.203574880043774,20.203574880043774,20.203574880043774,20.203574880043774,20.203574880043778,20.203574880043774,20.203574880043778,20.203574880043774,20.203574880043774,20.203574880043774,20.203574880043778,20.203574880043778,4.843887551276386,20.203574880043778,20.203574880043774,20.203574880043778,20.203574880043774,20.203574880043778,20.203574880043778,20.203574880043774,20.203574880043774,20.203574880043778,20.203574880043774,20.203574880043774,20.203574880043778,20.203574880043774,20.203574880043778,20.203574880043774,20.203574880043774,20.203574880043778,6.958920364456175,20.203574880043774,20.203574880043774,20.203574880043774,20.203574880043774,20.203574880043774,4.1091270316511475,4.1091270316511475,20.203574880043774,20.203574880043774,20.203574880043774,20.203574880043774,20.203574880043778,20.203574880043778,20.203574880043774,20.203574880043774,20.203574880043774,20.203574880043774,20.203574880043778,20.203574880043774,4.1091270316511475,20.203574880043778,20.203574880043774,20.203574880043774,20.203574880043774,20.203574880043778,20.203574880043778,20.203574880043774,20.203574880043774,20.203574880043774,20.203574880043778,20.203574880043778,20.203574880043774,8.401082459999701,20.203574880043774,4.1091270316511475,4.1091270316511475,20.203574880043774,20.203574880043774,20.203574880043774,20.203574880043774,20.203574880043774,20.203574880043774,20.203574880043774,20.203574880043778,20.203574880043774,20.203574880043774,20.203574880043774,20.203574880043774,4.1091270316511475,20.203574880043774,20.203574880043778,20.203574880043774,20.203574880043774,20.203574880043774,20.203574880043774,20.203574880043774,20.203574880043774,20.203574880043774,20.203574880043774,20.203574880043778,20.203574880043774,20.203574880043778,20.203574880043774,20.203574880043774,20.203574880043774,20.203574880043774,20.203574880043774,20.203574880043774,20.203574880043778,20.203574880043774,20.203574880043774,20.203574880043774,20.203574880043778,20.203574880043774
T50,4.843887551276386,6.958920364456178,20.203574880043778,20.203574880043778,20.203574880043778,20.203574880043778,20.203574880043778,20.203574880043778,20.203574880043778,20.203574880043778,20.203574880043778,20.203574880043778,20.203574880043778,20.203574880043778,4.843887551276387,4.843887551276387,6.958920364456176,20.203574880043778,20.203574880043778,20.203574880043778,20.203574880043778,20.203574880043778,20.203574880043778,20.203574880043778,4.843887551276387,4.843887551276386,4.843887551276386,1.2280229304821366,6.958920364456178,20.203574880043778,20.203574880043778,20.203574880043778,20.203574880043778,20.203574880043778,20.203574880043778,20.203574880043778,20.203574880043778,20.203574880043778,20.203574880043778,20.203574880043778,20.203574880043778,20.203574880043778,20.203574880043778,20.203574880043778,20.203574880043778,20.203574880043778,20.203574880043778,20.203574880043778,20.203574880043778,20.203574880043778,6.958920364456178,20.203574880043778,20.203574880043778,20.203574880043778,20.203574880043778,20.203574880043778,20.203574880043778,20.203574880043778,20.203574880043778,20.203574880043778,20.203574880043778,20.203574880043778,20.203574880043778,4.843887551276387,4.843887551276387,4.843887551276386,0.0,20.203574880043778,20.203574880043778,20.203574880043778,20.203574880043778,20.203574880043778,20.203574880043778,1.2280229304821364,4.843887551276386,0.4024144972833944,2.5468251308671404,20.203574880043778,20.203574880043778,20.203574880043778,20.203574880043778,20.203574880043778,20.203574880043778,20.203574880043778,4.843887551276387,4.843887551276387,20.203574880043778,20.203574880043778,20.203574880043778,20.203574880043778,20.203574880043778,20.203574880043778,20.203574880043778,20.203574880043778,20.203574880043778,20.203574880043778,20.203574880043778,20.203574880043778,20.203574880043778,20.203574880043778,20.203574880043778,20.203574880043778,20.203574880043778,20.203574880043778,20.203574880043778,20.203574880043778,20.203574880043778,1.2280229304821364,20.203574880043778,20.203574880043778,20.203574880043778,20.203574880043778,20.203574880043778,20.203574880043778,20.203574880043778,20.203574880043778,20.203574880043778,20.203574880043778,20.203574880043778,20.203574880043778,20.203574880043778,20.203574880043778,20.203574880043778,20.203574880043778,20.203574880043778,6.958920364456176,20.203574880043778,20.203574880043778,20.203574880043778,20.203574880043778,20.203574880043778,4.843887551276387,4.843887551276387,20.203574880043778,20.203574880043778,20.203574880043778,20.203574880043778,20.203574880043778,20.203574880043778,20.203574880043778,20.203574880043778,20.203574880043778,20.203574880043778,20.203574880043778,20.203574880043778,4.843887551276387,20.203574880043778,20.203574880043778,20.203574880043778,20.203574880043778,20.203574880043778,20.203574880043778,20.203574880043778,20.203574880043778,20.203574880043778,20.203574880043778,20.203574880043778,20.203574880043778,8.401082459999703,20.203574880043778,4.843887551276387,4.843887551276387,20.203574880043778,20.203574880043778,20.203574880043778,20.203574880043778,20.203574880043778,20.203574880043778,20.203574880043778,20.203574880043778,20.203574880043778,20.203574880043778,20.203574880043778,20.203574880043778,4.843887551276387,20.203574880043778,20.203574880043778,20.203574880043778,20.203574880043778,20.203574880043778,20.203574880043778,20.203574880043778,20.203574880043778,20.203574880043778,20.203574880043778,20.203574880043778,20.203574880043778,20.203574880043778,20.203574880043778,20.203574880043778,20.203574880043778,20.203574880043778,20.203574880043778,20.203574880043778,20.203574880043778,20.203574880043778,20.203574880043778,20.203574880043778,20.203574880043778,20.203574880043778
T192,20.203574880043778,20.203574880043778,9.130656188253344,13.179863404433373,0.3741594816524897,13.179863404433375,13.179863404433377,13.58496795171211,13.58496795171211,13.58496795171211,13.584967951712112,13.179863404433375,13.584967951712114,13.179863404433373,20.203574880043778,20.203574880043778,20.203574880043778,13.179863404433375,13.179863404433375,13.179863404433375,13.179863404433375,13.179863404433373,13.179863404433373,13.179863404433375,20.203574880043778,20.203574880043778,20.203574880043778,20.203574880043778,20.203574880043778,13.179863404433375,13.179863404433375,13.179863404433373,13.179863404433375,13.179863404433375,13.179863404433375,13.179863404433375,13.179863404433375,7.999928439366679,9.130656188253345,13.179863404433375,13.179863404433375,13.179863404433375,13.58496795171211,13.584967951712112,13.58496795171211,13.58496795171211,13.58496795171211,13.584967951712114,13.584967951712112,13.179863404433375,20.203574880043778,9.130656188253344,9.130656188253344,8.476536775462087,9.130656188253344,8.476536775462087,13.179863404433373,13.179863404433373,13.179863404433373,13.179863404433375,13.58496795171211,13.584967951712114,8.476536775462087,20.203574880043778,20.203574880043778,20.203574880043778,20.203574880043778,0.0,8.476536775462089,13.179863404433373,13.179863404433373,13.179863404433375,13.58496795171211,20.203574880043778,20.203574880043778,20.203574880043778,20.203574880043778,13.179863404433373,13.179863404433375,13.179863404433375,13.179863404433375,13.179863404433375,13.179863404433375,13.179863404433373,20.203574880043778,20.203574880043778,2.867509679963444,8.47653677546209,13.179863404433375,13.179863404433375,13.179863404433373,13.179863404433375,13.179863404433375,13.58496795171211,9.130656188253344,9.130656188253344,9.130656188253344,8.476536775462087,9.130656188253345,9.446669489257822,8.476536775462089,13.179863404433375,13.179863404433375,13.179863404433375,13.58496795171211,13.179863404433375,13.179863404433375,20.203574880043778,9.446669489257822,13.179863404433373,13.179863404433375,13.179863404433373,13.179863404433375,13.179863404433375,13.179863404433375,13.58496795171211,13.584967951712112,13.179863404433373,13.179863404433375,13.584967951712114,9.130656188253344,9.130656188253345,8.476536775462089,13.179863404433373,9.130656188253345,20.203574880043778,2.867509679963444,13.179863404433375,13.179863404433375,13.179863404433375,13.58496795171211,20.203574880043778,20.203574880043778,9.130656188253344,9.130656188253345,13.179863404433373,13.179863404433375,13.179863404433375,13.179863404433375,13.179863404433375,13.179863404433373,13.58496795171211,13.58496795171211,13.584967951712112,13.179863404433375,20.203574880043778,13.179863404433375,13.179863404433375,13.179863404433373,13.179863404433375,13.179863404433375,13.584967951712112,13.58496795171211,13.58496795171211,13.179863404433375,13.584967951712114,13.179863404433375,13.179863404433375,20.203574880043778,13.179863404433375,20.203574880043778,20.203574880043778,9.130656188253344,8.476536775462089,7.999928439366679,13.179863404433375,13.179863404433373,13.179863404433373,13.179863404433375,13.584967951712112,13.179863404433373,13.179863404433375,13.179863404433375,9.130656188253344,20.203574880043778,8.476536775462089,13.179863404433375,13.179863404433375,13.179863404433375,13.179863404433373,13.179863404433373,13.179863404433373,13.179863404433375,13.58496795171211,13.58496795171211,13.584967951712112,8.476536775462089,8.47653677546209,9.130656188253344,9.130656188253344,13.179863404433375,13.179863404433375,13.179863404433375,13.58496795171211,13.584967951712114,13.179863404433375,13.179863404433375,13.179863404433375,13.179863404433375,13.58496795171211
T108,20.203574880043774,20.203574880043778,9.130656188253342,13.179863404433371,8.476536775462089,13.179863404433373,13.179863404433375,13.58496795171211,13.58496795171211,13.58496795171211,13.58496795171211,13.179863404433373,13.584967951712114,13.179863404433371,20.203574880043778,20.203574880043778,20.203574880043774,13.179863404433373,13.179863404433375,13.179863404433373,13.179863404433373,13.179863404433371,13.179863404433371,13.179863404433375,20.203574880043778,20.203574880043774,20.203574880043774,20.203574880043778,20.203574880043778,13.179863404433375,13.179863404433375,13.179863404433371,13.179863404433375,13.179863404433375,13.179863404433375,13.179863404433375,13.179863404433375,8.476536775462087,9.130656188253344,13.179863404433373,13.179863404433373,13.179863404433373,13.58496795171211,13.58496795171211,13.58496795171211,13.58496795171211,13.58496795171211,13.584967951712114,13.58496795171211,13.179863404433375,20.203574880043778,9.130656188253342,9.130656188253342,6.621509368212761,9.130656188253342,1.399922334918029,13.179863404433371,13.179863404433371,13.179863404433371,13.179863404433375,13.58496795171211,13.584967951712112,1.399922334918029,20.203574880043778,20.203574880043778,20.203574880043774,20.203574880043778,8.476536775462089,0.0,13.179863404433371,13.179863404433371,13.179863404433373,13.58496795171211,20.203574880043778,20.203574880043774,20.203574880043778,20.203574880043778,13.179863404433371,13.179863404433375,13.179863404433373,13.179863404433375,13.179863404433373,13.179863404433373,13.179863404433371,20.203574880043778,20.203574880043778,8.476536775462087,6.569352205940358,13.179863404433373,13.179863404433373,13.179863404433371,13.179863404433375,13.179863404433373,13.58496795171211,9.130656188253342,9.130656188253342,9.130656188253342,6.621509368212761,9.130656188253344,9.446669489257818,0.2729951413732194,13.179863404433375,13.179863404433373,13.179863404433373,13.58496795171211,13.179863404433375,13.179863404433375,20.203574880043778,9.446669489257818,13.179863404433371,13.179863404433375,13.179863404433371,13.179863404433375,13.179863404433375,13.179863404433373,13.58496795171211,13.58496795171211,13.179863404433371,13.179863404433373,13.584967951712112,9.130656188253342,9.130656188253345,6.569352205940357,13.179863404433371,9.130656188253345,20.203574880043774,8.476536775462087,13.179863404433373,13.179863404433373,13.179863404433373,13.58496795171211,20.203574880043778,20.203574880043778,9.130656188253342,9.130656188253344,13.179863404433371,13.179863404433373,13.179863404433375,13.179863404433375,13.179863404433373,13.179863404433371,13.58496795171211,13.58496795171211,13.58496795171211,13.179863404433373,20.203574880043778,13.179863404433375,13.179863404433373,13.179863404433371,13.179863404433373,13.179863404433375,13.58496795171211,13.58496795171211,13.58496795171211,13.179863404433373,13.584967951712112,13.179863404433375,13.179863404433373,20.203574880043778,13.179863404433373,20.203574880043778,20.203574880043778,9.130656188253342,0.3235119816380015,8.476536775462087,13.179863404433373,13.179863404433371,13.179863404433371,13.179863404433373,13.58496795171211,13.179863404433371,13.179863404433373,13.179863404433373,9.130656188253342,20.203574880043778,6.621509368212763,13.179863404433375,13.179863404433373,13.179863404433373,13.179863404433371,13.179863404433371,13.179863404433371,13.179863404433373,13.58496795171211,13.58496795171211,13.58496795171211,1.556203637152553,6.569352205940358,9.130656188253342,9.130656188253342,13.179863404433373,13.179863404433373,13.179863404433373,13.58496795171211,13.584967951712112,13.179863404433373,13.179863404433373,13.179863404433373,13.179863404433375,13.58496795171211
T82,20.203574880043774,20.203574880043778,13.179863404433371,7.022614077073531,13.179863404433373,10.319929406503602,10.319929406503606,13.584967951712109,13.584967951712109,13.584967951712109,13.58496795171211,10.319929406503602,13.584967951712112,7.022614077073531,20.203574880043778,20.203574880043778,20.203574880043774,8.146882099671766,4.931322423087892,4.931322423087891,4.931322423087891,9.430873622398588,9.430873622398588,10.319929406503604,20.203574880043778,20.203574880043774,20.203574880043774,20.203574880043778,20.203574880043778,7.022614077073532,7.022614077073532,1.6780075144690854,2.9042231498455333,10.319929406503604,10.319929406503604,10.319929406503604,10.319929406503604,13.179863404433371,13.179863404433371,10.319929406503602,10.319929406503602,10.319929406503602,13.584967951712109,13.58496795171211,13.58496795171211,13.58496795171211,13.584967951712109,13.584967951712112,13.58496795171211,10.319929406503604,20.203574880043778,13.179863404433371,13.179863404433371,13.179863404433371,13.179863404433371,13.179863404433371,3.6976451461572775,9.430873622398588,9.43087362239859,10.319929406503606,13.584967951712109,13.58496795171211,13.179863404433371,20.203574880043778,20.203574880043778,20.203574880043774,20.203574880043778,13.179863404433373,13.179863404433371,0.0,9.430873622398588,10.319929406503602,13.584967951712109,20.203574880043778,20.203574880043774,20.203574880043778,20.203574880043778,9.430873622398588,10.319929406503604,10.319929406503602,10.319929406503606,10.319929406503602,10.319929406503602,7.022614077073531,20.203574880043778,20.203574880043778,13.179863404433371,13.179863404433375,4.741162807255681,9.43087362239859,9.43087362239859,10.319929406503604,10.319929406503602,13.584967951712109,13.179863404433371,13.179863404433371,13.179863404433371,13.179863404433371,13.179863404433371,13.179863404433375,13.179863404433371,4.931322423087892,4.931322423087891,9.43087362239859,13.58496795171211,10.319929406503604,10.319929406503604,20.203574880043778,13.179863404433375,3.6976451461572775,4.931322423087892,9.43087362239859,10.319929406503606,10.319929406503604,10.319929406503602,13.584967951712109,13.58496795171211,9.430873622398588,10.319929406503602,13.58496795171211,13.179863404433371,13.179863404433373,13.179863404433371,7.022614077073531,13.179863404433373,20.203574880043774,13.179863404433371,8.146882099671766,7.0226140770735315,9.43087362239859,13.58496795171211,20.203574880043778,20.203574880043778,13.179863404433371,13.179863404433371,7.022614077073531,4.741162807255681,4.741162807255683,2.9042231498455333,4.931322423087891,9.43087362239859,13.58496795171211,13.58496795171211,13.58496795171211,10.319929406503602,20.203574880043778,4.931322423087892,4.931322423087891,9.43087362239859,10.319929406503602,10.319929406503604,13.58496795171211,13.58496795171211,13.58496795171211,10.319929406503602,13.58496795171211,10.319929406503606,10.319929406503602,20.203574880043778,8.146882099671766,20.203574880043778,20.203574880043778,13.179863404433371,13.179863404433371,13.179863404433371,8.146882099671766,9.430873622398588,9.43087362239859,10.319929406503602,13.58496795171211,9.43087362239859,10.319929406503602,10.319929406503602,13.179863404433371,20.203574880043778,13.179863404433371,7.022614077073532,4.931322423087891,9.43087362239859,9.43087362239859,9.43087362239859,9.430873622398588,10.319929406503602,13.58496795171211,13.584967951712109,13.58496795171211,13.179863404433371,13.179863404433375,13.179863404433371,13.179863404433371,4.741162807255681,4.931322423087891,10.319929406503602,13.584967951712109,13.58496795171211,9.43087362239859,10.319929406503602,10.319929406503602,10.319929406503604,13.584967951712109
T24,20.203574880043774,20.203574880043778,13.179863404433371,9.430873622398588,13.179863404433373,10.319929406503602,10.319929406503606,13.584967951712109,13.584967951712109,13.584967951712109,13.58496795171211,10.319929406503602,13.584967951712112,9.430873622398588,20.203574880043778,20.203574880043778,20.203574880043774,9.43087362239859,9.43087362239859,9.43087362239859,9.43087362239859,2.815921463379598,0.0708808391633467,10.319929406503604,20.203574880043778,20.203574880043774,20.203574880043774,20.203574880043778,20.203574880043778,9.43087362239859,9.43087362239859,9.430873622398588,9.43087362239859,10.319929406503604,10.319929406503604,10.319929406503604,10.319929406503604,13.179863404433371,13.179863404433371,10.319929406503602,10.319929406503602,10.319929406503602,13.584967951712109,13.58496795171211,13.58496795171211,13.58496795171211,13.584967951712109,13.584967951712112,13.58496795171211,10.319929406503604,20.203574880043778,13.179863404433371,13.179863404433371,13.179863404433371,13.179863404433371,13.179863404433371,9.430873622398588,0.7167686157151203,7.88370570795961,10.319929406503606,13.584967951712109,13.58496795171211,13.179863404433371,20.203574880043778,20.203574880043778,20.203574880043774,20.203574880043778,13.179863404433373,13.179863404433371,9.430873622398588,0.0,10.319929406503602,13.584967951712109,20.203574880043778,20.203574880043774,20.203574880043778,20.203574880043778,2.815921463379598,10.319929406503604,10.319929406503602,10.319929406503606,10.319929406503602,10.319929406503602,9.430873622398588,20.203574880043778,20.203574880043778,13.179863404433371,13.179863404433375,9.43087362239859,7.549699367992667,2.3090995837757062,10.319929406503604,10.319929406503602,13.584967951712109,13.179863404433371,13.179863404433371,13.179863404433371,13.179863404433371,13.179863404433371,13.179863404433375,13.179863404433371,9.43087362239859,9.43087362239859,7.549699367992667,13.58496795171211,10.319929406503604,10.319929406503604,20.203574880043778,13.179863404433375,9.430873622398588,9.43087362239859,7.315471920686967,10.319929406503606,10.319929406503604,10.319929406503602,13.584967951712109,13.58496795171211,2.815921463379598,10.319929406503602,13.58496795171211,13.179863404433371,13.179863404433373,13.179863404433371,9.430873622398588,13.179863404433373,20.203574880043774,13.179863404433371,9.43087362239859,9.43087362239859,7.549699367992667,13.58496795171211,20.203574880043778,20.203574880043778,13.179863404433371,13.179863404433371,9.430873622398588,9.43087362239859,9.430873622398591,9.43087362239859,9.43087362239859,2.3090995837757062,13.58496795171211,13.58496795171211,13.58496795171211,10.319929406503602,20.203574880043778,9.43087362239859,9.43087362239859,7.315471920686967,10.319929406503602,10.319929406503604,13.58496795171211,13.58496795171211,13.58496795171211,10.319929406503602,13.58496795171211,10.319929406503606,10.319929406503602,20.203574880043778,9.43087362239859,20.203574880043778,20.203574880043778,13.179863404433371,13.179863404433371,13.179863404433371,9.43087362239859,2.815921463379598,2.3090995837757062,10.319929406503602,13.58496795171211,2.3090995837757062,10.319929406503602,10.319929406503602,13.179863404433371,20.203574880043778,13.179863404433371,9.43087362239859,9.43087362239859,7.549699367992667,7.315471920686967,2.3090995837757062,2.3090995837757062,10.319929406503602,13.58496795171211,13.584967951712109,13.58496795171211,13.179863404433371,13.179863404433375,13.179863404433371,13.179863404433371,9.43087362239859,9.43087362239859,10.319929406503602,13.584967951712109,13.58496795171211,7.549699367992667,10.319929406503602,10.319929406503602,10.319929406503604,13.584967951712109
T40,20.203574880043774,20.203574880043778,13.179863404433371,10.319929406503602,13.179863404433375,6.083105547433789,7.235889181701199,13.58496795171211,13.58496795171211,13.58496795171211,13.58496795171211,7.2358891817011965,13.584967951712114,10.319929406503602,20.203574880043778,20.203574880043778,20.203574880043774,10.319929406503604,10.319929406503606,10.319929406503604,10.319929406503604,10.319929406503602,10.319929406503602,8.628624096335662,20.203574880043778,20.203574880043774,20.203574880043774,20.203574880043778,20.203574880043778,10.319929406503606,10.319929406503606,10.319929406503602,10.319929406503606,8.628624096335662,8.628624096335662,8.628624096335662,7.235889181701197,13.179863404433371,13.179863404433373,6.083105547433789,6.083105547433789,6.083105547433789,13.58496795171211,13.58496795171211,13.58496795171211,13.58496795171211,13.58496795171211,13.584967951712114,13.58496795171211,8.628624096335662,20.203574880043778,13.179863404433371,13.179863404433371,13.179863404433373,13.179863404433371,13.179863404433373,10.319929406503602,10.319929406503602,10.319929406503602,8.628624096335662,13.58496795171211,13.584967951712112,13.179863404433373,20.203574880043778,20.203574880043778,20.203574880043774,20.203574880043778,13.179863404433375,13.179863404433373,10.319929406503602,10.319929406503602,0.0,13.58496795171211,20.203574880043778,20.203574880043774,20.203574880043778,20.203574880043778,10.319929406503602,8.628624096335662,0.40531891223887834,3.311913351753763,7.2358891817011965,6.083105547433789,10.319929406503602,20.203574880043778,20.203574880043778,13.179863404433373,13.179863404433375,10.319929406503604,10.319929406503604,10.319929406503602,8.628624096335662,6.083105547433789,13.58496795171211,13.179863404433371,13.179863404433371,13.179863404433371,13.179863404433373,13.179863404433373,13.179863404433375,13.179863404433373,10.319929406503606,10.319929406503604,10.319929406503604,13.58496795171211,8.628624096335662,7.235889181701197,20.203574880043778,13.179863404433375,10.319929406503602,10.319929406503606,10.319929406503602,8.628624096335662,8.628624096335662,2.253373479778941,13.58496795171211,13.58496795171211,10.319929406503602,6.083105547433789,13.584967951712112,13.179863404433371,13.179863404433375,13.179863404433373,10.319929406503602,13.179863404433375,20.203574880043774,13.179863404433373,10.319929406503604,10.319929406503604,10.319929406503604,13.58496795171211,20.203574880043778,20.203574880043778,13.179863404433371,13.179863404433373,10.319929406503602,10.319929406503604,10.319929406503606,10.319929406503606,10.319929406503604,10.319929406503602,13.58496795171211,13.58496795171211,13.58496795171211,6.083105547433789,20.203574880043778,10.319929406503606,10.319929406503604,10.319929406503602,0.378298983162723,7.235889181701197,13.58496795171211,13.58496795171211,13.58496795171211,7.2358891817011965,13.584967951712112,8.628624096335662,6.083105547433789,20.203574880043778,10.319929406503604,20.203574880043778,20.203574880043778,13.179863404433371,13.179863404433373,13.179863404433371,10.319929406503604,10.319929406503602,10.319929406503602,6.083105547433789,13.58496795171211,10.319929406503602,6.083105547433789,6.083105547433789,13.179863404433371,20.203574880043778,13.179863404433373,10.319929406503606,10.319929406503604,10.319929406503604,10.319929406503602,10.319929406503602,10.319929406503602,6.083105547433789,13.58496795171211,13.58496795171211,13.58496795171211,13.179863404433373,13.179863404433375,13.179863404433371,13.179863404433371,10.319929406503604,10.319929406503604,8.62862409633566,13.58496795171211,13.584967951712112,10.319929406503604,7.2358891817011965,6.083105547433789,7.235889181701197,13.58496795171211
T1,20.203574880043774,20.203574880043778,13.584967951712109,13.584967951712109,13.58496795171211,13.58496795171211,13.584967951712112,2.765865610216939,1.7770476313727064,1.9618461849906554,10.957120558947592,13.58496795171211,10.957120558947594,13.584967951712109,20.203574880043778,20.203574880043778,20.203574880043774,13.58496795171211,13.58496795171211,13.58496795171211,13.58496795171211,13.584967951712109,13.584967951712109,13.58496795171211,20.203574880043778,20.203574880043774,20.203574880043774,20.203574880043778,20.203574880043778,13.58496795171211,13.58496795171211,13.584967951712109,13.58496795171211,13.58496795171211,13.58496795171211,13.58496795171211,13.58496795171211,13.584967951712109,13.58496795171211,13.58496795171211,13.58496795171211,13.58496795171211,2.758288618266965,10.957120558947592,10.957120558947592,10.957120558947592,2.7658656102169394,10.957120558947594,10.957120558947592,13.58496795171211,20.203574880043778,13.584967951712109,13.584967951712109,13.58496795171211,13.584967951712109,13.58496795171211,13.584967951712109,13.584967951712109,13.584967951712109,13.58496795171211,2.7658656102169394,10.957120558947592,13.58496795171211,20.203574880043778,20.203574880043778,20.203574880043774,20.203574880043778,13.58496795171211,13.58496795171211,13.584967951712109,13.584967951712109,13.58496795171211,0.0,20.203574880043778,20.203574880043774,20.203574880043778,20.203574880043778,13.584967951712109,13.58496795171211,13.58496795171211,13.58496795171211,13.58496795171211,13.58496795171211,13.584967951712109,20.203574880043778,20.203574880043778,13.58496795171211,13.58496795171211,13.58496795171211,13.58496795171211,13.584967951712109,13.58496795171211,13.58496795171211,2.318462834899551,13.584967951712109,13.584967951712109,13.584967951712109,13.58496795171211,13.58496795171211,13.58496795171211,13.58496795171211,13.58496795171211,13.58496795171211,13.58496795171211,10.957120558947592,13.58496795171211,13.58496795171211,20.203574880043778,13.58496795171211,13.584967951712109,13.58496795171211,13.584967951712109,13.58496795171211,13.58496795171211,13.58496795171211,2.765865610216939,10.957120558947592,13.584967951712109,13.58496795171211,10.957120558947592,13.584967951712109,13.58496795171211,13.58496795171211,13.584967951712109,13.58496795171211,20.203574880043774,13.58496795171211,13.58496795171211,13.58496795171211,13.58496795171211,10.957120558947592,20.203574880043778,20.203574880043778,13.584967951712109,13.58496795171211,13.584967951712109,13.58496795171211,13.58496795171211,13.58496795171211,13.58496795171211,13.584967951712109,5.552367763166497,5.552367763166497,10.957120558947592,13.58496795171211,20.203574880043778,13.58496795171211,13.58496795171211,13.584967951712109,13.58496795171211,13.58496795171211,10.957120558947592,10.957120558947592,10.957120558947592,13.58496795171211,10.957120558947592,13.58496795171211,13.58496795171211,20.203574880043778,13.58496795171211,20.203574880043778,20.203574880043778,13.584967951712109,13.58496795171211,13.584967951712109,13.58496795171211,13.584967951712109,13.584967951712109,13.58496795171211,10.957120558947592,13.584967951712109,13.58496795171211,13.58496795171211,13.584967951712109,20.203574880043778,13.58496795171211,13.58496795171211,13.58496795171211,13.58496795171211,13.584967951712109,13.584967951712109,13.584967951712109,13.58496795171211,10.957120558947592,2.758288618266965,10.957120558947592,13.58496795171211,13.58496795171211,13.584967951712109,13.584967951712109,13.58496795171211,13.58496795171211,13.58496795171211,2.758288618266965,10.957120558947592,13.58496795171211,13.58496795171211,13.58496795171211,13.58496795171211,2.318462834899551
T103,4.843887551276386,6.958920364456178,20.203574880043778,20.203574880043778,20.203574880043778,20.203574880043778,20.203574880043778,20.203574880043778,20.203574880043778,20.203574880043778,20.203574880043778,20.203574880043778,20.203574880043778,20.203574880043778,4.843887551276387,4.843887551276387,6.958920364456176,20.203574880043778,20.203574880043778,20.203574880043778,20.203574880043778,20.203574880043778,20.203574880043778,20.203574880043778,4.843887551276387,4.843887551276386,4.843887551276386,0.9960550843714051,6.958920364456178,20.203574880043778,20.203574880043778,20.203574880043778,20.203574880043778,20.203574880043778,20.203574880043778,20.203574880043778,20.203574880043778,20.203574880043778,20.203574880043778,20.203574880043778,20.203574880043778,20.203574880043778,20.203574880043778,20.203574880043778,20.203574880043778,20.203574880043778,20.203574880043778,20.203574880043778,20.203574880043778,20.203574880043778,6.958920364456178,20.203574880043778,20.203574880043778,20.203574880043778,20.203574880043778,20.203574880043778,20.203574880043778,20.203574880043778,20.203574880043778,20.203574880043778,20.203574880043778,20.203574880043778,20.203574880043778,4.843887551276387,4.843887551276387,4.843887551276386,1.2280229304821364,20.203574880043778,20.203574880043778,20.203574880043778,20.203574880043778,20.203574880043778,20.203574880043778,0.0,4.843887551276386,1.2280229304821364,2.5468251308671404,20.203574880043778,20.203574880043778,20.203574880043778,20.203574880043778,20.203574880043778,20.203574880043778,20.203574880043778,4.843887551276387,4.843887551276387,20.203574880043778,20.203574880043778,20.203574880043778,20.203574880043778,20.203574880043778,20.203574880043778,20.203574880043778,20.203574880043778,20.203574880043778,20.203574880043778,20.203574880043778,20.203574880043778,20.203574880043778,20.203574880043778,20.203574880043778,20.203574880043778,20.203574880043778,20.203574880043778,20.203574880043778,20.203574880043778,20.203574880043778,0.01924052402577916,20.203574880043778,20.203574880043778,20.203574880043778,20.203574880043778,20.203574880043778,20.203574880043778,20.203574880043778,20.203574880043778,20.203574880043778,20.203574880043778,20.203574880043778,20.203574880043778,20.203574880043778,20.203574880043778,20.203574880043778,20.203574880043778,20.203574880043778,6.958920364456176,20.203574880043778,20.203574880043778,20.203574880043778,20.203574880043778,20.203574880043778,4.843887551276387,4.843887551276387,20.203574880043778,20.203574880043778,20.203574880043778,20.203574880043778,20.203574880043778,20.203574880043778,20.203574880043778,20.203574880043778,20.203574880043778,20.203574880043778,20.203574880043778,20.203574880043778,4.843887551276387,20.203574880043778,20.203574880043778,20.203574880043778,20.203574880043778,20.203574880043778,20.203574880043778,20.203574880043778,20.203574880043778,20.203574880043778,20.203574880043778,20.203574880043778,20.203574880043778,8.401082459999703,20.203574880043778,4.843887551276387,4.843887551276387,20.203574880043778,20.203574880043778,20.203574880043778,20.203574880043778,20.203574880043778,20.203574880043778,20.203574880043778,20.203574880043778,20.203574880043778,20.203574880043778,20.203574880043778,20.203574880043778,4.843887551276387,20.203574880043778,20.203574880043778,20.203574880043778,20.203574880043778,20.203574880043778,20.203574880043778,20.203574880043778,20.203574880043778,20.203574880043778,20.203574880043778,20.203574880043778,20.203574880043778,20.203574880043778,20.203574880043778,20.203574880043778,20.203574880043778,20.203574880043778,20.203574880043778,20.203574880043778,20.203574880043778,20.203574880043778,20.203574880043778,20.203574880043778,20.203574880043778,20.203574880043778
T77,0.16797618123956096,6.958920364456176,20.203574880043774,20.203574880043774,20.203574880043778,20.203574880043774,20.203574880043778,20.203574880043774,20.203574880043774,20.203574880043774,20.203574880043778,20.203574880043774,20.203574880043778,20.203574880043774,4.1091270316511475,4.109127031651147,6.958920364456175,20.203574880043774,20.203574880043778,20.203574880043774,20.203574880043774,20.203574880043774,20.203574880043774,20.203574880043778,4.109127031651147,0.7515827158461404,1.250298618161203,4.843887551276386,6.958920364456178,20.203574880043778,20.203574880043778,20.203574880043774,20.203574880043778,20.203574880043778,20.203574880043778,20.203574880043778,20.203574880043778,20.203574880043774,20.203574880043774,20.203574880043774,20.203574880043774,20.203574880043774,20.203574880043774,20.203574880043778,20.203574880043774,20.203574880043774,20.203574880043774,20.203574880043778,20.203574880043778,20.203574880043778,6.958920364456176,20.203574880043774,20.203574880043774,20.203574880043774,20.203574880043774,20.203574880043774,20.203574880043774,20.203574880043774,20.203574880043774,20.203574880043778,20.203574880043774,20.203574880043778,20.203574880043774,4.1091270316511475,4.109127031651147,0.7515827158461404,4.843887551276386,20.203574880043778,20.203574880043774,20.203574880043774,20.203574880043774,20.203574880043774,20.203574880043774,4.843887551276386,0.0,4.843887551276386,4.843887551276386,20.203574880043774,20.203574880043778,20.203574880043774,20.203574880043778,20.203574880043774,20.203574880043774,20.203574880043774,4.1091270316511475,4.1091270316511475,20.203574880043774,20.203574880043778,20.203574880043774,20.203574880043774,20.203574880043774,20.203574880043778,20.203574880043774,20.203574880043774,20.203574880043774,20.203574880043774,20.203574880043774,20.203574880043774,20.203574880043774,20.203574880043778,20.203574880043774,20.203574880043778,20.203574880043774,20.203574880043774,20.203574880043774,20.203574880043778,20.203574880043778,4.843887551276386,20.203574880043778,20.203574880043774,20.203574880043778,20.203574880043774,20.203574880043778,20.203574880043778,20.203574880043774,20.203574880043774,20.203574880043778,20.203574880043774,20.203574880043774,20.203574880043778,20.203574880043774,20.203574880043778,20.203574880043774,20.203574880043774,20.203574880043778,6.958920364456175,20.203574880043774,20.203574880043774,20.203574880043774,20.203574880043774,20.203574880043774,4.1091270316511475,4.1091270316511475,20.203574880043774,20.203574880043774,20.203574880043774,20.203574880043774,20.203574880043778,20.203574880043778,20.203574880043774,20.203574880043774,20.203574880043774,20.203574880043774,20.203574880043778,20.203574880043774,4.1091270316511475,20.203574880043778,20.203574880043774,20.203574880043774,20.203574880043774,20.203574880043778,20.203574880043778,20.203574880043774,20.203574880043774,20.203574880043774,20.203574880043778,20.203574880043778,20.203574880043774,8.401082459999701,20.203574880043774,4.1091270316511475,4.1091270316511475,20.203574880043774,20.203574880043774,20.203574880043774,20.203574880043774,20.203574880043774,20.203574880043774,20.203574880043774,20.203574880043778,20.203574880043774,20.203574880043774,20.203574880043774,20.203574880043774,4.1091270316511475,20.203574880043774,20.203574880043778,20.203574880043774,20.203574880043774,20.203574880043774,20.203574880043774,20.203574880043774,20.203574880043774,20.203574880043774,20.203574880043774,20.203574880043778,20.203574880043774,20.203574880043778,20.203574880043774,20.203574880043774,20.203574880043774,20.203574880043774,20.203574880043774,20.203574880043774,20.203574880043778,20.203574880043774,20.203574880043774,20.203574880043774,20.203574880043778,20.203574880043774
T145,4.843887551276386,6.958920364456178,20.203574880043778,20.203574880043778,20.203574880043778,20.203574880043778,20.203574880043778,20.203574880043778,20.203574880043778,20.203574880043778,20.203574880043778,20.203574880043778,20.203574880043778,20.203574880043778,4.843887551276387,4.843887551276387,6.958920364456176,20.203574880043778,20.203574880043778,20.203574880043778,20.203574880043778,20.203574880043778,20.203574880043778,20.203574880043778,4.843887551276387,4.843887551276386,4.843887551276386,1.2280229304821366,6.958920364456178,20.203574880043778,20.203574880043778,20.203574880043778,20.203574880043778,20.203574880043778,20.203574880043778,20.203574880043778,20.203574880043778,20.203574880043778,20.203574880043778,20.203574880043778,20.203574880043778,20.203574880043778,20.203574880043778,20.203574880043778,20.203574880043778,20.203574880043778,20.203574880043778,20.203574880043778,20.203574880043778,20.203574880043778,6.958920364456178,20.203574880043778,20.203574880043778,20.203574880043778,20.203574880043778,20.203574880043778,20.203574880043778,20.203574880043778,20.203574880043778,20.203574880043778,20.203574880043778,20.203574880043778,20.203574880043778,4.843887551276387,4.843887551276387,4.843887551276386,0.4024144972833944,20.203574880043778,20.203574880043778,20.203574880043778,20.203574880043778,20.203574880043778,20.203574880043778,1.2280229304821364,4.843887551276386,0.0,2.5468251308671404,20.203574880043778,20.203574880043778,20.203574880043778,20.203574880043778,20.203574880043778,20.203574880043778,20.203574880043778,4.843887551276387,4.843887551276387,20.203574880043778,20.203574880043778,20.203574880043778,20.203574880043778,20.203574880043778,20.203574880043778,20.203574880043778,20.203574880043778,20.203574880043778,20.203574880043778,20.203574880043778,20.203574880043778,20.203574880043778,20.203574880043778,20.203574880043778,20.203574880043778,20.203574880043778,20.203574880043778,20.203574880043778,20.203574880043778,20.203574880043778,1.2280229304821364,20.203574880043778,20.203574880043778,20.203574880043778,20.203574880043778,20.203574880043778,20.203574880043778,20.203574880043778,20.203574880043778,20.203574880043778,20.203574880043778,20.203574880043778,20.203574880043778,20.203574880043778,20.203574880043778,20.203574880043778,20.203574880043778,20.203574880043778,6.958920364456176,20.203574880043778,20.203574880043778,20.203574880043778,20.203574880043778,20.203574880043778,4.843887551276387,4.843887551276387,20.203574880043778,20.203574880043778,20.203574880043778,20.203574880043778,20.203574880043778,20.203574880043778,20.203574880043778,20.203574880043778,20.203574880043778,20.203574880043778,20.203574880043778,20.203574880043778,4.843887551276387,20.203574880043778,20.203574880043778,20.203574880043778,20.203574880043778,20.203574880043778,20.203574880043778,20.203574880043778,20.203574880043778,20.203574880043778,20.203574880043778,20.203574880043778,20.203574880043778,8.401082459999703,20.203574880043778,4.843887551276387,4.843887551276387,20.203574880043778,20.203574880043778,20.203574880043778,20.203574880043778,20.203574880043778,20.203574880043778,20.203574880043778,20.203574880043778,20.203574880043778,20.203574880043778,20.203574880043778,20.203574880043778,4.843887551276387,20.203574880043778,20.203574880043778,20.203574880043778,20.203574880043778,20.203574880043778,20.203574880043778,20.203574880043778,20.203574880043778,20.203574880043778,20.203574880043778,20.203574880043778,20.203574880043778,20.203574880043778,20.203574880043778,20.203574880043778,20.203574880043778,20.203574880043778,20.203574880043778,20.203574880043778,20.203574880043778,20.203574880043778,20.203574880043778,20.203574880043778,20.203574880043778,20.203574880043778
T187,4.843887551276386,6.958920364456178,20.203574880043778,20.203574880043778,20.203574880043778,20.203574880043778,20.203574880043778,20.203574880043778,20.203574880043778,20.203574880043778,20.203574880043778,20.203574880043778,20.203574880043778,20.203574880043778,4.843887551276387,4.843887551276387,6.958920364456176,20.203574880043778,20.203574880043778,20.203574880043778,20.203574880043778,20.203574880043778,20.203574880043778,20.203574880043778,4.843887551276387,4.843887551276386,4.843887551276386,2.5468251308671404,6.958920364456178,20.203574880043778,20.203574880043778,20.203574880043778,20.203574880043778,20.203574880043778,20.203574880043778,20.203574880043778,20.203574880043778,20.203574880043778,20.203574880043778,20.203574880043778,20.203574880043778,20.203574880043778,20.203574880043778,20.203574880043778,20.203574880043778,20.203574880043778,20.203574880043778,20.203574880043778,20.203574880043778,20.203574880043778,6.958920364456178,20.203574880043778,20.203574880043778,20.203574880043778,20.203574880043778,20.203574880043778,20.203574880043778,20.203574880043778,20.203574880043778,20.203574880043778,20.203574880043778,20.203574880043778,20.203574880043778,4.843887551276387,4.843887551276387,4.843887551276386,2.5468251308671404,20.203574880043778,20.203574880043778,20.203574880043778,20.203574880043778,20.203574880043778,20.203574880043778,2.5468251308671404,4.843887551276386,2.5468251308671404,0.0,20.203574880043778,20.203574880043778,20.203574880043778,20.203574880043778,20.203574880043778,20.203574880043778,20.203574880043778,4.843887551276387,4.843887551276387,20.203574880043778,20.203574880043778,20.203574880043778,20.203574880043778,20.203574880043778,20.203574880043778,20.203574880043778,20.203574880043778,20.203574880043778,20.203574880043778,20.203574880043778,20.203574880043778,20.203574880043778,20.203574880043778,20.203574880043778,20.203574880043778,20.203574880043778,20.203574880043778,20.203574880043778,20.203574880043778,20.203574880043778,2.5468251308671404,20.203574880043778,20.203574880043778,20.203574880043778,20.203574880043778,20.203574880043778,20.203574880043778,20.203574880043778,20.203574880043778,20.203574880043778,20.203574880043778,20.203574880043778,20.203574880043778,20.203574880043778,20.203574880043778,20.203574880043778,20.203574880043778,20.203574880043778,6.958920364456176,20.203574880043778,20.203574880043778,20.203574880043778,20.203574880043778,20.203574880043778,4.843887551276387,4.843887551276387,20.203574880043778,20.203574880043778,20.203574880043778,20.203574880043778,20.203574880043778,20.203574880043778,20.203574880043778,20.203574880043778,20.203574880043778,20.203574880043778,20.203574880043778,20.203574880043778,4.843887551276387,20.203574880043778,20.203574880043778,20.203574880043778,20.203574880043778,20.203574880043778,20.203574880043778,20.203574880043778,20.203574880043778,20.203574880043778,20.203574880043778,20.203574880043778,20.203574880043778,8.401082459999703,20.203574880043778,4.843887551276387,4.843887551276387,20.203574880043778,20.203574880043778,20.203574880043778,20.203574880043778,20.203574880043778,20.203574880043778,20.203574880043778,20.203574880043778,20.203574880043778,20.203574880043778,20.203574880043778,20.203574880043778,4.843887551276387,20.203574880043778,20.203574880043778,20.203574880043778,20.203574880043778,20.203574880043778,20.203574880043778,20.203574880043778,20.203574880043778,20.203574880043778,20.203574880043778,20.203574880043778,20.203574880043778,20.203574880043778,20.203574880043778,20.203574880043778,20.203574880043778,20.203574880043778,20.203574880043778,20.203574880043778,20.203574880043778,20.203574880043778,20.203574880043778,20.203574880043778,20.203574880043778,20.203574880043778
T19,20.203574880043774,20.203574880043778,13.179863404433371,9.430873622398588,13.179863404433373,10.319929406503602,10.319929406503606,13.584967951712109,13.584967951712109,13.584967951712109,13.58496795171211,10.319929406503602,13.584967951712112,9.430873622398588,20.203574880043778,20.203574880043778,20.203574880043774,9.43087362239859,9.43087362239859,9.43087362239859,9.43087362239859,0.3504034377477378,2.815921463379598,10.319929406503604,20.203574880043778,20.203574880043774,20.203574880043774,20.203574880043778,20.203574880043778,9.43087362239859,9.43087362239859,9.430873622398588,9.43087362239859,10.319929406503604,10.319929406503604,10.319929406503604,10.319929406503604,13.179863404433371,13.179863404433371,10.319929406503602,10.319929406503602,10.319929406503602,13.584967951712109,13.58496795171211,13.58496795171211,13.58496795171211,13.584967951712109,13.584967951712112,13.58496795171211,10.319929406503604,20.203574880043778,13.179863404433371,13.179863404433371,13.179863404433371,13.179863404433371,13.179863404433371,9.430873622398588,2.815921463379598,7.88370570795961,10.319929406503606,13.584967951712109,13.58496795171211,13.179863404433371,20.203574880043778,20.203574880043778,20.203574880043774,20.203574880043778,13.179863404433373,13.179863404433371,9.430873622398588,2.815921463379598,10.319929406503602,13.584967951712109,20.203574880043778,20.203574880043774,20.203574880043778,20.203574880043778,0.0,10.319929406503604,10.319929406503602,10.319929406503606,10.319929406503602,10.319929406503602,9.430873622398588,20.203574880043778,20.203574880043778,13.179863404433371,13.179863404433375,9.43087362239859,7.549699367992667,2.8159214633795986,10.319929406503604,10.319929406503602,13.584967951712109,13.179863404433371,13.179863404433371,13.179863404433371,13.179863404433371,13.179863404433371,13.179863404433375,13.179863404433371,9.43087362239859,9.43087362239859,7.549699367992667,13.58496795171211,10.319929406503604,10.319929406503604,20.203574880043778,13.179863404433375,9.430873622398588,9.43087362239859,7.315471920686967,10.319929406503606,10.319929406503604,10.319929406503602,13.584967951712109,13.58496795171211,0.14353530440644707,10.319929406503602,13.58496795171211,13.179863404433371,13.179863404433373,13.179863404433371,9.430873622398588,13.179863404433373,20.203574880043774,13.179863404433371,9.43087362239859,9.43087362239859,7.549699367992667,13.58496795171211,20.203574880043778,20.203574880043778,13.179863404433371,13.179863404433371,9.430873622398588,9.43087362239859,9.430873622398591,9.43087362239859,9.43087362239859,2.8159214633795986,13.58496795171211,13.58496795171211,13.58496795171211,10.319929406503602,20.203574880043778,9.43087362239859,9.43087362239859,7.315471920686967,10.319929406503602,10.319929406503604,13.58496795171211,13.58496795171211,13.58496795171211,10.319929406503602,13.58496795171211,10.319929406503606,10.319929406503602,20.203574880043778,9.43087362239859,20.203574880043778,20.203574880043778,13.179863404433371,13.179863404433371,13.179863404433371,9.43087362239859,0.14353530440644707,2.8159214633795986,10.319929406503602,13.58496795171211,2.8159214633795986,10.319929406503602,10.319929406503602,13.179863404433371,20.203574880043778,13.179863404433371,9.43087362239859,9.43087362239859,7.549699367992667,7.315471920686967,2.8159214633795986,2.815921463379598,10.319929406503602,13.58496795171211,13.584967951712109,13.58496795171211,13.179863404433371,13.179863404433375,13.179863404433371,13.179863404433371,9.43087362239859,9.43087362239859,10.319929406503602,13.584967951712109,13.58496795171211,7.549699367992667,10.319929406503602,10.319929406503602,10.319929406503604,13.584967951712109
T119,20.203574880043778,20.203574880043778,13.179863404433373,10.319929406503604,13.179863404433375,8.628624096335662,8.628624096335663,13.58496795171211,13.58496795171211,13.58496795171211,13.584967951712112,8.62862409633566,13.584967951712114,10.319929406503604,20.203574880043778,20.203574880043778,20.203574880043778,10.319929406503606,10.319929406503606,10.319929406503606,10.319929406503606,10.319929406503604,10.319929406503604,6.102844446589002,20.203574880043778,20.203574880043778,20.203574880043778,20.203574880043778,20.203574880043778,10.319929406503606,10.319929406503606,10.319929406503604,10.319929406503606,3.929127478608706,4.685229135010051,6.102844446589002,8.628624096335662,13.179863404433373,13.179863404433375,8.628624096335662,8.628624096335662,8.628624096335662,13.58496795171211,13.584967951712112,13.58496795171211,13.58496795171211,13.58496795171211,13.584967951712114,13.584967951712112,3.929127478608706,20.203574880043778,13.179863404433373,13.179863404433373,13.179863404433375,13.179863404433373,13.179863404433375,10.319929406503604,10.319929406503604,10.319929406503604,6.102844446589003,13.58496795171211,13.584967951712114,13.179863404433375,20.203574880043778,20.203574880043778,20.203574880043778,20.203574880043778,13.179863404433375,13.179863404433375,10.319929406503604,10.319929406503604,8.628624096335662,13.58496795171211,20.203574880043778,20.203574880043778,20.203574880043778,20.203574880043778,10.319929406503604,0.0,8.628624096335662,8.628624096335663,8.62862409633566,8.628624096335662,10.319929406503604,20.203574880043778,20.203574880043778,13.179863404433375,13.179863404433375,10.319929406503606,10.319929406503606,10.319929406503604,1.1586921790856928,8.628624096335662,13.58496795171211,13.179863404433373,13.179863404433373,13.179863404433373,13.179863404433375,13.179863404433375,13.179863404433375,13.179863404433375,10.319929406503606,10.319929406503606,10.319929406503606,13.58496795171211,1.1586921790856928,8.628624096335662,20.203574880043778,13.179863404433375,10.319929406503604,10.319929406503606,10.319929406503604,6.102844446589003,1.1586921790856928,8.628624096335662,13.58496795171211,13.584967951712112,10.319929406503604,8.628624096335662,13.584967951712114,13.179863404433373,13.179863404433375,13.179863404433375,10.319929406503604,13.179863404433375,20.203574880043778,13.179863404433375,10.319929406503606,10.319929406503606,10.319929406503606,13.58496795171211,20.203574880043778,20.203574880043778,13.179863404433373,13.179863404433375,10.319929406503604,10.319929406503606,10.319929406503606,10.319929406503606,10.319929406503606,10.319929406503604,13.58496795171211,13.58496795171211,13.584967951712112,8.628624096335662,20.203574880043778,10.319929406503606,10.319929406503606,10.319929406503604,8.628624096335662,8.628624096335662,13.584967951712112,13.58496795171211,13.58496795171211,8.62862409633566,13.584967951712114,5.081186830526827,8.628624096335662,20.203574880043778,10.319929406503606,20.203574880043778,20.203574880043778,13.179863404433373,13.179863404433375,13.179863404433373,10.319929406503606,10.319929406503604,10.319929406503604,8.628624096335662,13.584967951712112,10.319929406503604,8.628624096335662,8.628624096335662,13.179863404433373,20.203574880043778,13.179863404433375,10.319929406503606,10.319929406503606,10.319929406503606,10.319929406503604,10.319929406503604,10.319929406503604,8.628624096335662,13.58496795171211,13.58496795171211,13.584967951712112,13.179863404433375,13.179863404433375,13.179863404433373,13.179863404433373,10.319929406503606,10.319929406503606,5.081186830526825,13.58496795171211,13.584967951712114,10.319929406503606,8.62862409633566,8.628624096335662,8.628624096335662,13.58496795171211
T61,20.203574880043774,20.203574880043778,13.179863404433371,10.319929406503602,13.179863404433375,6.083105547433789,7.235889181701199,13.58496795171211,13.58496795171211,13.58496795171211,13.58496795171211,7.2358891817011965,13.584967951712114,10.319929406503602,20.203574880043778,20.203574880043778,20.203574880043774,10.319929406503604,10.319929406503606,10.319929406503604,10.319929406503604,10.319929406503602,10.319929406503602,8.628624096335662,20.203574880043778,20.203574880043774,20.203574880043774,20.203574880043778,20.203574880043778,10.319929406503606,10.319929406503606,10.319929406503602,10.319929406503606,8.628624096335662,8.628624096335662,8.628624096335662,7.235889181701197,13.179863404433371,13.179863404433373,6.083105547433789,6.083105547433789,6.083105547433789,13.58496795171211,13.58496795171211,13.58496795171211,13.58496795171211,13.58496795171211,13.584967951712114,13.58496795171211,8.628624096335662,20.203574880043778,13.179863404433371,13.179863404433371,13.179863404433373,13.179863404433371,13.179863404433373,10.319929406503602,10.319929406503602,10.319929406503602,8.628624096335662,13.58496795171211,13.584967951712112,13.179863404433373,20.203574880043778,20.203574880043778,20.203574880043774,20.203574880043778,13.179863404433375,13.179863404433373,10.319929406503602,10.319929406503602,0.40531891223887834,13.58496795171211,20.203574880043778,20.203574880043774,20.203574880043778,20.203574880043778,10.319929406503602,8.628624096335662,0.0,3.311913351753763,7.2358891817011965,6.083105547433789,10.319929406503602,20.203574880043778,20.203574880043778,13.179863404433373,13.179863404433375,10.319929406503604,10.319929406503604,10.319929406503602,8.628624096335662,6.083105547433789,13.58496795171211,13.179863404433371,13.179863404433371,13.179863404433371,13.179863404433373,13.179863404433373,13.179863404433375,13.179863404433373,10.319929406503606,10.319929406503604,10.319929406503604,13.58496795171211,8.628624096335662,7.235889181701197,20.203574880043778,13.179863404433375,10.319929406503602,10.319929406503606,10.319929406503602,8.628624096335662,8.628624096335662,2.253373479778941,13.58496795171211,13.58496795171211,10.319929406503602,6.083105547433789,13.584967951712112,13.179863404433371,13.179863404433375,13.179863404433373,10.319929406503602,13.179863404433375,20.203574880043774,13.179863404433373,10.319929406503604,10.319929406503604,10.319929406503604,13.58496795171211,20.203574880043778,20.203574880043778,13.179863404433371,13.179863404433373,10.319929406503602,10.319929406503604,10.319929406503606,10.319929406503606,10.319929406503604,10.319929406503602,13.58496795171211,13.58496795171211,13.58496795171211,6.083105547433789,20.203574880043778,10.319929406503606,10.319929406503604,10.319929406503602,0.40531891223887834,7.235889181701197,13.58496795171211,13.58496795171211,13.58496795171211,7.2358891817011965,13.584967951712112,8.628624096335662,6.083105547433789,20.203574880043778,10.319929406503604,20.203574880043778,20.203574880043778,13.179863404433371,13.179863404433373,13.179863404433371,10.319929406503604,10.319929406503602,10.319929406503602,6.083105547433789,13.58496795171211,10.319929406503602,6.083105547433789,6.083105547433789,13.179863404433371,20.203574880043778,13.179863404433373,10.319929406503606,10.319929406503604,10.319929406503604,10.319929406503602,10.319929406503602,10.319929406503602,6.083105547433789,13.58496795171211,13.58496795171211,13.58496795171211,13.179863404433373,13.179863404433375,13.179863404433371,13.179863404433371,10.319929406503604,10.319929406503604,8.62862409633566,13.58496795171211,13.584967951712112,10.319929406503604,7.2358891817011965,6.083105547433789,7.235889181701197,13.58496795171211
T35,20.203574880043778,20.20357488004378,13.179863404433375,10.319929406503606,13.179863404433375,6.0831055474337905,7.235889181701201,13.58496795171211,13.58496795171211,13.58496795171211,13.584967951712114,7.235889181701198,13.584967951712114,10.319929406503606,20.203574880043778,20.203574880043778,20.203574880043778,10.319929406503606,10.319929406503606,10.319929406503606,10.319929406503606,10.319929406503606,10.319929406503606,8.628624096335663,20.203574880043778,20.203574880043778,20.203574880043778,20.203574880043778,20.20357488004378,10.319929406503606,10.319929406503606,10.319929406503606,10.319929406503606,8.628624096335663,8.628624096335663,8.628624096335663,7.235889181701199,13.179863404433375,13.179863404433375,6.0831055474337905,6.0831055474337905,6.0831055474337905,13.58496795171211,13.584967951712114,13.584967951712112,13.584967951712112,13.58496795171211,13.584967951712114,13.584967951712114,8.628624096335663,20.20357488004378,13.179863404433375,13.179863404433375,13.179863404433375,13.179863404433375,13.179863404433375,10.319929406503606,10.319929406503606,10.319929406503606,8.628624096335663,13.58496795171211,13.584967951712114,13.179863404433375,20.203574880043778,20.203574880043778,20.203574880043778,20.203574880043778,13.179863404433375,13.179863404433375,10.319929406503606,10.319929406503606,3.311913351753763,13.58496795171211,20.203574880043778,20.203574880043778,20.203574880043778,20.203574880043778,10.319929406503606,8.628624096335663,3.311913351753763,0.0,7.235889181701198,6.083105547433792,10.319929406503606,20.203574880043778,20.203574880043778,13.179863404433375,13.179863404433377,10.319929406503606,10.319929406503606,10.319929406503606,8.628624096335663,6.083105547433792,13.58496795171211,13.179863404433375,13.179863404433375,13.179863404433375,13.179863404433375,13.179863404433375,13.179863404433377,13.179863404433375,10.319929406503606,10.319929406503606,10.319929406503606,13.584967951712112,8.628624096335663,7.235889181701199,20.203574880043778,13.179863404433377,10.319929406503606,10.319929406503606,10.319929406503606,8.628624096335663,8.628624096335663,3.3119133517537636,13.58496795171211,13.584967951712114,10.319929406503606,6.083105547433792,13.584967951712114,13.179863404433375,13.179863404433375,13.179863404433375,10.319929406503606,13.179863404433375,20.203574880043778,13.179863404433375,10.319929406503606,10.319929406503606,10.319929406503606,13.584967951712112,20.203574880043778,20.203574880043778,13.179863404433375,13.179863404433375,10.319929406503606,10.319929406503606,10.319929406503608,10.319929406503606,10.319929406503606,10.319929406503606,13.584967951712112,13.584967951712112,13.584967951712114,6.083105547433792,20.203574880043778,10.319929406503606,10.319929406503606,10.319929406503606,3.311913351753763,7.235889181701199,13.584967951712114,13.584967951712112,13.584967951712112,7.235889181701198,13.584967951712114,8.628624096335663,6.0831055474337905,20.20357488004378,10.319929406503606,20.203574880043778,20.203574880043778,13.179863404433375,13.179863404433375,13.179863404433375,10.319929406503606,10.319929406503606,10.319929406503606,6.0831055474337905,13.584967951712114,10.319929406503606,6.0831055474337905,6.083105547433792,13.179863404433375,20.203574880043778,13.179863404433375,10.319929406503606,10.319929406503606,10.319929406503606,10.319929406503606,10.319929406503606,10.319929406503606,6.0831055474337905,13.584967951712112,13.58496795171211,13.584967951712114,13.179863404433375,13.179863404433377,13.179863404433375,13.179863404433375,10.319929406503606,10.319929406503606,8.628624096335662,13.58496795171211,13.584967951712114,10.319929406503606,7.235889181701198,6.0831055474337905,7.235889181701199,13.58496795171211
T161,20.203574880043774,20.203574880043778,13.179863404433371,10.319929406503602,13.179863404433375,7.2358891817011965,2.7477283664566623,13.58496795171211,13.58496795171211,13.58496795171211,13.58496795171211,5.5437987733062055,13.584967951712114,10.319929406503602,20.203574880043778,20.203574880043778,20.203574880043774,10.319929406503604,10.319929406503606,10.319929406503604,10.319929406503604,10.319929406503602,10.319929406503602,8.62862409633566,20.203574880043778,20.203574880043774,20.203574880043774,20.203574880043778,20.203574880043778,10.319929406503606,10.319929406503606,10.319929406503602,10.319929406503606,8.62862409633566,8.62862409633566,8.62862409633566,4.417131367199187,13.179863404433371,13.179863404433373,7.2358891817011965,7.2358891817011965,7.2358891817011965,13.58496795171211,13.58496795171211,13.58496795171211,13.58496795171211,13.58496795171211,13.584967951712114,13.58496795171211,8.62862409633566,20.203574880043778,13.179863404433371,13.179863404433371,13.179863404433373,13.179863404433371,13.179863404433373,10.319929406503602,10.319929406503602,10.319929406503602,8.628624096335662,13.58496795171211,13.584967951712112,13.179863404433373,20.203574880043778,20.203574880043778,20.203574880043774,20.203574880043778,13.179863404433375,13.179863404433373,10.319929406503602,10.319929406503602,7.2358891817011965,13.58496795171211,20.203574880043778,20.203574880043774,20.203574880043778,20.203574880043778,10.319929406503602,8.62862409633566,7.2358891817011965,7.235889181701198,0.0,7.2358891817011965,10.319929406503602,20.203574880043778,20.203574880043778,13.179863404433373,13.179863404433375,10.319929406503604,10.319929406503604,10.319929406503602,8.62862409633566,7.2358891817011965,13.58496795171211,13.179863404433371,13.179863404433371,13.179863404433371,13.179863404433373,13.179863404433373,13.179863404433375,13.179863404433373,10.319929406503606,10.319929406503604,10.319929406503604,13.58496795171211,8.62862409633566,4.417131367199187,20.203574880043778,13.179863404433375,10.319929406503602,10.319929406503606,10.319929406503602,8.628624096335662,8.62862409633566,7.2358891817011965,13.58496795171211,13.58496795171211,10.319929406503602,7.2358891817011965,13.584967951712112,13.179863404433371,13.179863404433375,13.179863404433373,10.319929406503602,13.179863404433375,20.203574880043774,13.179863404433373,10.319929406503604,10.319929406503604,10.319929406503604,13.58496795171211,20.203574880043778,20.203574880043778,13.179863404433371,13.179863404433373,10.319929406503602,10.319929406503604,10.319929406503606,10.319929406503606,10.319929406503604,10.319929406503602,13.58496795171211,13.58496795171211,13.58496795171211,7.2358891817011965,20.203574880043778,10.319929406503606,10.319929406503604,10.319929406503602,7.2358891817011965,4.417131367199187,13.58496795171211,13.58496795171211,13.58496795171211,0.8972918913866754,13.584967951712112,8.628624096335662,7.2358891817011965,20.203574880043778,10.319929406503604,20.203574880043778,20.203574880043778,13.179863404433371,13.179863404433373,13.179863404433371,10.319929406503604,10.319929406503602,10.319929406503602,7.2358891817011965,13.58496795171211,10.319929406503602,7.2358891817011965,7.2358891817011965,13.179863404433371,20.203574880043778,13.179863404433373,10.319929406503606,10.319929406503604,10.319929406503604,10.319929406503602,10.319929406503602,10.319929406503602,7.2358891817011965,13.58496795171211,13.58496795171211,13.58496795171211,13.179863404433373,13.179863404433375,13.179863404433371,13.179863404433371,10.319929406503604,10.319929406503604,8.62862409633566,13.58496795171211,13.584967951712112,10.319929406503604,5.5437987733062055,7.2358891817011965,3.5289014248001975,13.58496795171211
T141,20.203574880043774,20.203574880043778,13.179863404433371,10.319929406503602,13.179863404433375,2.5451036538045626,7.235889181701199,13.58496795171211,13.58496795171211,13.58496795171211,13.58496795171211,7.2358891817011965,13.584967951712114,10.319929406503602,20.203574880043778,20.203574880043778,20.203574880043774,10.319929406503604,10.319929406503606,10.319929406503604,10.319929406503604,10.319929406503602,10.319929406503602,8.628624096335662,20.203574880043778,20.203574880043774,20.203574880043774,20.203574880043778,20.203574880043778,10.319929406503606,10.319929406503606,10.319929406503602,10.319929406503606,8.628624096335662,8.628624096335662,8.628624096335662,7.235889181701197,13.179863404433371,13.179863404433373,3.8474099199795986,3.8474099199795986,3.8474099199795986,13.58496795171211,13.58496795171211,13.58496795171211,13.58496795171211,13.58496795171211,13.584967951712114,13.58496795171211,8.628624096335662,20.203574880043778,13.179863404433371,13.179863404433371,13.179863404433373,13.179863404433371,13.179863404433373,10.319929406503602,10.319929406503602,10.319929406503602,8.628624096335662,13.58496795171211,13.584967951712112,13.179863404433373,20.203574880043778,20.203574880043778,20.203574880043774,20.203574880043778,13.179863404433375,13.179863404433373,10.319929406503602,10.319929406503602,6.083105547433789,13.58496795171211,20.203574880043778,20.203574880043774,20.203574880043778,20.203574880043778,10.319929406503602,8.628624096335662,6.083105547433789,6.083105547433792,7.2358891817011965,0.0,10.319929406503602,20.203574880043778,20.203574880043778,13.179863404433373,13.179863404433375,10.319929406503604,10.319929406503604,10.319929406503602,8.628624096335662,1.5490358865571114,13.58496795171211,13.179863404433371,13.179863404433371,13.179863404433371,13.179863404433373,13.179863404433373,13.179863404433375,13.179863404433373,10.319929406503606,10.319929406503604,10.319929406503604,13.58496795171211,8.628624096335662,7.235889181701197,20.203574880043778,13.179863404433375,10.319929406503602,10.319929406503606,10.319929406503602,8.628624096335662,8.628624096335662,6.0831055474337905,13.58496795171211,13.58496795171211,10.319929406503602,1.485165121480441,13.584967951712112,13.179863404433371,13.179863404433375,13.179863404433373,10.319929406503602,13.179863404433375,20.203574880043774,13.179863404433373,10.319929406503604,10.319929406503604,10.319929406503604,13.58496795171211,20.203574880043778,20.203574880043778,13.179863404433371,13.179863404433373,10.319929406503602,10.319929406503604,10.319929406503606,10.319929406503606,10.319929406503604,10.319929406503602,13.58496795171211,13.58496795171211,13.58496795171211,2.5451036538045626,20.203574880043778,10.319929406503606,10.319929406503604,10.319929406503602,6.083105547433789,7.235889181701197,13.58496795171211,13.58496795171211,13.58496795171211,7.2358891817011965,13.584967951712112,8.628624096335662,2.5451036538045626,20.203574880043778,10.319929406503604,20.203574880043778,20.203574880043778,13.179863404433371,13.179863404433373,13.179863404433371,10.319929406503604,10.319929406503602,10.319929406503602,3.8474099199795986,13.58496795171211,10.319929406503602,3.8474099199795986,0.7180710483348933,13.179863404433371,20.203574880043778,13.179863404433373,10.319929406503606,10.319929406503604,10.319929406503604,10.319929406503602,10.319929406503602,10.319929406503602,2.5451036538045626,13.58496795171211,13.58496795171211,13.58496795171211,13.179863404433373,13.179863404433375,13.179863404433371,13.179863404433371,10.319929406503604,10.319929406503604,8.62862409633566,13.58496795171211,13.584967951712112,10.319929406503604,7.2358891817011965,2.5451036538045626,7.235889181701197,13.58496795171211
T114,20.203574880043774,20.203574880043778,13.179863404433371,5.174214986329119,13.179863404433373,10.319929406503602,10.319929406503606,13.584967951712109,13.584967951712109,13.584967951712109,13.58496795171211,10.319929406503602,13.584967951712112,5.174214986329119,20.203574880043778,20.203574880043778,20.203574880043774,8.146882099671766,7.0226140770735315,7.0226140770735315,7.0226140770735315,9.430873622398588,9.430873622398588,10.319929406503604,20.203574880043778,20.203574880043774,20.203574880043774,20.203574880043778,20.203574880043778,6.559493761161397,6.559493761161397,7.022614077073531,7.022614077073532,10.319929406503604,10.319929406503604,10.319929406503604,10.319929406503604,13.179863404433371,13.179863404433371,10.319929406503602,10.319929406503602,10.319929406503602,13.584967951712109,13.58496795171211,13.58496795171211,13.58496795171211,13.584967951712109,13.584967951712112,13.58496795171211,10.319929406503604,20.203574880043778,13.179863404433371,13.179863404433371,13.179863404433371,13.179863404433371,13.179863404433371,7.02261407707353,9.430873622398588,9.43087362239859,10.319929406503606,13.584967951712109,13.58496795171211,13.179863404433371,20.203574880043778,20.203574880043778,20.203574880043774,20.203574880043778,13.179863404433373,13.179863404433371,7.022614077073531,9.430873622398588,10.319929406503602,13.584967951712109,20.203574880043778,20.203574880043774,20.203574880043778,20.203574880043778,9.430873622398588,10.319929406503604,10.319929406503602,10.319929406503606,10.319929406503602,10.319929406503602,0.0,20.203574880043778,20.203574880043778,13.179863404433371,13.179863404433375,7.0226140770735315,9.43087362239859,9.43087362239859,10.319929406503604,10.319929406503602,13.584967951712109,13.179863404433371,13.179863404433371,13.179863404433371,13.179863404433371,13.179863404433371,13.179863404433375,13.179863404433371,7.0226140770735315,7.0226140770735315,9.43087362239859,13.58496795171211,10.319929406503604,10.319929406503604,20.203574880043778,13.179863404433375,7.02261407707353,7.0226140770735315,9.43087362239859,10.319929406503606,10.319929406503604,10.319929406503602,13.584967951712109,13.58496795171211,9.430873622398588,10.319929406503602,13.58496795171211,13.179863404433371,13.179863404433373,13.179863404433371,5.174214986329119,13.179863404433373,20.203574880043774,13.179863404433371,8.146882099671766,6.559493761161397,9.43087362239859,13.58496795171211,20.203574880043778,20.203574880043778,13.179863404433371,13.179863404433371,5.174214986329119,7.0226140770735315,7.022614077073533,7.022614077073532,7.0226140770735315,9.43087362239859,13.58496795171211,13.58496795171211,13.58496795171211,10.319929406503602,20.203574880043778,7.0226140770735315,7.0226140770735315,9.43087362239859,10.319929406503602,10.319929406503604,13.58496795171211,13.58496795171211,13.58496795171211,10.319929406503602,13.58496795171211,10.319929406503606,10.319929406503602,20.203574880043778,8.146882099671766,20.203574880043778,20.203574880043778,13.179863404433371,13.179863404433371,13.179863404433371,8.146882099671766,9.430873622398588,9.43087362239859,10.319929406503602,13.58496795171211,9.43087362239859,10.319929406503602,10.319929406503602,13.179863404433371,20.203574880043778,13.179863404433371,5.542290253491287,7.0226140770735315,9.43087362239859,9.43087362239859,9.43087362239859,9.430873622398588,10.319929406503602,13.58496795171211,13.584967951712109,13.58496795171211,13.179863404433371,13.179863404433375,13.179863404433371,13.179863404433371,7.0226140770735315,7.0226140770735315,10.319929406503602,13.584967951712109,13.58496795171211,9.43087362239859,10.319929406503602,10.319929406503602,10.319929406503604,13.584967951712109
T156,4.1091270316511475,6.958920364456178,20.203574880043778,20.203574880043778,20.203574880043778,20.203574880043778,20.203574880043778,20.203574880043778,20.203574880043778,20.203574880043778,20.203574880043778,20.203574880043778,20.203574880043778,20.203574880043778,2.0423186267698954,2.285845689207587,6.958920364456176,20.203574880043778,20.203574880043778,20.203574880043778,20.203574880043778,20.203574880043778,20.203574880043778,20.203574880043778,2.285845689207587,4.1091270316511475,4.1091270316511475,4.843887551276387,6.958920364456178,20.203574880043778,20.203574880043778,20.203574880043778,20.203574880043778,20.203574880043778,20.203574880043778,20.203574880043778,20.203574880043778,20.203574880043778,20.203574880043778,20.203574880043778,20.203574880043778,20.203574880043778,20.203574880043778,20.203574880043778,20.203574880043778,20.203574880043778,20.203574880043778,20.203574880043778,20.203574880043778,20.203574880043778,6.958920364456178,20.203574880043778,20.203574880043778,20.203574880043778,20.203574880043778,20.203574880043778,20.203574880043778,20.203574880043778,20.203574880043778,20.203574880043778,20.203574880043778,20.203574880043778,20.203574880043778,1.8196124977445436,2.285845689207587,4.1091270316511475,4.843887551276387,20.203574880043778,20.203574880043778,20.203574880043778,20.203574880043778,20.203574880043778,20.203574880043778,4.843887551276387,4.1091270316511475,4.843887551276387,4.843887551276387,20.203574880043778,20.203574880043778,20.203574880043778,20.203574880043778,20.203574880043778,20.203574880043778,20.203574880043778,0.0,0.38124742041462184,20.203574880043778,20.203574880043778,20.203574880043778,20.203574880043778,20.203574880043778,20.203574880043778,20.203574880043778,20.203574880043778,20.203574880043778,20.203574880043778,20.203574880043778,20.203574880043778,20.203574880043778,20.203574880043778,20.203574880043778,20.203574880043778,20.203574880043778,20.203574880043778,20.203574880043778,20.203574880043778,20.203574880043778,4.843887551276387,20.203574880043778,20.203574880043778,20.203574880043778,20.203574880043778,20.203574880043778,20.203574880043778,20.203574880043778,20.203574880043778,20.203574880043778,20.203574880043778,20.203574880043778,20.203574880043778,20.203574880043778,20.203574880043778,20.203574880043778,20.203574880043778,20.203574880043778,6.958920364456176,20.203574880043778,20.203574880043778,20.203574880043778,20.203574880043778,20.203574880043778,1.8196124977445436,2.0423186267698954,20.203574880043778,20.203574880043778,20.203574880043778,20.203574880043778,20.203574880043778,20.203574880043778,20.203574880043778,20.203574880043778,20.203574880043778,20.203574880043778,20.203574880043778,20.203574880043778,2.0423186267698954,20.203574880043778,20.203574880043778,20.203574880043778,20.203574880043778,20.203574880043778,20.203574880043778,20.203574880043778,20.203574880043778,20.203574880043778,20.203574880043778,20.203574880043778,20.203574880043778,8.401082459999703,20.203574880043778,2.0423186267698954,2.0423186267698954,20.203574880043778,20.203574880043778,20.203574880043778,20.203574880043778,20.203574880043778,20.203574880043778,20.203574880043778,20.203574880043778,20.203574880043778,20.203574880043778,20.203574880043778,20.203574880043778,2.0423186267698954,20.203574880043778,20.203574880043778,20.203574880043778,20.203574880043778,20.203574880043778,20.203574880043778,20.203574880043778,20.203574880043778,20.203574880043778,20.203574880043778,20.203574880043778,20.203574880043778,20.203574880043778,20.203574880043778,20.203574880043778,20.203574880043778,20.203574880043778,20.203574880043778,20.203574880043778,20.203574880043778,20.203574880043778,20.203574880043778,20.203574880043778,20.203574880043778,20.203574880043778
T130,4.1091270316511475,6.958920364456178,20.203574880043778,20.203574880043778,20.203574880043778,20.203574880043778,20.203574880043778,20.203574880043778,20.203574880043778,20.203574880043778,20.203574880043778,20.203574880043778,20.203574880043778,20.203574880043778,2.0423186267698954,2.285845689207587,6.958920364456176,20.203574880043778,20.203574880043778,20.203574880043778,20.203574880043778,20.203574880043778,20.203574880043778,20.203574880043778,2.285845689207587,4.1091270316511475,4.1091270316511475,4.843887551276387,6.958920364456178,20.203574880043778,20.203574880043778,20.203574880043778,20.203574880043778,20.203574880043778,20.203574880043778,20.203574880043778,20.203574880043778,20.203574880043778,20.203574880043778,20.203574880043778,20.203574880043778,20.203574880043778,20.203574880043778,20.203574880043778,20.203574880043778,20.203574880043778,20.203574880043778,20.203574880043778,20.203574880043778,20.203574880043778,6.958920364456178,20.203574880043778,20.203574880043778,20.203574880043778,20.203574880043778,20.203574880043778,20.203574880043778,20.203574880043778,20.203574880043778,20.203574880043778,20.203574880043778,20.203574880043778,20.203574880043778,1.8196124977445436,2.285845689207587,4.1091270316511475,4.843887551276387,20.203574880043778,20.203574880043778,20.203574880043778,20.203574880043778,20.203574880043778,20.203574880043778,4.843887551276387,4.1091270316511475,4.843887551276387,4.843887551276387,20.203574880043778,20.203574880043778,20.203574880043778,20.203574880043778,20.203574880043778,20.203574880043778,20.203574880043778,0.38124742041462184,0.0,20.203574880043778,20.203574880043778,20.203574880043778,20.203574880043778,20.203574880043778,20.203574880043778,20.203574880043778,20.203574880043778,20.203574880043778,20.203574880043778,20.203574880043778,20.203574880043778,20.203574880043778,20.203574880043778,20.203574880043778,20.203574880043778,20.203574880043778,20.203574880043778,20.203574880043778,20.203574880043778,20.203574880043778,4.843887551276387,20.203574880043778,20.203574880043778,20.203574880043778,20.203574880043778,20.203574880043778,20.203574880043778,20.203574880043778,20.203574880043778,20.203574880043778,20.203574880043778,20.203574880043778,20.203574880043778,20.203574880043778,20.203574880043778,20.203574880043778,20.203574880043778,20.203574880043778,6.958920364456176,20.203574880043778,20.203574880043778,20.203574880043778,20.203574880043778,20.203574880043778,1.8196124977445436,2.0423186267698954,20.203574880043778,20.203574880043778,20.203574880043778,20.203574880043778,20.203574880043778,20.203574880043778,20.203574880043778,20.203574880043778,20.203574880043778,20.203574880043778,20.203574880043778,20.203574880043778,2.0423186267698954,20.203574880043778,20.203574880043778,20.203574880043778,20.203574880043778,20.203574880043778,20.203574880043778,20.203574880043778,20.203574880043778,20.203574880043778,20.203574880043778,20.203574880043778,20.203574880043778,8.401082459999703,20.203574880043778,2.0423186267698954,2.0423186267698954,20.203574880043778,20.203574880043778,20.203574880043778,20.203574880043778,20.203574880043778,20.203574880043778,20.203574880043778,20.203574880043778,20.203574880043778,20.203574880043778,20.203574880043778,20.203574880043778,2.0423186267698954,20.203574880043778,20.203574880043778,20.203574880043778,20.203574880043778,20.203574880043778,20.203574880043778,20.203574880043778,20.203574880043778,20.203574880043778,20.203574880043778,20.203574880043778,20.203574880043778,20.203574880043778,20.203574880043778,20.203574880043778,20.203574880043778,20.203574880043778,20.203574880043778,20.203574880043778,20.203574880043778,20.203574880043778,20.203574880043778,20.203574880043778,20.203574880043778,20.203574880043778
T140,20.203574880043774,20.203574880043778,9.130656188253342,13.179863404433371,2.867509679963444,13.179863404433373,13.179863404433375,13.58496795171211,13.58496795171211,13.58496795171211,13.58496795171211,13.179863404433373,13.584967951712114,13.179863404433371,20.203574880043778,20.203574880043778,20.203574880043774,13.179863404433373,13.179863404433375,13.179863404433373,13.179863404433373,13.179863404433371,13.179863404433371,13.179863404433375,20.203574880043778,20.203574880043774,20.203574880043774,20.203574880043778,20.203574880043778,13.179863404433375,13.179863404433375,13.179863404433371,13.179863404433375,13.179863404433375,13.179863404433375,13.179863404433375,13.179863404433375,7.999928439366679,9.130656188253344,13.179863404433373,13.179863404433373,13.179863404433373,13.58496795171211,13.58496795171211,13.58496795171211,13.58496795171211,13.58496795171211,13.584967951712114,13.58496795171211,13.179863404433375,20.203574880043778,9.130656188253342,9.130656188253342,8.476536775462087,9.130656188253342,8.476536775462087,13.179863404433371,13.179863404433371,13.179863404433371,13.179863404433375,13.58496795171211,13.584967951712112,8.476536775462087,20.203574880043778,20.203574880043778,20.203574880043774,20.203574880043778,2.867509679963444,8.476536775462087,13.179863404433371,13.179863404433371,13.179863404433373,13.58496795171211,20.203574880043778,20.203574880043774,20.203574880043778,20.203574880043778,13.179863404433371,13.179863404433375,13.179863404433373,13.179863404433375,13.179863404433373,13.179863404433373,13.179863404433371,20.203574880043778,20.203574880043778,0.0,8.476536775462089,13.179863404433373,13.179863404433373,13.179863404433371,13.179863404433375,13.179863404433373,13.58496795171211,9.130656188253342,9.130656188253342,9.130656188253342,8.476536775462087,9.130656188253344,9.446669489257818,8.476536775462087,13.179863404433375,13.179863404433373,13.179863404433373,13.58496795171211,13.179863404433375,13.179863404433375,20.203574880043778,9.446669489257818,13.179863404433371,13.179863404433375,13.179863404433371,13.179863404433375,13.179863404433375,13.179863404433373,13.58496795171211,13.58496795171211,13.179863404433371,13.179863404433373,13.584967951712112,9.130656188253342,9.130656188253345,8.476536775462087,13.179863404433371,9.130656188253345,20.203574880043774,0.752289866251258,13.179863404433373,13.179863404433373,13.179863404433373,13.58496795171211,20.203574880043778,20.203574880043778,9.130656188253342,9.130656188253344,13.179863404433371,13.179863404433373,13.179863404433375,13.179863404433375,13.179863404433373,13.179863404433371,13.58496795171211,13.58496795171211,13.58496795171211,13.179863404433373,20.203574880043778,13.179863404433375,13.179863404433373,13.179863404433371,13.179863404433373,13.179863404433375,13.58496795171211,13.58496795171211,13.58496795171211,13.179863404433373,13.584967951712112,13.179863404433375,13.179863404433373,20.203574880043778,13.179863404433373,20.203574880043778,20.203574880043778,9.130656188253342,8.476536775462087,7.999928439366679,13.179863404433373,13.179863404433371,13.179863404433371,13.179863404433373,13.58496795171211,13.179863404433371,13.179863404433373,13.179863404433373,9.130656188253342,20.203574880043778,8.476536775462087,13.179863404433375,13.179863404433373,13.179863404433373,13.179863404433371,13.179863404433371,13.179863404433371,13.179863404433373,13.58496795171211,13.58496795171211,13.58496795171211,8.476536775462087,8.476536775462089,9.130656188253342,9.130656188253342,13.179863404433373,13.179863404433373,13.179863404433373,13.58496795171211,13.584967951712112,13.179863404433373,13.179863404433373,13.179863404433373,13.179863404433375,13.58496795171211
T14,20.203574880043778,20.20357488004378,9.130656188253345,13.179863404433375,8.47653677546209,13.179863404433375,13.179863404433378,13.58496795171211,13.58496795171211,13.58496795171211,13.584967951712114,13.179863404433375,13.584967951712114,13.179863404433375,20.203574880043778,20.203574880043778,20.203574880043778,13.179863404433375,13.179863404433375,13.179863404433375,13.179863404433375,13.179863404433375,13.179863404433375,13.179863404433375,20.203574880043778,20.203574880043778,20.203574880043778,20.203574880043778,20.20357488004378,13.179863404433375,13.179863404433375,13.179863404433375,13.179863404433375,13.179863404433375,13.179863404433375,13.179863404433375,13.179863404433375,8.476536775462089,9.130656188253345,13.179863404433375,13.179863404433375,13.179863404433375,13.58496795171211,13.584967951712114,13.584967951712112,13.584967951712112,13.58496795171211,13.584967951712114,13.584967951712114,13.179863404433375,20.20357488004378,9.130656188253345,9.130656188253345,6.621509368212763,9.130656188253345,6.569352205940358,13.179863404433375,13.179863404433375,13.179863404433375,13.179863404433377,13.58496795171211,13.584967951712114,6.569352205940358,20.203574880043778,20.203574880043778,20.203574880043778,20.203574880043778,8.47653677546209,6.569352205940358,13.179863404433375,13.179863404433375,13.179863404433375,13.58496795171211,20.203574880043778,20.203574880043778,20.203574880043778,20.203574880043778,13.179863404433375,13.179863404433375,13.179863404433375,13.179863404433377,13.179863404433375,13.179863404433375,13.179863404433375,20.203574880043778,20.203574880043778,8.476536775462089,0.0,13.179863404433375,13.179863404433375,13.179863404433375,13.179863404433375,13.179863404433375,13.58496795171211,9.130656188253345,9.130656188253345,9.130656188253345,6.621509368212763,9.130656188253345,9.446669489257822,6.569352205940358,13.179863404433375,13.179863404433375,13.179863404433375,13.584967951712112,13.179863404433375,13.179863404433375,20.203574880043778,9.446669489257822,13.179863404433375,13.179863404433375,13.179863404433375,13.179863404433377,13.179863404433375,13.179863404433375,13.58496795171211,13.584967951712114,13.179863404433375,13.179863404433375,13.584967951712114,9.130656188253345,9.130656188253345,4.245754706942638,13.179863404433375,9.130656188253345,20.203574880043778,8.476536775462089,13.179863404433375,13.179863404433375,13.179863404433375,13.584967951712112,20.203574880043778,20.203574880043778,9.130656188253345,9.130656188253345,13.179863404433375,13.179863404433375,13.179863404433377,13.179863404433375,13.179863404433375,13.179863404433375,13.584967951712112,13.584967951712112,13.584967951712114,13.179863404433375,20.203574880043778,13.179863404433375,13.179863404433375,13.179863404433375,13.179863404433375,13.179863404433375,13.584967951712114,13.584967951712112,13.584967951712112,13.179863404433375,13.584967951712114,13.179863404433377,13.179863404433375,20.20357488004378,13.179863404433375,20.203574880043778,20.203574880043778,9.130656188253345,6.569352205940358,8.476536775462089,13.179863404433375,13.179863404433375,13.179863404433375,13.179863404433375,13.584967951712114,13.179863404433375,13.179863404433375,13.179863404433375,9.130656188253345,20.203574880043778,6.621509368212765,13.179863404433375,13.179863404433375,13.179863404433375,13.179863404433375,13.179863404433375,13.179863404433375,13.179863404433375,13.584967951712112,13.58496795171211,13.584967951712114,6.569352205940358,4.245754706942639,9.130656188253345,9.130656188253345,13.179863404433375,13.179863404433375,13.179863404433375,13.58496795171211,13.584967951712114,13.179863404433375,13.179863404433375,13.179863404433375,13.179863404433375,13.58496795171211
T172,20.203574880043774,20.203574880043778,13.179863404433371,7.0226140770735315,13.179863404433375,10.319929406503604,10.319929406503606,13.58496795171211,13.58496795171211,13.58496795171211,13.58496795171211,10.319929406503604,13.584967951712114,7.0226140770735315,20.203574880043778,20.203574880043778,20.203574880043774,8.146882099671767,4.9313224230878925,4.931322423087892,4.931322423087892,9.43087362239859,9.43087362239859,10.319929406503606,20.203574880043778,20.203574880043774,20.203574880043774,20.203574880043778,20.203574880043778,7.022614077073533,7.022614077073533,4.741162807255681,4.741162807255683,10.319929406503606,10.319929406503606,10.319929406503606,10.319929406503606,13.179863404433371,13.179863404433373,10.319929406503604,10.319929406503604,10.319929406503604,13.58496795171211,13.58496795171211,13.58496795171211,13.58496795171211,13.58496795171211,13.584967951712114,13.58496795171211,10.319929406503606,20.203574880043778,13.179863404433371,13.179863404433371,13.179863404433373,13.179863404433371,13.179863404433373,4.74116280725568,9.43087362239859,9.43087362239859,10.319929406503606,13.58496795171211,13.584967951712112,13.179863404433373,20.203574880043778,20.203574880043778,20.203574880043774,20.203574880043778,13.179863404433375,13.179863404433373,4.741162807255681,9.43087362239859,10.319929406503604,13.58496795171211,20.203574880043778,20.203574880043774,20.203574880043778,20.203574880043778,9.43087362239859,10.319929406503606,10.319929406503604,10.319929406503606,10.319929406503604,10.319929406503604,7.0226140770735315,20.203574880043778,20.203574880043778,13.179863404433373,13.179863404433375,0.0,9.43087362239859,9.43087362239859,10.319929406503606,10.319929406503604,13.58496795171211,13.179863404433371,13.179863404433371,13.179863404433371,13.179863404433373,13.179863404433373,13.179863404433375,13.179863404433373,4.9313224230878925,4.931322423087892,9.43087362239859,13.58496795171211,10.319929406503606,10.319929406503606,20.203574880043778,13.179863404433375,4.74116280725568,4.9313224230878925,9.43087362239859,10.319929406503606,10.319929406503606,10.319929406503604,13.58496795171211,13.58496795171211,9.43087362239859,10.319929406503604,13.584967951712112,13.179863404433371,13.179863404433375,13.179863404433373,7.0226140770735315,13.179863404433375,20.203574880043774,13.179863404433373,8.146882099671767,7.022614077073532,9.43087362239859,13.58496795171211,20.203574880043778,20.203574880043778,13.179863404433371,13.179863404433373,7.0226140770735315,0.5711433455748904,3.4836729714363757,4.741162807255683,4.931322423087892,9.43087362239859,13.58496795171211,13.58496795171211,13.58496795171211,10.319929406503604,20.203574880043778,4.9313224230878925,4.931322423087892,9.43087362239859,10.319929406503604,10.319929406503606,13.58496795171211,13.58496795171211,13.58496795171211,10.319929406503604,13.584967951712112,10.319929406503606,10.319929406503604,20.203574880043778,8.146882099671767,20.203574880043778,20.203574880043778,13.179863404433371,13.179863404433373,13.179863404433371,8.146882099671767,9.43087362239859,9.43087362239859,10.319929406503604,13.58496795171211,9.43087362239859,10.319929406503604,10.319929406503604,13.179863404433371,20.203574880043778,13.179863404433373,7.022614077073533,4.931322423087892,9.43087362239859,9.43087362239859,9.43087362239859,9.43087362239859,10.319929406503604,13.58496795171211,13.58496795171211,13.58496795171211,13.179863404433373,13.179863404433375,13.179863404433371,13.179863404433371,0.6729643273537471,4.931322423087892,10.319929406503604,13.58496795171211,13.584967951712112,9.43087362239859,10.319929406503604,10.319929406503604,10.319929406503606,13.58496795171211
T88,20.203574880043774,20.203574880043778,13.179863404433371,9.43087362239859,13.179863404433375,10.319929406503604,10.319929406503606,13.58496795171211,13.58496795171211,13.58496795171211,13.58496795171211,10.319929406503604,13.584967951712114,9.43087362239859,20.203574880043778,20.203574880043778,20.203574880043774,9.43087362239859,9.430873622398591,9.43087362239859,9.43087362239859,7.549699367992667,7.549699367992667,10.319929406503606,20.203574880043778,20.203574880043774,20.203574880043774,20.203574880043778,20.203574880043778,9.430873622398591,9.430873622398591,9.43087362239859,9.430873622398591,10.319929406503606,10.319929406503606,10.319929406503606,10.319929406503606,13.179863404433371,13.179863404433373,10.319929406503604,10.319929406503604,10.319929406503604,13.58496795171211,13.58496795171211,13.58496795171211,13.58496795171211,13.58496795171211,13.584967951712114,13.58496795171211,10.319929406503606,20.203574880043778,13.179863404433371,13.179863404433371,13.179863404433373,13.179863404433371,13.179863404433373,9.43087362239859,7.549699367992667,7.883705707959611,10.319929406503606,13.58496795171211,13.584967951712112,13.179863404433373,20.203574880043778,20.203574880043778,20.203574880043774,20.203574880043778,13.179863404433375,13.179863404433373,9.43087362239859,7.549699367992667,10.319929406503604,13.58496795171211,20.203574880043778,20.203574880043774,20.203574880043778,20.203574880043778,7.549699367992667,10.319929406503606,10.319929406503604,10.319929406503606,10.319929406503604,10.319929406503604,9.43087362239859,20.203574880043778,20.203574880043778,13.179863404433373,13.179863404433375,9.43087362239859,0.0,7.549699367992668,10.319929406503606,10.319929406503604,13.58496795171211,13.179863404433371,13.179863404433371,13.179863404433371,13.179863404433373,13.179863404433373,13.179863404433375,13.179863404433373,9.430873622398591,9.43087362239859,1.39911372680722,13.58496795171211,10.319929406503606,10.319929406503606,20.203574880043778,13.179863404433375,9.43087362239859,9.430873622398591,7.549699367992668,10.319929406503606,10.319929406503606,10.319929406503604,13.58496795171211,13.58496795171211,7.549699367992667,10.319929406503604,13.584967951712112,13.179863404433371,13.179863404433375,13.179863404433373,9.43087362239859,13.179863404433375,20.203574880043774,13.179863404433373,9.43087362239859,9.43087362239859,0.06117463279475637,13.58496795171211,20.203574880043778,20.203574880043778,13.179863404433371,13.179863404433373,9.43087362239859,9.43087362239859,9.430873622398591,9.430873622398591,9.43087362239859,7.549699367992668,13.58496795171211,13.58496795171211,13.58496795171211,10.319929406503604,20.203574880043778,9.430873622398591,9.43087362239859,7.549699367992668,10.319929406503604,10.319929406503606,13.58496795171211,13.58496795171211,13.58496795171211,10.319929406503604,13.584967951712112,10.319929406503606,10.319929406503604,20.203574880043778,9.43087362239859,20.203574880043778,20.203574880043778,13.179863404433371,13.179863404433373,13.179863404433371,9.43087362239859,7.549699367992667,7.549699367992668,10.319929406503604,13.58496795171211,7.549699367992668,10.319929406503604,10.319929406503604,13.179863404433371,20.203574880043778,13.179863404433373,9.430873622398591,9.43087362239859,0.6290364342942913,7.549699367992668,7.549699367992668,7.549699367992667,10.319929406503604,13.58496795171211,13.58496795171211,13.58496795171211,13.179863404433373,13.179863404433375,13.179863404433371,13.179863404433371,9.43087362239859,9.43087362239859,10.319929406503604,13.58496795171211,13.584967951712112,1.39911372680722,10.319929406503604,10.319929406503604,10.319929406503606,13.58496795171211
T30,20.203574880043774,20.203574880043778,13.179863404433371,9.43087362239859,13.179863404433373,10.319929406503602,10.319929406503606,13.584967951712109,13.584967951712109,13.584967951712109,13.58496795171211,10.319929406503602,13.584967951712112,9.43087362239859,20.203574880043778,20.203574880043778,20.203574880043774,9.43087362239859,9.43087362239859,9.43087362239859,9.43087362239859,2.8159214633795986,2.3090995837757062,10.319929406503604,20.203574880043778,20.203574880043774,20.203574880043774,20.203574880043778,20.203574880043778,9.43087362239859,9.43087362239859,9.43087362239859,9.43087362239859,10.319929406503604,10.319929406503604,10.319929406503604,10.319929406503604,13.179863404433371,13.179863404433371,10.319929406503602,10.319929406503602,10.319929406503602,13.584967951712109,13.58496795171211,13.58496795171211,13.58496795171211,13.584967951712109,13.584967951712112,13.58496795171211,10.319929406503604,20.203574880043778,13.179863404433371,13.179863404433371,13.179863404433371,13.179863404433371,13.179863404433371,9.43087362239859,2.3090995837757062,7.88370570795961,10.319929406503606,13.584967951712109,13.58496795171211,13.179863404433371,20.203574880043778,20.203574880043778,20.203574880043774,20.203574880043778,13.179863404433373,13.179863404433371,9.43087362239859,2.3090995837757062,10.319929406503602,13.584967951712109,20.203574880043778,20.203574880043774,20.203574880043778,20.203574880043778,2.8159214633795986,10.319929406503604,10.319929406503602,10.319929406503606,10.319929406503602,10.319929406503602,9.43087362239859,20.203574880043778,20.203574880043778,13.179863404433371,13.179863404433375,9.43087362239859,7.549699367992668,0.0,10.319929406503604,10.319929406503602,13.584967951712109,13.179863404433371,13.179863404433371,13.179863404433371,13.179863404433371,13.179863404433371,13.179863404433375,13.179863404433371,9.43087362239859,9.43087362239859,7.549699367992668,13.58496795171211,10.319929406503604,10.319929406503604,20.203574880043778,13.179863404433375,9.43087362239859,9.43087362239859,7.315471920686967,10.319929406503606,10.319929406503604,10.319929406503602,13.584967951712109,13.58496795171211,2.8159214633795986,10.319929406503602,13.58496795171211,13.179863404433371,13.179863404433373,13.179863404433371,9.43087362239859,13.179863404433373,20.203574880043774,13.179863404433371,9.43087362239859,9.43087362239859,7.549699367992668,13.58496795171211,20.203574880043778,20.203574880043778,13.179863404433371,13.179863404433371,9.43087362239859,9.43087362239859,9.430873622398591,9.43087362239859,9.43087362239859,0.13556768594770083,13.58496795171211,13.58496795171211,13.58496795171211,10.319929406503602,20.203574880043778,9.43087362239859,9.43087362239859,7.315471920686967,10.319929406503602,10.319929406503604,13.58496795171211,13.58496795171211,13.58496795171211,10.319929406503602,13.58496795171211,10.319929406503606,10.319929406503602,20.203574880043778,9.43087362239859,20.203574880043778,20.203574880043778,13.179863404433371,13.179863404433371,13.179863404433371,9.43087362239859,2.8159214633795986,0.4100747017283465,10.319929406503602,13.58496795171211,0.4100747017283465,10.319929406503602,10.319929406503602,13.179863404433371,20.203574880043778,13.179863404433371,9.43087362239859,9.43087362239859,7.549699367992668,7.315471920686967,0.4100747017283465,0.8202175488350631,10.319929406503602,13.58496795171211,13.584967951712109,13.58496795171211,13.179863404433371,13.179863404433375,13.179863404433371,13.179863404433371,9.43087362239859,9.43087362239859,10.319929406503602,13.584967951712109,13.58496795171211,7.549699367992668,10.319929406503602,10.319929406503602,10.319929406503604,13.584967951712109
T198,20.203574880043778,20.203574880043778,13.179863404433373,10.319929406503604,13.179863404433375,8.628624096335662,8.628624096335663,13.58496795171211,13.58496795171211,13.58496795171211,13.584967951712112,8.62862409633566,13.584967951712114,10.319929406503604,20.203574880043778,20.203574880043778,20.203574880043778,10.319929406503606,10.319929406503606,10.319929406503606,10.319929406503606,10.319929406503604,10.319929406503604,6.102844446589002,20.203574880043778,20.203574880043778,20.203574880043778,20.203574880043778,20.203574880043778,10.319929406503606,10.319929406503606,10.319929406503604,10.319929406503606,3.929127478608706,4.685229135010051,6.102844446589002,8.628624096335662,13.179863404433373,13.179863404433375,8.628624096335662,8.628624096335662,8.628624096335662,13.58496795171211,13.584967951712112,13.58496795171211,13.58496795171211,13.58496795171211,13.584967951712114,13.584967951712112,3.929127478608706,20.203574880043778,13.179863404433373,13.179863404433373,13.179863404433375,13.179863404433373,13.179863404433375,10.319929406503604,10.319929406503604,10.319929406503604,6.102844446589003,13.58496795171211,13.584967951712114,13.179863404433375,20.203574880043778,20.203574880043778,20.203574880043778,20.203574880043778,13.179863404433375,13.179863404433375,10.319929406503604,10.319929406503604,8.628624096335662,13.58496795171211,20.203574880043778,20.203574880043778,20.203574880043778,20.203574880043778,10.319929406503604,1.1586921790856928,8.628624096335662,8.628624096335663,8.62862409633566,8.628624096335662,10.319929406503604,20.203574880043778,20.203574880043778,13.179863404433375,13.179863404433375,10.319929406503606,10.319929406503606,10.319929406503604,0.0,8.628624096335662,13.58496795171211,13.179863404433373,13.179863404433373,13.179863404433373,13.179863404433375,13.179863404433375,13.179863404433375,13.179863404433375,10.319929406503606,10.319929406503606,10.319929406503606,13.58496795171211,0.07053543131107604,8.628624096335662,20.203574880043778,13.179863404433375,10.319929406503604,10.319929406503606,10.319929406503604,6.102844446589003,0.5586823923756667,8.628624096335662,13.58496795171211,13.584967951712112,10.319929406503604,8.628624096335662,13.584967951712114,13.179863404433373,13.179863404433375,13.179863404433375,10.319929406503604,13.179863404433375,20.203574880043778,13.179863404433375,10.319929406503606,10.319929406503606,10.319929406503606,13.58496795171211,20.203574880043778,20.203574880043778,13.179863404433373,13.179863404433375,10.319929406503604,10.319929406503606,10.319929406503606,10.319929406503606,10.319929406503606,10.319929406503604,13.58496795171211,13.58496795171211,13.584967951712112,8.628624096335662,20.203574880043778,10.319929406503606,10.319929406503606,10.319929406503604,8.628624096335662,8.628624096335662,13.584967951712112,13.58496795171211,13.58496795171211,8.62862409633566,13.584967951712114,5.081186830526827,8.628624096335662,20.203574880043778,10.319929406503606,20.203574880043778,20.203574880043778,13.179863404433373,13.179863404433375,13.179863404433373,10.319929406503606,10.319929406503604,10.319929406503604,8.628624096335662,13.584967951712112,10.319929406503604,8.628624096335662,8.628624096335662,13.179863404433373,20.203574880043778,13.179863404433375,10.319929406503606,10.319929406503606,10.319929406503606,10.319929406503604,10.319929406503604,10.319929406503604,8.628624096335662,13.58496795171211,13.58496795171211,13.584967951712112,13.179863404433375,13.179863404433375,13.179863404433373,13.179863404433373,10.319929406503606,10.319929406503606,5.081186830526825,13.58496795171211,13.584967951712114,10.319929406503606,8.62862409633566,8.628624096335662,8.628624096335662,13.58496795171211
T4,20.203574880043774,20.203574880043778,13.179863404433371,10.319929406503602,13.179863404433375,2.5451036538045626,7.235889181701199,13.58496795171211,13.58496795171211,13.58496795171211,13.58496795171211,7.2358891817011965,13.584967951712114,10.319929406503602,20.203574880043778,20.203574880043778,20.203574880043774,10.319929406503604,10.319929406503606,10.319929406503604,10.319929406503604,10.319929406503602,10.319929406503602,8.628624096335662,20.203574880043778,20.203574880043774,20.203574880043774,20.203574880043778,20.203574880043778,10.319929406503606,10.319929406503606,10.319929406503602,10.319929406503606,8.628624096335662,8.628624096335662,8.628624096335662,7.235889181701197,13.179863404433371,13.179863404433373,3.8474099199795986,3.8474099199795986,3.8474099199795986,13.58496795171211,13.58496795171211,13.58496795171211,13.58496795171211,13.58496795171211,13.584967951712114,13.58496795171211,8.628624096335662,20.203574880043778,13.179863404433371,13.179863404433371,13.179863404433373,13.179863404433371,13.179863404433373,10.319929406503602,10.319929406503602,10.319929406503602,8.628624096335662,13.58496795171211,13.584967951712112,13.179863404433373,20.203574880043778,20.203574880043778,20.203574880043774,20.203574880043778,13.179863404433375,13.179863404433373,10.319929406503602,10.319929406503602,6.083105547433789,13.58496795171211,20.203574880043778,20.203574880043774,20.203574880043778,20.203574880043778,10.319929406503602,8.628624096335662,6.083105547433789,6.083105547433792,7.2358891817011965,1.5490358865571114,10.319929406503602,20.203574880043778,20.203574880043778,13.179863404433373,13.179863404433375,10.319929406503604,10.319929406503604,10.319929406503602,8.628624096335662,0.0,13.58496795171211,13.179863404433371,13.179863404433371,13.179863404433371,13.179863404433373,13.179863404433373,13.179863404433375,13.179863404433373,10.319929406503606,10.319929406503604,10.319929406503604,13.58496795171211,8.628624096335662,7.235889181701197,20.203574880043778,13.179863404433375,10.319929406503602,10.319929406503606,10.319929406503602,8.628624096335662,8.628624096335662,6.0831055474337905,13.58496795171211,13.58496795171211,10.319929406503602,1.5490358865571114,13.584967951712112,13.179863404433371,13.179863404433375,13.179863404433373,10.319929406503602,13.179863404433375,20.203574880043774,13.179863404433373,10.319929406503604,10.319929406503604,10.319929406503604,13.58496795171211,20.203574880043778,20.203574880043778,13.179863404433371,13.179863404433373,10.319929406503602,10.319929406503604,10.319929406503606,10.319929406503606,10.319929406503604,10.319929406503602,13.58496795171211,13.58496795171211,13.58496795171211,2.5451036538045626,20.203574880043778,10.319929406503606,10.319929406503604,10.319929406503602,6.083105547433789,7.235889181701197,13.58496795171211,13.58496795171211,13.58496795171211,7.2358891817011965,13.584967951712112,8.628624096335662,2.5451036538045626,20.203574880043778,10.319929406503604,20.203574880043778,20.203574880043778,13.179863404433371,13.179863404433373,13.179863404433371,10.319929406503604,10.319929406503602,10.319929406503602,3.8474099199795986,13.58496795171211,10.319929406503602,3.8474099199795986,1.5490358865571114,13.179863404433371,20.203574880043778,13.179863404433373,10.319929406503606,10.319929406503604,10.319929406503604,10.319929406503602,10.319929406503602,10.319929406503602,2.5451036538045626,13.58496795171211,13.58496795171211,13.58496795171211,13.179863404433373,13.179863404433375,13.179863404433371,13.179863404433371,10.319929406503604,10.319929406503604,8.62862409633566,13.58496795171211,13.584967951712112,10.319929406503604,7.2358891817011965,2.5451036538045626,7.235889181701197,13.58496795171211
T182,20.203574880043774,20.203574880043778,13.584967951712109,13.584967951712109,13.58496795171211,13.58496795171211,13.584967951712112,2.7658656102169394,2.318462834899551,2.3184628348995515,10.957120558947592,13.58496795171211,10.957120558947594,13.584967951712109,20.203574880043778,20.203574880043778,20.203574880043774,13.58496795171211,13.58496795171211,13.58496795171211,13.58496795171211,13.584967951712109,13.584967951712109,13.58496795171211,20.203574880043778,20.203574880043774,20.203574880043774,20.203574880043778,20.203574880043778,13.58496795171211,13.58496795171211,13.584967951712109,13.58496795171211,13.58496795171211,13.58496795171211,13.58496795171211,13.58496795171211,13.584967951712109,13.58496795171211,13.58496795171211,13.58496795171211,13.58496795171211,2.758288618266965,10.957120558947592,10.957120558947592,10.957120558947592,2.7658656102169394,10.957120558947594,10.957120558947592,13.58496795171211,20.203574880043778,13.584967951712109,13.584967951712109,13.58496795171211,13.584967951712109,13.58496795171211,13.584967951712109,13.584967951712109,13.584967951712109,13.58496795171211,2.7658656102169394,10.957120558947592,13.58496795171211,20.203574880043778,20.203574880043778,20.203574880043774,20.203574880043778,13.58496795171211,13.58496795171211,13.584967951712109,13.584967951712109,13.58496795171211,2.318462834899551,20.203574880043778,20.203574880043774,20.203574880043778,20.203574880043778,13.584967951712109,13.58496795171211,13.58496795171211,13.58496795171211,13.58496795171211,13.58496795171211,13.584967951712109,20.203574880043778,20.203574880043778,13.58496795171211,13.58496795171211,13.58496795171211,13.58496795171211,13.584967951712109,13.58496795171211,13.58496795171211,0.0,13.584967951712109,13.584967951712109,13.584967951712109,13.58496795171211,13.58496795171211,13.58496795171211,13.58496795171211,13.58496795171211,13.58496795171211,13.58496795171211,10.957120558947592,13.58496795171211,13.58496795171211,20.203574880043778,13.58496795171211,13.584967951712109,13.58496795171211,13.584967951712109,13.58496795171211,13.58496795171211,13.58496795171211,2.7658656102169394,10.957120558947592,13.584967951712109,13.58496795171211,10.957120558947592,13.584967951712109,13.58496795171211,13.58496795171211,13.584967951712109,13.58496795171211,20.203574880043774,13.58496795171211,13.58496795171211,13.58496795171211,13.58496795171211,10.957120558947592,20.203574880043778,20.203574880043778,13.584967951712109,13.58496795171211,13.584967951712109,13.58496795171211,13.58496795171211,13.58496795171211,13.58496795171211,13.584967951712109,5.552367763166497,5.552367763166497,10.957120558947592,13.58496795171211,20.203574880043778,13.58496795171211,13.58496795171211,13.584967951712109,13.58496795171211,13.58496795171211,10.957120558947592,10.957120558947592,10.957120558947592,13.58496795171211,10.957120558947592,13.58496795171211,13.58496795171211,20.203574880043778,13.58496795171211,20.203574880043778,20.203574880043778,13.584967951712109,13.58496795171211,13.584967951712109,13.58496795171211,13.584967951712109,13.584967951712109,13.58496795171211,10.957120558947592,13.584967951712109,13.58496795171211,13.58496795171211,13.584967951712109,20.203574880043778,13.58496795171211,13.58496795171211,13.58496795171211,13.58496795171211,13.584967951712109,13.584967951712109,13.584967951712109,13.58496795171211,10.957120558947592,2.7582886182669655,10.957120558947592,13.58496795171211,13.58496795171211,13.584967951712109,13.584967951712109,13.58496795171211,13.58496795171211,13.58496795171211,2.7582886182669655,10.957120558947592,13.58496795171211,13.58496795171211,13.58496795171211,13.58496795171211,0.6830339617888909
T125,20.203574880043774,20.203574880043778,5.737194318932163,13.179863404433371,9.130656188253344,13.179863404433371,13.179863404433375,13.584967951712109,13.584967951712109,13.584967951712109,13.58496795171211,13.179863404433371,13.584967951712112,13.179863404433371,20.203574880043778,20.203574880043778,20.203574880043774,13.179863404433371,13.179863404433373,13.179863404433371,13.179863404433371,13.179863404433371,13.179863404433371,13.179863404433373,20.203574880043778,20.203574880043774,20.203574880043774,20.203574880043778,20.203574880043778,13.179863404433373,13.179863404433373,13.179863404433371,13.179863404433373,13.179863404433373,13.179863404433373,13.179863404433373,13.179863404433373,9.130656188253342,5.737194318932164,13.179863404433371,13.179863404433371,13.179863404433371,13.584967951712109,13.58496795171211,13.58496795171211,13.58496795171211,13.584967951712109,13.584967951712112,13.58496795171211,13.179863404433373,20.203574880043778,3.378924452493755,5.737194318932163,9.130656188253342,5.737194318932163,9.130656188253342,13.179863404433371,13.179863404433371,13.179863404433371,13.179863404433375,13.584967951712109,13.58496795171211,9.130656188253342,20.203574880043778,20.203574880043778,20.203574880043774,20.203574880043778,9.130656188253344,9.130656188253342,13.179863404433371,13.179863404433371,13.179863404433371,13.584967951712109,20.203574880043778,20.203574880043774,20.203574880043778,20.203574880043778,13.179863404433371,13.179863404433373,13.179863404433371,13.179863404433375,13.179863404433371,13.179863404433371,13.179863404433371,20.203574880043778,20.203574880043778,9.130656188253342,9.130656188253345,13.179863404433371,13.179863404433371,13.179863404433371,13.179863404433373,13.179863404433371,13.584967951712109,0.0,3.378924452493755,5.737194318932163,9.130656188253342,5.737194318932164,9.446669489257818,9.130656188253342,13.179863404433373,13.179863404433371,13.179863404433371,13.58496795171211,13.179863404433373,13.179863404433373,20.203574880043778,9.446669489257818,13.179863404433371,13.179863404433373,13.179863404433371,13.179863404433375,13.179863404433373,13.179863404433371,13.584967951712109,13.58496795171211,13.179863404433371,13.179863404433371,13.58496795171211,5.737194318932163,5.737194318932165,9.130656188253342,13.179863404433371,5.737194318932165,20.203574880043774,9.130656188253342,13.179863404433371,13.179863404433371,13.179863404433371,13.58496795171211,20.203574880043778,20.203574880043778,5.737194318932163,5.737194318932164,13.179863404433371,13.179863404433371,13.179863404433375,13.179863404433373,13.179863404433371,13.179863404433371,13.58496795171211,13.58496795171211,13.58496795171211,13.179863404433371,20.203574880043778,13.179863404433373,13.179863404433371,13.179863404433371,13.179863404433371,13.179863404433373,13.58496795171211,13.58496795171211,13.58496795171211,13.179863404433371,13.58496795171211,13.179863404433375,13.179863404433371,20.203574880043778,13.179863404433371,20.203574880043778,20.203574880043778,5.737194318932163,9.130656188253342,9.130656188253342,13.179863404433371,13.179863404433371,13.179863404433371,13.179863404433371,13.58496795171211,13.179863404433371,13.179863404433371,13.179863404433371,5.737194318932163,20.203574880043778,9.130656188253342,13.179863404433373,13.179863404433371,13.179863404433371,13.179863404433371,13.179863404433371,13.179863404433371,13.179863404433371,13.58496795171211,13.584967951712109,13.58496795171211,9.130656188253342,9.130656188253345,0.6767063860346402,5.737194318932163,13.179863404433371,13.179863404433371,13.179863404433371,13.584967951712109,13.58496795171211,13.179863404433371,13.179863404433371,13.179863404433371,13.179863404433373,13.584967951712109
T67,20.203574880043774,20.203574880043778,5.737194318932163,13.179863404433371,9.130656188253344,13.179863404433371,13.179863404433375,13.584967951712109,13.584967951712109,13.584967951712109,13.58496795171211,13.179863404433371,13.584967951712112,13.179863404433371,20.203574880043778,20.203574880043778,20.203574880043774,13.179863404433371,13.179863404433373,13.179863404433371,13.179863404433371,13.179863404433371,13.179863404433371,13.179863404433373,20.203574880043778,20.203574880043774,20.203574880043774,20.203574880043778,20.203574880043778,13.179863404433373,13.179863404433373,13.179863404433371,13.179863404433373,13.179863404433373,13.179863404433373,13.179863404433373,13.179863404433373,9.130656188253342,5.737194318932164,13.179863404433371,13.179863404433371,13.179863404433371,13.584967951712109,13.58496795171211,13.58496795171211,13.58496795171211,13.584967951712109,13.584967951712112,13.58496795171211,13.179863404433373,20.203574880043778,1.7668359512822467,5.737194318932163,9.130656188253342,5.737194318932163,9.130656188253342,13.179863404433371,13.179863404433371,13.179863404433371,13.179863404433375,13.584967951712109,13.58496795171211,9.130656188253342,20.203574880043778,20.203574880043778,20.203574880043774,20.203574880043778,9.130656188253344,9.130656188253342,13.179863404433371,13.179863404433371,13.179863404433371,13.584967951712109,20.203574880043778,20.203574880043774,20.203574880043778,20.203574880043778,13.179863404433371,13.179863404433373,13.179863404433371,13.179863404433375,13.179863404433371,13.179863404433371,13.179863404433371,20.203574880043778,20.203574880043778,9.130656188253342,9.130656188253345,13.179863404433371,13.179863404433371,13.179863404433371,13.179863404433373,13.179863404433371,13.584967951712109,3.378924452493755,0.0,5.737194318932163,9.130656188253342,5.737194318932164,9.446669489257818,9.130656188253342,13.179863404433373,13.179863404433371,13.179863404433371,13.58496795171211,13.179863404433373,13.179863404433373,20.203574880043778,9.446669489257818,13.179863404433371,13.179863404433373,13.179863404433371,13.179863404433375,13.179863404433373,13.179863404433371,13.584967951712109,13.58496795171211,13.179863404433371,13.179863404433371,13.58496795171211,5.737194318932163,5.737194318932165,9.130656188253342,13.179863404433371,5.737194318932165,20.203574880043774,9.130656188253342,13.179863404433371,13.179863404433371,13.179863404433371,13.58496795171211,20.203574880043778,20.203574880043778,5.737194318932163,5.737194318932164,13.179863404433371,13.179863404433371,13.179863404433375,13.179863404433373,13.179863404433371,13.179863404433371,13.58496795171211,13.58496795171211,13.58496795171211,13.179863404433371,20.203574880043778,13.179863404433373,13.179863404433371,13.179863404433371,13.179863404433371,13.179863404433373,13.58496795171211,13.58496795171211,13.58496795171211,13.179863404433371,13.58496795171211,13.179863404433375,13.179863404433371,20.203574880043778,13.179863404433371,20.203574880043778,20.203574880043778,5.737194318932163,9.130656188253342,9.130656188253342,13.179863404433371,13.179863404433371,13.179863404433371,13.179863404433371,13.58496795171211,13.179863404433371,13.179863404433371,13.179863404433371,5.737194318932163,20.203574880043778,9.130656188253342,13.179863404433373,13.179863404433371,13.179863404433371,13.179863404433371,13.179863404433371,13.179863404433371,13.179863404433371,13.58496795171211,13.584967951712109,13.58496795171211,9.130656188253342,9.130656188253345,3.378924452493755,5.737194318932163,13.179863404433371,13.179863404433371,13.179863404433371,13.584967951712109,13.58496795171211,13.179863404433371,13.179863404433371,13.179863404433371,13.179863404433373,13.584967951712109
T109,20.203574880043774,20.203574880043778,5.369015668678944,13.179863404433371,9.130656188253344,13.179863404433371,13.179863404433375,13.584967951712109,13.584967951712109,13.584967951712109,13.58496795171211,13.179863404433371,13.584967951712112,13.179863404433371,20.203574880043778,20.203574880043778,20.203574880043774,13.179863404433371,13.179863404433373,13.179863404433371,13.179863404433371,13.179863404433371,13.179863404433371,13.179863404433373,20.203574880043778,20.203574880043774,20.203574880043774,20.203574880043778,20.203574880043778,13.179863404433373,13.179863404433373,13.179863404433371,13.179863404433373,13.179863404433373,13.179863404433373,13.179863404433373,13.179863404433373,9.130656188253342,5.467300198468972,13.179863404433371,13.179863404433371,13.179863404433371,13.584967951712109,13.58496795171211,13.58496795171211,13.58496795171211,13.584967951712109,13.584967951712112,13.58496795171211,13.179863404433373,20.203574880043778,5.737194318932163,5.369015668678944,9.130656188253342,5.467300198468971,9.130656188253342,13.179863404433371,13.179863404433371,13.179863404433371,13.179863404433375,13.584967951712109,13.58496795171211,9.130656188253342,20.203574880043778,20.203574880043778,20.203574880043774,20.203574880043778,9.130656188253344,9.130656188253342,13.179863404433371,13.179863404433371,13.179863404433371,13.584967951712109,20.203574880043778,20.203574880043774,20.203574880043778,20.203574880043778,13.179863404433371,13.179863404433373,13.179863404433371,13.179863404433375,13.179863404433371,13.179863404433371,13.179863404433371,20.203574880043778,20.203574880043778,9.130656188253342,9.130656188253345,13.179863404433371,13.179863404433371,13.179863404433371,13.179863404433373,13.179863404433371,13.584967951712109,5.737194318932163,5.737194318932163,0.0,9.130656188253342,5.467300198468972,9.446669489257818,9.130656188253342,13.179863404433373,13.179863404433371,13.179863404433371,13.58496795171211,13.179863404433373,13.179863404433373,20.203574880043778,9.446669489257818,13.179863404433371,13.179863404433373,13.179863404433371,13.179863404433375,13.179863404433373,13.179863404433371,13.584967951712109,13.58496795171211,13.179863404433371,13.179863404433371,13.58496795171211,5.369015668678944,5.467300198468973,9.130656188253342,13.179863404433371,5.467300198468973,20.203574880043774,9.130656188253342,13.179863404433371,13.179863404433371,13.179863404433371,13.58496795171211,20.203574880043778,20.203574880043778,5.369015668678944,5.467300198468972,13.179863404433371,13.179863404433371,13.179863404433375,13.179863404433373,13.179863404433371,13.179863404433371,13.58496795171211,13.58496795171211,13.58496795171211,13.179863404433371,20.203574880043778,13.179863404433373,13.179863404433371,13.179863404433371,13.179863404433371,13.179863404433373,13.58496795171211,13.58496795171211,13.58496795171211,13.179863404433371,13.58496795171211,13.179863404433375,13.179863404433371,20.203574880043778,13.179863404433371,20.203574880043778,20.203574880043778,5.467300198468971,9.130656188253342,9.130656188253342,13.179863404433371,13.179863404433371,13.179863404433371,13.179863404433371,13.58496795171211,13.179863404433371,13.179863404433371,13.179863404433371,5.369015668678944,20.203574880043778,9.130656188253342,13.179863404433373,13.179863404433371,13.179863404433371,13.179863404433371,13.179863404433371,13.179863404433371,13.179863404433371,13.58496795171211,13.584967951712109,13.58496795171211,9.130656188253342,9.130656188253345,5.737194318932163,5.369015668678944,13.179863404433371,13.179863404433371,13.179863404433371,13.584967951712109,13.58496795171211,13.179863404433371,13.179863404433371,13.179863404433371,13.179863404433373,13.584967951712109
T9,20.203574880043774,20.203574880043778,9.130656188253342,13.179863404433371,8.476536775462087,13.179863404433373,13.179863404433375,13.58496795171211,13.58496795171211,13.58496795171211,13.58496795171211,13.179863404433373,13.584967951712114,13.179863404433371,20.203574880043778,20.203574880043778,20.203574880043774,13.179863404433373,13.179863404433375,13.179863404433373,13.179863404433373,13.179863404433371,13.179863404433371,13.179863404433375,20.203574880043778,20.203574880043774,20.203574880043774,20.203574880043778,20.203574880043778,13.179863404433375,13.179863404433375,13.179863404433371,13.179863404433375,13.179863404433375,13.179863404433375,13.179863404433375,13.179863404433375,8.476536775462085,9.130656188253344,13.179863404433373,13.179863404433373,13.179863404433373,13.58496795171211,13.58496795171211,13.58496795171211,13.58496795171211,13.58496795171211,13.584967951712114,13.58496795171211,13.179863404433375,20.203574880043778,9.130656188253342,9.130656188253342,1.175442405265704,9.130656188253342,6.621509368212761,13.179863404433371,13.179863404433371,13.179863404433371,13.179863404433375,13.58496795171211,13.584967951712112,6.621509368212761,20.203574880043778,20.203574880043778,20.203574880043774,20.203574880043778,8.476536775462087,6.621509368212761,13.179863404433371,13.179863404433371,13.179863404433373,13.58496795171211,20.203574880043778,20.203574880043774,20.203574880043778,20.203574880043778,13.179863404433371,13.179863404433375,13.179863404433373,13.179863404433375,13.179863404433373,13.179863404433373,13.179863404433371,20.203574880043778,20.203574880043778,8.476536775462087,6.621509368212763,13.179863404433373,13.179863404433373,13.179863404433371,13.179863404433375,13.179863404433373,13.58496795171211,9.130656188253342,9.130656188253342,9.130656188253342,0.0,9.130656188253344,9.446669489257818,6.621509368212761,13.179863404433375,13.179863404433373,13.179863404433373,13.58496795171211,13.179863404433375,13.179863404433375,20.203574880043778,9.446669489257818,13.179863404433371,13.179863404433375,13.179863404433371,13.179863404433375,13.179863404433375,13.179863404433373,13.58496795171211,13.58496795171211,13.179863404433371,13.179863404433373,13.584967951712112,9.130656188253342,9.130656188253345,6.621509368212761,13.179863404433371,9.130656188253345,20.203574880043774,8.476536775462087,13.179863404433373,13.179863404433373,13.179863404433373,13.58496795171211,20.203574880043778,20.203574880043778,9.130656188253342,9.130656188253344,13.179863404433371,13.179863404433373,13.179863404433375,13.179863404433375,13.179863404433373,13.179863404433371,13.58496795171211,13.58496795171211,13.58496795171211,13.179863404433373,20.203574880043778,13.179863404433375,13.179863404433373,13.179863404433371,13.179863404433373,13.179863404433375,13.58496795171211,13.58496795171211,13.58496795171211,13.179863404433373,13.584967951712112,13.179863404433375,13.179863404433373,20.203574880043778,13.179863404433373,20.203574880043778,20.203574880043778,9.130656188253342,6.621509368212761,8.476536775462085,13.179863404433373,13.179863404433371,13.179863404433371,13.179863404433373,13.58496795171211,13.179863404433371,13.179863404433373,13.179863404433373,9.130656188253342,20.203574880043778,4.6083948201413785,13.179863404433375,13.179863404433373,13.179863404433373,13.179863404433371,13.179863404433371,13.179863404433371,13.179863404433373,13.58496795171211,13.58496795171211,13.58496795171211,6.621509368212761,6.621509368212763,9.130656188253342,9.130656188253342,13.179863404433373,13.179863404433373,13.179863404433373,13.58496795171211,13.584967951712112,13.179863404433373,13.179863404433373,13.179863404433373,13.179863404433375,13.58496795171211
T25,20.203574880043774,20.203574880043778,5.467300198468971,13.179863404433371,9.130656188253345,13.179863404433373,13.179863404433375,13.58496795171211,13.58496795171211,13.58496795171211,13.58496795171211,13.179863404433373,13.584967951712114,13.179863404433371,20.203574880043778,20.203574880043778,20.203574880043774,13.179863404433373,13.179863404433375,13.179863404433373,13.179863404433373,13.179863404433371,13.179863404433371,13.179863404433375,20.203574880043778,20.203574880043774,20.203574880043774,20.203574880043778,20.203574880043778,13.179863404433375,13.179863404433375,13.179863404433371,13.179863404433375,13.179863404433375,13.179863404433375,13.179863404433375,13.179863404433375,9.130656188253342,1.5834030104509356,13.179863404433373,13.179863404433373,13.179863404433373,13.58496795171211,13.58496795171211,13.58496795171211,13.58496795171211,13.58496795171211,13.584967951712114,13.58496795171211,13.179863404433375,20.203574880043778,5.737194318932164,5.467300198468971,9.130656188253344,4.295562549802675,9.130656188253344,13.179863404433371,13.179863404433371,13.179863404433371,13.179863404433375,13.58496795171211,13.584967951712112,9.130656188253344,20.203574880043778,20.203574880043778,20.203574880043774,20.203574880043778,9.130656188253345,9.130656188253344,13.179863404433371,13.179863404433371,13.179863404433373,13.58496795171211,20.203574880043778,20.203574880043774,20.203574880043778,20.203574880043778,13.179863404433371,13.179863404433375,13.179863404433373,13.179863404433375,13.179863404433373,13.179863404433373,13.179863404433371,20.203574880043778,20.203574880043778,9.130656188253344,9.130656188253345,13.179863404433373,13.179863404433373,13.179863404433371,13.179863404433375,13.179863404433373,13.58496795171211,5.737194318932164,5.737194318932164,5.467300198468972,9.130656188253344,0.0,9.446669489257818,9.130656188253344,13.179863404433375,13.179863404433373,13.179863404433373,13.58496795171211,13.179863404433375,13.179863404433375,20.203574880043778,9.446669489257818,13.179863404433371,13.179863404433375,13.179863404433371,13.179863404433375,13.179863404433375,13.179863404433373,13.58496795171211,13.58496795171211,13.179863404433371,13.179863404433373,13.584967951712112,5.467300198468971,4.295562549802677,9.130656188253344,13.179863404433371,4.295562549802677,20.203574880043774,9.130656188253344,13.179863404433373,13.179863404433373,13.179863404433373,13.58496795171211,20.203574880043778,20.203574880043778,5.467300198468971,4.295562549802676,13.179863404433371,13.179863404433373,13.179863404433375,13.179863404433375,13.179863404433373,13.179863404433371,13.58496795171211,13.58496795171211,13.58496795171211,13.179863404433373,20.203574880043778,13.179863404433375,13.179863404433373,13.179863404433371,13.179863404433373,13.179863404433375,13.58496795171211,13.58496795171211,13.58496795171211,13.179863404433373,13.584967951712112,13.179863404433375,13.179863404433373,20.203574880043778,13.179863404433373,20.203574880043778,20.203574880043778,4.295562549802675,9.130656188253344,9.130656188253342,13.179863404433373,13.179863404433371,13.179863404433371,13.179863404433373,13.58496795171211,13.179863404433371,13.179863404433373,13.179863404433373,5.467300198468971,20.203574880043778,9.130656188253344,13.179863404433375,13.179863404433373,13.179863404433373,13.179863404433371,13.179863404433371,13.179863404433371,13.179863404433373,13.58496795171211,13.58496795171211,13.58496795171211,9.130656188253344,9.130656188253345,5.737194318932164,5.467300198468971,13.179863404433373,13.179863404433373,13.179863404433373,13.58496795171211,13.584967951712112,13.179863404433373,13.179863404433373,13.179863404433373,13.179863404433375,13.58496795171211
T151,20.203574880043778,20.20357488004378,9.446669489257818,13.179863404433375,9.446669489257822,13.179863404433375,13.179863404433378,13.58496795171211,13.58496795171211,13.58496795171211,13.584967951712114,13.179863404433375,13.584967951712114,13.179863404433375,20.203574880043778,20.203574880043778,20.203574880043778,13.179863404433375,13.179863404433375,13.179863404433375,13.179863404433375,13.179863404433375,13.179863404433375,13.179863404433375,20.203574880043778,20.203574880043778,20.203574880043778,20.203574880043778,20.20357488004378,13.179863404433375,13.179863404433375,13.179863404433375,13.179863404433375,13.179863404433375,13.179863404433375,13.179863404433375,13.179863404433375,9.446669489257818,9.446669489257818,13.179863404433375,13.179863404433375,13.179863404433375,13.58496795171211,13.584967951712114,13.584967951712112,13.584967951712112,13.58496795171211,13.584967951712114,13.584967951712114,13.179863404433375,20.20357488004378,9.446669489257818,9.446669489257818,9.446669489257818,9.446669489257818,9.446669489257818,13.179863404433375,13.179863404433375,13.179863404433375,13.179863404433377,13.58496795171211,13.584967951712114,9.446669489257818,20.203574880043778,20.203574880043778,20.203574880043778,20.203574880043778,9.446669489257822,9.446669489257818,13.179863404433375,13.179863404433375,13.179863404433375,13.58496795171211,20.203574880043778,20.203574880043778,20.203574880043778,20.203574880043778,13.179863404433375,13.179863404433375,13.179863404433375,13.179863404433377,13.179863404433375,13.179863404433375,13.179863404433375,20.203574880043778,20.203574880043778,9.446669489257818,9.446669489257822,13.179863404433375,13.179863404433375,13.179863404433375,13.179863404433375,13.179863404433375,13.58496795171211,9.446669489257818,9.446669489257818,9.446669489257818,9.446669489257818,9.446669489257818,0.0,9.446669489257818,13.179863404433375,13.179863404433375,13.179863404433375,13.584967951712112,13.179863404433375,13.179863404433375,20.203574880043778,2.900562886546422,13.179863404433375,13.179863404433375,13.179863404433375,13.179863404433377,13.179863404433375,13.179863404433375,13.58496795171211,13.584967951712114,13.179863404433375,13.179863404433375,13.584967951712114,9.446669489257818,9.446669489257822,9.446669489257818,13.179863404433375,9.446669489257822,20.203574880043778,9.446669489257818,13.179863404433375,13.179863404433375,13.179863404433375,13.584967951712112,20.203574880043778,20.203574880043778,9.446669489257818,9.446669489257818,13.179863404433375,13.179863404433375,13.179863404433377,13.179863404433375,13.179863404433375,13.179863404433375,13.584967951712112,13.584967951712112,13.584967951712114,13.179863404433375,20.203574880043778,13.179863404433375,13.179863404433375,13.179863404433375,13.179863404433375,13.179863404433375,13.584967951712114,13.584967951712112,13.584967951712112,13.179863404433375,13.584967951712114,13.179863404433377,13.179863404433375,20.20357488004378,13.179863404433375,20.203574880043778,20.203574880043778,9.446669489257818,9.446669489257818,9.446669489257818,13.179863404433375,13.179863404433375,13.179863404433375,13.179863404433375,13.584967951712114,13.179863404433375,13.179863404433375,13.179863404433375,9.446669489257818,20.203574880043778,9.446669489257818,13.179863404433375,13.179863404433375,13.179863404433375,13.179863404433375,13.179863404433375,13.179863404433375,13.179863404433375,13.584967951712112,13.58496795171211,13.584967951712114,9.446669489257818,9.446669489257822,9.446669489257818,9.446669489257818,13.179863404433375,13.179863404433375,13.179863404433375,13.58496795171211,13.584967951712114,13.179863404433375,13.179863404433375,13.179863404433375,13.179863404433375,13.58496795171211
T41,20.203574880043774,20.203574880043778,9.130656188253342,13.179863404433371,8.476536775462089,13.179863404433373,13.179863404433375,13.58496795171211,13.58496795171211,13.58496795171211,13.58496795171211,13.179863404433373,13.584967951712114,13.179863404433371,20.203574880043778,20.203574880043778,20.203574880043774,13.179863404433373,13.179863404433375,13.179863404433373,13.179863404433373,13.179863404433371,13.179863404433371,13.179863404433375,20.203574880043778,20.203574880043774,20.203574880043774,20.203574880043778,20.203574880043778,13.179863404433375,13.179863404433375,13.179863404433371,13.179863404433375,13.179863404433375,13.179863404433375,13.179863404433375,13.179863404433375,8.476536775462087,9.130656188253344,13.179863404433373,13.179863404433373,13.179863404433373,13.58496795171211,13.58496795171211,13.58496795171211,13.58496795171211,13.58496795171211,13.584967951712114,13.58496795171211,13.179863404433375,20.203574880043778,9.130656188253342,9.130656188253342,6.621509368212761,9.130656188253342,1.399922334918029,13.179863404433371,13.179863404433371,13.179863404433371,13.179863404433375,13.58496795171211,13.584967951712112,1.399922334918029,20.203574880043778,20.203574880043778,20.203574880043774,20.203574880043778,8.476536775462089,0.2729951413732194,13.179863404433371,13.179863404433371,13.179863404433373,13.58496795171211,20.203574880043778,20.203574880043774,20.203574880043778,20.203574880043778,13.179863404433371,13.179863404433375,13.179863404433373,13.179863404433375,13.179863404433373,13.179863404433373,13.179863404433371,20.203574880043778,20.203574880043778,8.476536775462087,6.569352205940358,13.179863404433373,13.179863404433373,13.179863404433371,13.179863404433375,13.179863404433373,13.58496795171211,9.130656188253342,9.130656188253342,9.130656188253342,6.621509368212761,9.130656188253344,9.446669489257818,0.0,13.179863404433375,13.179863404433373,13.179863404433373,13.58496795171211,13.179863404433375,13.179863404433375,20.203574880043778,9.446669489257818,13.179863404433371,13.179863404433375,13.179863404433371,13.179863404433375,13.179863404433375,13.179863404433373,13.58496795171211,13.58496795171211,13.179863404433371,13.179863404433373,13.584967951712112,9.130656188253342,9.130656188253345,6.569352205940357,13.179863404433371,9.130656188253345,20.203574880043774,8.476536775462087,13.179863404433373,13.179863404433373,13.179863404433373,13.58496795171211,20.203574880043778,20.203574880043778,9.130656188253342,9.130656188253344,13.179863404433371,13.179863404433373,13.179863404433375,13.179863404433375,13.179863404433373,13.179863404433371,13.58496795171211,13.58496795171211,13.58496795171211,13.179863404433373,20.203574880043778,13.179863404433375,13.179863404433373,13.179863404433371,13.179863404433373,13.179863404433375,13.58496795171211,13.58496795171211,13.58496795171211,13.179863404433373,13.584967951712112,13.179863404433375,13.179863404433373,20.203574880043778,13.179863404433373,20.203574880043778,20.203574880043778,9.130656188253342,0.3235119816380015,8.476536775462087,13.179863404433373,13.179863404433371,13.179863404433371,13.179863404433373,13.58496795171211,13.179863404433371,13.179863404433373,13.179863404433373,9.130656188253342,20.203574880043778,6.621509368212763,13.179863404433375,13.179863404433373,13.179863404433373,13.179863404433371,13.179863404433371,13.179863404433371,13.179863404433373,13.58496795171211,13.58496795171211,13.58496795171211,1.556203637152553,6.569352205940358,9.130656188253342,9.130656188253342,13.179863404433373,13.179863404433373,13.179863404433373,13.58496795171211,13.584967951712112,13.179863404433373,13.179863404433373,13.179863404433373,13.179863404433375,13.58496795171211
T135,20.203574880043778,20.203574880043778,13.179863404433373,7.0226140770735315,13.179863404433375,10.319929406503606,10.319929406503608,13.58496795171211,13.58496795171211,13.58496795171211,13.584967951712112,10.319929406503606,13.584967951712114,7.0226140770735315,20.203574880043778,20.203574880043778,20.203574880043778,8.146882099671767,0.2413599674727266,3.4640706085723734,3.4640706085723734,9.43087362239859,9.43087362239859,10.319929406503606,20.203574880043778,20.203574880043778,20.203574880043778,20.203574880043778,20.203574880043778,7.022614077073533,7.022614077073533,4.931322423087892,4.931322423087893,10.319929406503606,10.319929406503606,10.319929406503606,10.319929406503606,13.179863404433373,13.179863404433375,10.319929406503606,10.319929406503606,10.319929406503606,13.58496795171211,13.584967951712112,13.58496795171211,13.58496795171211,13.58496795171211,13.584967951712114,13.584967951712112,10.319929406503606,20.203574880043778,13.179863404433373,13.179863404433373,13.179863404433375,13.179863404433373,13.179863404433375,4.931322423087891,9.43087362239859,9.43087362239859,10.319929406503606,13.58496795171211,13.584967951712114,13.179863404433375,20.203574880043778,20.203574880043778,20.203574880043778,20.203574880043778,13.179863404433375,13.179863404433375,4.931322423087892,9.43087362239859,10.319929406503606,13.58496795171211,20.203574880043778,20.203574880043778,20.203574880043778,20.203574880043778,9.43087362239859,10.319929406503606,10.319929406503606,10.319929406503606,10.319929406503606,10.319929406503606,7.0226140770735315,20.203574880043778,20.203574880043778,13.179863404433375,13.179863404433375,4.9313224230878925,9.430873622398591,9.43087362239859,10.319929406503606,10.319929406503606,13.58496795171211,13.179863404433373,13.179863404433373,13.179863404433373,13.179863404433375,13.179863404433375,13.179863404433375,13.179863404433375,0.0,3.4640706085723734,9.430873622398591,13.58496795171211,10.319929406503606,10.319929406503606,20.203574880043778,13.179863404433375,4.931322423087891,0.25830072015429395,9.43087362239859,10.319929406503606,10.319929406503606,10.319929406503606,13.58496795171211,13.584967951712112,9.43087362239859,10.319929406503606,13.584967951712114,13.179863404433373,13.179863404433375,13.179863404433375,7.0226140770735315,13.179863404433375,20.203574880043778,13.179863404433375,8.146882099671767,7.022614077073533,9.430873622398591,13.58496795171211,20.203574880043778,20.203574880043778,13.179863404433373,13.179863404433375,7.0226140770735315,4.9313224230878925,4.931322423087894,4.931322423087893,3.4640706085723734,9.43087362239859,13.58496795171211,13.58496795171211,13.584967951712112,10.319929406503606,20.203574880043778,0.25830072015429395,3.4640706085723734,9.43087362239859,10.319929406503606,10.319929406503606,13.584967951712112,13.58496795171211,13.58496795171211,10.319929406503606,13.584967951712114,10.319929406503606,10.319929406503606,20.203574880043778,8.146882099671767,20.203574880043778,20.203574880043778,13.179863404433373,13.179863404433375,13.179863404433373,8.146882099671767,9.43087362239859,9.43087362239859,10.319929406503606,13.584967951712112,9.43087362239859,10.319929406503606,10.319929406503606,13.179863404433373,20.203574880043778,13.179863404433375,7.022614077073533,3.4640706085723734,9.430873622398591,9.43087362239859,9.43087362239859,9.43087362239859,10.319929406503606,13.58496795171211,13.58496795171211,13.584967951712112,13.179863404433375,13.179863404433375,13.179863404433373,13.179863404433373,4.9313224230878925,3.4640706085723734,10.319929406503606,13.58496795171211,13.584967951712114,9.430873622398591,10.319929406503606,10.319929406503606,10.319929406503606,13.58496795171211
T177,20.203574880043774,20.203574880043778,13.179863404433371,7.0226140770735315,13.179863404433375,10.319929406503604,10.319929406503606,13.58496795171211,13.58496795171211,13.58496795171211,13.58496795171211,10.319929406503604,13.584967951712114,7.0226140770735315,20.203574880043778,20.203574880043778,20.203574880043774,8.146882099671767,3.4640706085723734,0.8670762345528078,0.8670762345528078,9.43087362239859,9.43087362239859,10.319929406503606,20.203574880043778,20.203574880043774,20.203574880043774,20.203574880043778,20.203574880043778,7.022614077073533,7.022614077073533,4.931322423087891,4.9313224230878925,10.319929406503606,10.319929406503606,10.319929406503606,10.319929406503606,13.179863404433371,13.179863404433373,10.319929406503604,10.319929406503604,10.319929406503604,13.58496795171211,13.58496795171211,13.58496795171211,13.58496795171211,13.58496795171211,13.584967951712114,13.58496795171211,10.319929406503606,20.203574880043778,13.179863404433371,13.179863404433371,13.179863404433373,13.179863404433371,13.179863404433373,4.931322423087891,9.43087362239859,9.43087362239859,10.319929406503606,13.58496795171211,13.584967951712112,13.179863404433373,20.203574880043778,20.203574880043778,20.203574880043774,20.203574880043778,13.179863404433375,13.179863404433373,4.931322423087891,9.43087362239859,10.319929406503604,13.58496795171211,20.203574880043778,20.203574880043774,20.203574880043778,20.203574880043778,9.43087362239859,10.319929406503606,10.319929406503604,10.319929406503606,10.319929406503604,10.319929406503604,7.0226140770735315,20.203574880043778,20.203574880043778,13.179863404433373,13.179863404433375,4.931322423087892,9.43087362239859,9.43087362239859,10.319929406503606,10.319929406503604,13.58496795171211,13.179863404433371,13.179863404433371,13.179863404433371,13.179863404433373,13.179863404433373,13.179863404433375,13.179863404433373,3.4640706085723734,0.0,9.43087362239859,13.58496795171211,10.319929406503606,10.319929406503606,20.203574880043778,13.179863404433375,4.931322423087891,3.4640706085723734,9.43087362239859,10.319929406503606,10.319929406503606,10.319929406503604,13.58496795171211,13.58496795171211,9.43087362239859,10.319929406503604,13.584967951712112,13.179863404433371,13.179863404433375,13.179863404433373,7.0226140770735315,13.179863404433375,20.203574880043774,13.179863404433373,8.146882099671767,7.0226140770735315,9.43087362239859,13.58496795171211,20.203574880043778,20.203574880043778,13.179863404433371,13.179863404433373,7.0226140770735315,4.931322423087892,4.931322423087893,4.9313224230878925,1.5134427452013546,9.43087362239859,13.58496795171211,13.58496795171211,13.58496795171211,10.319929406503604,20.203574880043778,3.4640706085723734,1.4557773363649713,9.43087362239859,10.319929406503604,10.319929406503606,13.58496795171211,13.58496795171211,13.58496795171211,10.319929406503604,13.584967951712112,10.319929406503606,10.319929406503604,20.203574880043778,8.146882099671767,20.203574880043778,20.203574880043778,13.179863404433371,13.179863404433373,13.179863404433371,8.146882099671767,9.43087362239859,9.43087362239859,10.319929406503604,13.58496795171211,9.43087362239859,10.319929406503604,10.319929406503604,13.179863404433371,20.203574880043778,13.179863404433373,7.022614077073533,1.5134427452013546,9.43087362239859,9.43087362239859,9.43087362239859,9.43087362239859,10.319929406503604,13.58496795171211,13.58496795171211,13.58496795171211,13.179863404433373,13.179863404433375,13.179863404433371,13.179863404433371,4.931322423087892,1.5134427452013546,10.319929406503604,13.58496795171211,13.584967951712112,9.43087362239859,10.319929406503604,10.319929406503604,10.319929406503606,13.58496795171211
T51,20.203574880043774,20.203574880043778,13.179863404433371,9.43087362239859,13.179863404433375,10.319929406503604,10.319929406503606,13.58496795171211,13.58496795171211,13.58496795171211,13.58496795171211,10.319929406503604,13.584967951712114,9.43087362239859,20.203574880043778,20.203574880043778,20.203574880043774,9.43087362239859,9.430873622398591,9.43087362239859,9.43087362239859,7.549699367992667,7.549699367992667,10.319929406503606,20.203574880043778,20.203574880043774,20.203574880043774,20.203574880043778,20.203574880043778,9.430873622398591,9.430873622398591,9.43087362239859,9.430873622398591,10.319929406503606,10.319929406503606,10.319929406503606,10.319929406503606,13.179863404433371,13.179863404433373,10.319929406503604,10.319929406503604,10.319929406503604,13.58496795171211,13.58496795171211,13.58496795171211,13.58496795171211,13.58496795171211,13.584967951712114,13.58496795171211,10.319929406503606,20.203574880043778,13.179863404433371,13.179863404433371,13.179863404433373,13.179863404433371,13.179863404433373,9.43087362239859,7.549699367992667,7.883705707959611,10.319929406503606,13.58496795171211,13.584967951712112,13.179863404433373,20.203574880043778,20.203574880043778,20.203574880043774,20.203574880043778,13.179863404433375,13.179863404433373,9.43087362239859,7.549699367992667,10.319929406503604,13.58496795171211,20.203574880043778,20.203574880043774,20.203574880043778,20.203574880043778,7.549699367992667,10.319929406503606,10.319929406503604,10.319929406503606,10.319929406503604,10.319929406503604,9.43087362239859,20.203574880043778,20.203574880043778,13.179863404433373,13.179863404433375,9.43087362239859,1.39911372680722,7.549699367992668,10.319929406503606,10.319929406503604,13.58496795171211,13.179863404433371,13.179863404433371,13.179863404433371,13.179863404433373,13.179863404433373,13.179863404433375,13.179863404433373,9.430873622398591,9.43087362239859,0.0,13.58496795171211,10.319929406503606,10.319929406503606,20.203574880043778,13.179863404433375,9.43087362239859,9.430873622398591,7.549699367992668,10.319929406503606,10.319929406503606,10.319929406503604,13.58496795171211,13.58496795171211,7.549699367992667,10.319929406503604,13.584967951712112,13.179863404433371,13.179863404433375,13.179863404433373,9.43087362239859,13.179863404433375,20.203574880043774,13.179863404433373,9.43087362239859,9.43087362239859,1.39911372680722,13.58496795171211,20.203574880043778,20.203574880043778,13.179863404433371,13.179863404433373,9.43087362239859,9.43087362239859,9.430873622398591,9.430873622398591,9.43087362239859,7.549699367992668,13.58496795171211,13.58496795171211,13.58496795171211,10.319929406503604,20.203574880043778,9.430873622398591,9.43087362239859,7.549699367992668,10.319929406503604,10.319929406503606,13.58496795171211,13.58496795171211,13.58496795171211,10.319929406503604,13.584967951712112,10.319929406503606,10.319929406503604,20.203574880043778,9.43087362239859,20.203574880043778,20.203574880043778,13.179863404433371,13.179863404433373,13.179863404433371,9.43087362239859,7.549699367992667,7.549699367992668,10.319929406503604,13.58496795171211,7.549699367992668,10.319929406503604,10.319929406503604,13.179863404433371,20.203574880043778,13.179863404433373,9.430873622398591,9.43087362239859,1.39911372680722,7.549699367992668,7.549699367992668,7.549699367992667,10.319929406503604,13.58496795171211,13.58496795171211,13.58496795171211,13.179863404433373,13.179863404433375,13.179863404433371,13.179863404433371,9.43087362239859,9.43087362239859,10.319929406503604,13.58496795171211,13.584967951712112,0.04760661740875735,10.319929406503604,10.319929406503604,10.319929406503606,13.58496795171211
T111,20.203574880043774,20.203574880043778,13.58496795171211,13.58496795171211,13.58496795171211,13.58496795171211,13.584967951712114,10.957120558947592,10.957120558947592,10.957120558947592,3.8591075589156874,13.58496795171211,10.0340299622269,13.58496795171211,20.203574880043778,20.203574880043778,20.203574880043774,13.58496795171211,13.58496795171211,13.58496795171211,13.58496795171211,13.58496795171211,13.58496795171211,13.58496795171211,20.203574880043778,20.203574880043774,20.203574880043774,20.203574880043778,20.203574880043778,13.58496795171211,13.58496795171211,13.58496795171211,13.58496795171211,13.58496795171211,13.58496795171211,13.58496795171211,13.58496795171211,13.58496795171211,13.58496795171211,13.58496795171211,13.58496795171211,13.58496795171211,10.957120558947592,10.0340299622269,0.32793561351467343,3.8591075589156874,10.957120558947592,10.0340299622269,3.8591075589156874,13.58496795171211,20.203574880043778,13.58496795171211,13.58496795171211,13.58496795171211,13.58496795171211,13.58496795171211,13.58496795171211,13.58496795171211,13.58496795171211,13.584967951712112,10.957120558947592,10.0340299622269,13.58496795171211,20.203574880043778,20.203574880043778,20.203574880043774,20.203574880043778,13.58496795171211,13.58496795171211,13.58496795171211,13.58496795171211,13.58496795171211,10.957120558947592,20.203574880043778,20.203574880043774,20.203574880043778,20.203574880043778,13.58496795171211,13.58496795171211,13.58496795171211,13.584967951712112,13.58496795171211,13.58496795171211,13.58496795171211,20.203574880043778,20.203574880043778,13.58496795171211,13.584967951712112,13.58496795171211,13.58496795171211,13.58496795171211,13.58496795171211,13.58496795171211,10.957120558947592,13.58496795171211,13.58496795171211,13.58496795171211,13.58496795171211,13.58496795171211,13.584967951712112,13.58496795171211,13.58496795171211,13.58496795171211,13.58496795171211,0.0,13.58496795171211,13.58496795171211,20.203574880043778,13.584967951712112,13.58496795171211,13.58496795171211,13.58496795171211,13.584967951712112,13.58496795171211,13.58496795171211,10.957120558947592,3.8591075589156874,13.58496795171211,13.58496795171211,10.0340299622269,13.58496795171211,13.58496795171211,13.58496795171211,13.58496795171211,13.58496795171211,20.203574880043774,13.58496795171211,13.58496795171211,13.58496795171211,13.58496795171211,0.32793561351467343,20.203574880043778,20.203574880043778,13.58496795171211,13.58496795171211,13.58496795171211,13.58496795171211,13.584967951712112,13.58496795171211,13.58496795171211,13.58496795171211,10.957120558947592,10.957120558947592,10.0340299622269,13.58496795171211,20.203574880043778,13.58496795171211,13.58496795171211,13.58496795171211,13.58496795171211,13.58496795171211,3.8591075589156874,3.8591075589156874,3.8591075589156874,13.58496795171211,10.0340299622269,13.584967951712112,13.58496795171211,20.203574880043778,13.58496795171211,20.203574880043778,20.203574880043778,13.58496795171211,13.58496795171211,13.58496795171211,13.58496795171211,13.58496795171211,13.58496795171211,13.58496795171211,3.8591075589156874,13.58496795171211,13.58496795171211,13.58496795171211,13.58496795171211,20.203574880043778,13.58496795171211,13.58496795171211,13.58496795171211,13.58496795171211,13.58496795171211,13.58496795171211,13.58496795171211,13.58496795171211,0.32531066162095346,10.957120558947592,3.8591075589156874,13.58496795171211,13.584967951712112,13.58496795171211,13.58496795171211,13.58496795171211,13.58496795171211,13.58496795171211,10.957120558947592,10.0340299622269,13.58496795171211,13.58496795171211,13.58496795171211,13.58496795171211,10.957120558947592
T139,20.203574880043778,20.203574880043778,13.179863404433373,10.319929406503604,13.179863404433375,8.628624096335662,8.628624096335663,13.58496795171211,13.58496795171211,13.58496795171211,13.584967951712112,8.62862409633566,13.584967951712114,10.319929406503604,20.203574880043778,20.203574880043778,20.203574880043778,10.319929406503606,10.319929406503606,10.319929406503606,10.319929406503606,10.319929406503604,10.319929406503604,6.102844446589002,20.203574880043778,20.203574880043778,20.203574880043778,20.203574880043778,20.203574880043778,10.319929406503606,10.319929406503606,10.319929406503604,10.319929406503606,3.929127478608706,4.685229135010051,6.102844446589002,8.628624096335662,13.179863404433373,13.179863404433375,8.628624096335662,8.628624096335662,8.628624096335662,13.58496795171211,13.584967951712112,13.58496795171211,13.58496795171211,13.58496795171211,13.584967951712114,13.584967951712112,3.929127478608706,20.203574880043778,13.179863404433373,13.179863404433373,13.179863404433375,13.179863404433373,13.179863404433375,10.319929406503604,10.319929406503604,10.319929406503604,6.102844446589003,13.58496795171211,13.584967951712114,13.179863404433375,20.203574880043778,20.203574880043778,20.203574880043778,20.203574880043778,13.179863404433375,13.179863404433375,10.319929406503604,10.319929406503604,8.628624096335662,13.58496795171211,20.203574880043778,20.203574880043778,20.203574880043778,20.203574880043778,10.319929406503604,1.1586921790856928,8.628624096335662,8.628624096335663,8.62862409633566,8.628624096335662,10.319929406503604,20.203574880043778,20.203574880043778,13.179863404433375,13.179863404433375,10.319929406503606,10.319929406503606,10.319929406503604,0.07053543131107604,8.628624096335662,13.58496795171211,13.179863404433373,13.179863404433373,13.179863404433373,13.179863404433375,13.179863404433375,13.179863404433375,13.179863404433375,10.319929406503606,10.319929406503606,10.319929406503606,13.58496795171211,0.0,8.628624096335662,20.203574880043778,13.179863404433375,10.319929406503604,10.319929406503606,10.319929406503604,6.102844446589003,0.5586823923756667,8.628624096335662,13.58496795171211,13.584967951712112,10.319929406503604,8.628624096335662,13.584967951712114,13.179863404433373,13.179863404433375,13.179863404433375,10.319929406503604,13.179863404433375,20.203574880043778,13.179863404433375,10.319929406503606,10.319929406503606,10.319929406503606,13.58496795171211,20.203574880043778,20.203574880043778,13.179863404433373,13.179863404433375,10.319929406503604,10.319929406503606,10.319929406503606,10.319929406503606,10.319929406503606,10.319929406503604,13.58496795171211,13.58496795171211,13.584967951712112,8.628624096335662,20.203574880043778,10.319929406503606,10.319929406503606,10.319929406503604,8.628624096335662,8.628624096335662,13.584967951712112,13.58496795171211,13.58496795171211,8.62862409633566,13.584967951712114,5.081186830526827,8.628624096335662,20.203574880043778,10.319929406503606,20.203574880043778,20.203574880043778,13.179863404433373,13.179863404433375,13.179863404433373,10.319929406503606,10.319929406503604,10.319929406503604,8.628624096335662,13.584967951712112,10.319929406503604,8.628624096335662,8.628624096335662,13.179863404433373,20.203574880043778,13.179863404433375,10.319929406503606,10.319929406503606,10.319929406503606,10.319929406503604,10.319929406503604,10.319929406503604,8.628624096335662,13.58496795171211,13.58496795171211,13.584967951712112,13.179863404433375,13.179863404433375,13.179863404433373,13.179863404433373,10.319929406503606,10.319929406503606,5.081186830526825,13.58496795171211,13.584967951712114,10.319929406503606,8.62862409633566,8.628624096335662,8.628624096335662,13.58496795171211
T174,20.203574880043778,20.203574880043778,13.179863404433373,10.319929406503604,13.179863404433375,7.235889181701197,4.41713136719919,13.58496795171211,13.58496795171211,13.58496795171211,13.584967951712112,5.543798773306206,13.584967951712114,10.319929406503604,20.203574880043778,20.203574880043778,20.203574880043778,10.319929406503606,10.319929406503606,10.319929406503606,10.319929406503606,10.319929406503604,10.319929406503604,8.628624096335662,20.203574880043778,20.203574880043778,20.203574880043778,20.203574880043778,20.203574880043778,10.319929406503606,10.319929406503606,10.319929406503604,10.319929406503606,8.628624096335662,8.628624096335662,8.628624096335662,0.8066213895950168,13.179863404433373,13.179863404433375,7.235889181701197,7.235889181701197,7.235889181701197,13.58496795171211,13.584967951712112,13.58496795171211,13.58496795171211,13.58496795171211,13.584967951712114,13.584967951712112,8.628624096335662,20.203574880043778,13.179863404433373,13.179863404433373,13.179863404433375,13.179863404433373,13.179863404433375,10.319929406503604,10.319929406503604,10.319929406503604,8.628624096335662,13.58496795171211,13.584967951712114,13.179863404433375,20.203574880043778,20.203574880043778,20.203574880043778,20.203574880043778,13.179863404433375,13.179863404433375,10.319929406503604,10.319929406503604,7.235889181701197,13.58496795171211,20.203574880043778,20.203574880043778,20.203574880043778,20.203574880043778,10.319929406503604,8.628624096335662,7.235889181701197,7.235889181701199,4.417131367199187,7.235889181701197,10.319929406503604,20.203574880043778,20.203574880043778,13.179863404433375,13.179863404433375,10.319929406503606,10.319929406503606,10.319929406503604,8.628624096335662,7.235889181701197,13.58496795171211,13.179863404433373,13.179863404433373,13.179863404433373,13.179863404433375,13.179863404433375,13.179863404433375,13.179863404433375,10.319929406503606,10.319929406503606,10.319929406503606,13.58496795171211,8.628624096335662,0.0,20.203574880043778,13.179863404433375,10.319929406503604,10.319929406503606,10.319929406503604,8.628624096335662,8.628624096335662,7.235889181701197,13.58496795171211,13.584967951712112,10.319929406503604,7.235889181701197,13.584967951712114,13.179863404433373,13.179863404433375,13.179863404433375,10.319929406503604,13.179863404433375,20.203574880043778,13.179863404433375,10.319929406503606,10.319929406503606,10.319929406503606,13.58496795171211,20.203574880043778,20.203574880043778,13.179863404433373,13.179863404433375,10.319929406503604,10.319929406503606,10.319929406503606,10.319929406503606,10.319929406503606,10.319929406503604,13.58496795171211,13.58496795171211,13.584967951712112,7.235889181701197,20.203574880043778,10.319929406503606,10.319929406503606,10.319929406503604,7.235889181701197,0.3768389053521235,13.584967951712112,13.58496795171211,13.58496795171211,4.417131367199187,13.584967951712114,8.628624096335662,7.235889181701197,20.203574880043778,10.319929406503606,20.203574880043778,20.203574880043778,13.179863404433373,13.179863404433375,13.179863404433373,10.319929406503606,10.319929406503604,10.319929406503604,7.235889181701197,13.584967951712112,10.319929406503604,7.235889181701197,7.235889181701197,13.179863404433373,20.203574880043778,13.179863404433375,10.319929406503606,10.319929406503606,10.319929406503606,10.319929406503604,10.319929406503604,10.319929406503604,7.235889181701197,13.58496795171211,13.58496795171211,13.584967951712112,13.179863404433375,13.179863404433375,13.179863404433373,13.179863404433373,10.319929406503606,10.319929406503606,8.62862409633566,13.58496795171211,13.584967951712114,10.319929406503606,5.543798773306206,7.235889181701197,4.417131367199188,13.58496795171211
T104,4.843887551276386,6.958920364456178,20.203574880043778,20.203574880043778,20.203574880043778,20.203574880043778,20.203574880043778,20.203574880043778,20.203574880043778,20.203574880043778,20.203574880043778,20.203574880043778,20.203574880043778,20.203574880043778,4.843887551276387,4.843887551276387,6.958920364456176,20.203574880043778,20.203574880043778,20.203574880043778,20.203574880043778,20.203574880043778,20.203574880043778,20.203574880043778,4.843887551276387,4.843887551276386,4.843887551276386,0.9960550843714051,6.958920364456178,20.203574880043778,20.203574880043778,20.203574880043778,20.203574880043778,20.203574880043778,20.203574880043778,20.203574880043778,20.203574880043778,20.203574880043778,20.203574880043778,20.203574880043778,20.203574880043778,20.203574880043778,20.203574880043778,20.203574880043778,20.203574880043778,20.203574880043778,20.203574880043778,20.203574880043778,20.203574880043778,20.203574880043778,6.958920364456178,20.203574880043778,20.203574880043778,20.203574880043778,20.203574880043778,20.203574880043778,20.203574880043778,20.203574880043778,20.203574880043778,20.203574880043778,20.203574880043778,20.203574880043778,20.203574880043778,4.843887551276387,4.843887551276387,4.843887551276386,1.2280229304821364,20.203574880043778,20.203574880043778,20.203574880043778,20.203574880043778,20.203574880043778,20.203574880043778,0.01924052402577916,4.843887551276386,1.2280229304821364,2.5468251308671404,20.203574880043778,20.203574880043778,20.203574880043778,20.203574880043778,20.203574880043778,20.203574880043778,20.203574880043778,4.843887551276387,4.843887551276387,20.203574880043778,20.203574880043778,20.203574880043778,20.203574880043778,20.203574880043778,20.203574880043778,20.203574880043778,20.203574880043778,20.203574880043778,20.203574880043778,20.203574880043778,20.203574880043778,20.203574880043778,20.203574880043778,20.203574880043778,20.203574880043778,20.203574880043778,20.203574880043778,20.203574880043778,20.203574880043778,20.203574880043778,0.0,20.203574880043778,20.203574880043778,20.203574880043778,20.203574880043778,20.203574880043778,20.203574880043778,20.203574880043778,20.203574880043778,20.203574880043778,20.203574880043778,20.203574880043778,20.203574880043778,20.203574880043778,20.203574880043778,20.203574880043778,20.203574880043778,20.203574880043778,6.958920364456176,20.203574880043778,20.203574880043778,20.203574880043778,20.203574880043778,20.203574880043778,4.843887551276387,4.843887551276387,20.203574880043778,20.203574880043778,20.203574880043778,20.203574880043778,20.203574880043778,20.203574880043778,20.203574880043778,20.203574880043778,20.203574880043778,20.203574880043778,20.203574880043778,20.203574880043778,4.843887551276387,20.203574880043778,20.203574880043778,20.203574880043778,20.203574880043778,20.203574880043778,20.203574880043778,20.203574880043778,20.203574880043778,20.203574880043778,20.203574880043778,20.203574880043778,20.203574880043778,8.401082459999703,20.203574880043778,4.843887551276387,4.843887551276387,20.203574880043778,20.203574880043778,20.203574880043778,20.203574880043778,20.203574880043778,20.203574880043778,20.203574880043778,20.203574880043778,20.203574880043778,20.203574880043778,20.203574880043778,20.203574880043778,4.843887551276387,20.203574880043778,20.203574880043778,20.203574880043778,20.203574880043778,20.203574880043778,20.203574880043778,20.203574880043778,20.203574880043778,20.203574880043778,20.203574880043778,20.203574880043778,20.203574880043778,20.203574880043778,20.203574880043778,20.203574880043778,20.203574880043778,20.203574880043778,20.203574880043778,20.203574880043778,20.203574880043778,20.203574880043778,20.203574880043778,20.203574880043778,20.203574880043778,20.203574880043778
T146,20.203574880043778,20.20357488004378,9.446669489257818,13.179863404433375,9.446669489257822,13.179863404433375,13.179863404433378,13.58496795171211,13.58496795171211,13.58496795171211,13.584967951712114,13.179863404433375,13.584967951712114,13.179863404433375,20.203574880043778,20.203574880043778,20.203574880043778,13.179863404433375,13.179863404433375,13.179863404433375,13.179863404433375,13.179863404433375,13.179863404433375,13.179863404433375,20.203574880043778,20.203574880043778,20.203574880043778,20.203574880043778,20.20357488004378,13.179863404433375,13.179863404433375,13.179863404433375,13.179863404433375,13.179863404433375,13.179863404433375,13.179863404433375,13.179863404433375,9.446669489257818,9.446669489257818,13.179863404433375,13.179863404433375,13.179863404433375,13.58496795171211,13.584967951712114,13.584967951712112,13.584967951712112,13.58496795171211,13.584967951712114,13.584967951712114,13.179863404433375,20.20357488004378,9.446669489257818,9.446669489257818,9.446669489257818,9.446669489257818,9.446669489257818,13.179863404433375,13.179863404433375,13.179863404433375,13.179863404433377,13.58496795171211,13.584967951712114,9.446669489257818,20.203574880043778,20.203574880043778,20.203574880043778,20.203574880043778,9.446669489257822,9.446669489257818,13.179863404433375,13.179863404433375,13.179863404433375,13.58496795171211,20.203574880043778,20.203574880043778,20.203574880043778,20.203574880043778,13.179863404433375,13.179863404433375,13.179863404433375,13.179863404433377,13.179863404433375,13.179863404433375,13.179863404433375,20.203574880043778,20.203574880043778,9.446669489257818,9.446669489257822,13.179863404433375,13.179863404433375,13.179863404433375,13.179863404433375,13.179863404433375,13.58496795171211,9.446669489257818,9.446669489257818,9.446669489257818,9.446669489257818,9.446669489257818,2.900562886546422,9.446669489257818,13.179863404433375,13.179863404433375,13.179863404433375,13.584967951712112,13.179863404433375,13.179863404433375,20.203574880043778,0.0,13.179863404433375,13.179863404433375,13.179863404433375,13.179863404433377,13.179863404433375,13.179863404433375,13.58496795171211,13.584967951712114,13.179863404433375,13.179863404433375,13.584967951712114,9.446669489257818,9.446669489257822,9.446669489257818,13.179863404433375,9.446669489257822,20.203574880043778,9.446669489257818,13.179863404433375,13.179863404433375,13.179863404433375,13.584967951712112,20.203574880043778,20.203574880043778,9.446669489257818,9.446669489257818,13.179863404433375,13.179863404433375,13.179863404433377,13.179863404433375,13.179863404433375,13.179863404433375,13.584967951712112,13.584967951712112,13.584967951712114,13.179863404433375,20.203574880043778,13.179863404433375,13.179863404433375,13.179863404433375,13.179863404433375,13.179863404433375,13.584967951712114,13.584967951712112,13.584967951712112,13.179863404433375,13.584967951712114,13.179863404433377,13.179863404433375,20.20357488004378,13.179863404433375,20.203574880043778,20.203574880043778,9.446669489257818,9.446669489257818,9.446669489257818,13.179863404433375,13.179863404433375,13.179863404433375,13.179863404433375,13.584967951712114,13.179863404433375,13.179863404433375,13.179863404433375,9.446669489257818,20.203574880043778,9.446669489257818,13.179863404433375,13.179863404433375,13.179863404433375,13.179863404433375,13.179863404433375,13.179863404433375,13.179863404433375,13.584967951712112,13.58496795171211,13.584967951712114,9.446669489257818,9.446669489257822,9.446669489257818,9.446669489257818,13.179863404433375,13.179863404433375,13.179863404433375,13.58496795171211,13.584967951712114,13.179863404433375,13.179863404433375,13.179863404433375,13.179863404433375,13.58496795171211
T36,20.203574880043774,20.203574880043778,13.179863404433371,7.02261407707353,13.179863404433373,10.319929406503602,10.319929406503606,13.584967951712109,13.584967951712109,13.584967951712109,13.58496795171211,10.319929406503602,13.584967951712112,7.02261407707353,20.203574880043778,20.203574880043778,20.203574880043774,8.146882099671766,4.931322423087891,4.931322423087891,4.931322423087891,9.430873622398588,9.430873622398588,10.319929406503604,20.203574880043778,20.203574880043774,20.203574880043774,20.203574880043778,20.203574880043778,7.0226140770735315,7.0226140770735315,3.6976451461572775,3.697645146157279,10.319929406503604,10.319929406503604,10.319929406503604,10.319929406503604,13.179863404433371,13.179863404433371,10.319929406503602,10.319929406503602,10.319929406503602,13.584967951712109,13.58496795171211,13.58496795171211,13.58496795171211,13.584967951712109,13.584967951712112,13.58496795171211,10.319929406503604,20.203574880043778,13.179863404433371,13.179863404433371,13.179863404433371,13.179863404433371,13.179863404433371,1.3279772215043386,9.430873622398588,9.43087362239859,10.319929406503606,13.584967951712109,13.58496795171211,13.179863404433371,20.203574880043778,20.203574880043778,20.203574880043774,20.203574880043778,13.179863404433373,13.179863404433371,3.6976451461572775,9.430873622398588,10.319929406503602,13.584967951712109,20.203574880043778,20.203574880043774,20.203574880043778,20.203574880043778,9.430873622398588,10.319929406503604,10.319929406503602,10.319929406503606,10.319929406503602,10.319929406503602,7.02261407707353,20.203574880043778,20.203574880043778,13.179863404433371,13.179863404433375,4.74116280725568,9.43087362239859,9.43087362239859,10.319929406503604,10.319929406503602,13.584967951712109,13.179863404433371,13.179863404433371,13.179863404433371,13.179863404433371,13.179863404433371,13.179863404433375,13.179863404433371,4.931322423087891,4.931322423087891,9.43087362239859,13.58496795171211,10.319929406503604,10.319929406503604,20.203574880043778,13.179863404433375,0.0,4.931322423087891,9.43087362239859,10.319929406503606,10.319929406503604,10.319929406503602,13.584967951712109,13.58496795171211,9.430873622398588,10.319929406503602,13.58496795171211,13.179863404433371,13.179863404433373,13.179863404433371,7.02261407707353,13.179863404433373,20.203574880043774,13.179863404433371,8.146882099671766,7.0226140770735315,9.43087362239859,13.58496795171211,20.203574880043778,20.203574880043778,13.179863404433371,13.179863404433371,7.02261407707353,4.74116280725568,4.741162807255682,3.697645146157279,4.931322423087891,9.43087362239859,13.58496795171211,13.58496795171211,13.58496795171211,10.319929406503602,20.203574880043778,4.931322423087891,4.931322423087891,9.43087362239859,10.319929406503602,10.319929406503604,13.58496795171211,13.58496795171211,13.58496795171211,10.319929406503602,13.58496795171211,10.319929406503606,10.319929406503602,20.203574880043778,8.146882099671766,20.203574880043778,20.203574880043778,13.179863404433371,13.179863404433371,13.179863404433371,8.146882099671766,9.430873622398588,9.43087362239859,10.319929406503602,13.58496795171211,9.43087362239859,10.319929406503602,10.319929406503602,13.179863404433371,20.203574880043778,13.179863404433371,7.0226140770735315,4.931322423087891,9.43087362239859,9.43087362239859,9.43087362239859,9.430873622398588,10.319929406503602,13.58496795171211,13.584967951712109,13.58496795171211,13.179863404433371,13.179863404433375,13.179863404433371,13.179863404433371,4.74116280725568,4.931322423087891,10.319929406503602,13.584967951712109,13.58496795171211,9.43087362239859,10.319929406503602,10.319929406503602,10.319929406503604,13.584967951712109
T120,20.203574880043778,20.203574880043778,13.179863404433373,7.0226140770735315,13.179863404433375,10.319929406503606,10.319929406503608,13.58496795171211,13.58496795171211,13.58496795171211,13.584967951712112,10.319929406503606,13.584967951712114,7.0226140770735315,20.203574880043778,20.203574880043778,20.203574880043778,8.146882099671767,0.25830072015429395,3.4640706085723734,3.4640706085723734,9.43087362239859,9.43087362239859,10.319929406503606,20.203574880043778,20.203574880043778,20.203574880043778,20.203574880043778,20.203574880043778,7.022614077073533,7.022614077073533,4.931322423087892,4.931322423087893,10.319929406503606,10.319929406503606,10.319929406503606,10.319929406503606,13.179863404433373,13.179863404433375,10.319929406503606,10.319929406503606,10.319929406503606,13.58496795171211,13.584967951712112,13.58496795171211,13.58496795171211,13.58496795171211,13.584967951712114,13.584967951712112,10.319929406503606,20.203574880043778,13.179863404433373,13.179863404433373,13.179863404433375,13.179863404433373,13.179863404433375,4.931322423087891,9.43087362239859,9.43087362239859,10.319929406503606,13.58496795171211,13.584967951712114,13.179863404433375,20.203574880043778,20.203574880043778,20.203574880043778,20.203574880043778,13.179863404433375,13.179863404433375,4.931322423087892,9.43087362239859,10.319929406503606,13.58496795171211,20.203574880043778,20.203574880043778,20.203574880043778,20.203574880043778,9.43087362239859,10.319929406503606,10.319929406503606,10.319929406503606,10.319929406503606,10.319929406503606,7.0226140770735315,20.203574880043778,20.203574880043778,13.179863404433375,13.179863404433375,4.9313224230878925,9.430873622398591,9.43087362239859,10.319929406503606,10.319929406503606,13.58496795171211,13.179863404433373,13.179863404433373,13.179863404433373,13.179863404433375,13.179863404433375,13.179863404433375,13.179863404433375,0.25830072015429395,3.4640706085723734,9.430873622398591,13.58496795171211,10.319929406503606,10.319929406503606,20.203574880043778,13.179863404433375,4.931322423087891,0.0,9.43087362239859,10.319929406503606,10.319929406503606,10.319929406503606,13.58496795171211,13.584967951712112,9.43087362239859,10.319929406503606,13.584967951712114,13.179863404433373,13.179863404433375,13.179863404433375,7.0226140770735315,13.179863404433375,20.203574880043778,13.179863404433375,8.146882099671767,7.022614077073533,9.430873622398591,13.58496795171211,20.203574880043778,20.203574880043778,13.179863404433373,13.179863404433375,7.0226140770735315,4.9313224230878925,4.931322423087894,4.931322423087893,3.4640706085723734,9.43087362239859,13.58496795171211,13.58496795171211,13.584967951712112,10.319929406503606,20.203574880043778,0.10279022892150169,3.4640706085723734,9.43087362239859,10.319929406503606,10.319929406503606,13.584967951712112,13.58496795171211,13.58496795171211,10.319929406503606,13.584967951712114,10.319929406503606,10.319929406503606,20.203574880043778,8.146882099671767,20.203574880043778,20.203574880043778,13.179863404433373,13.179863404433375,13.179863404433373,8.146882099671767,9.43087362239859,9.43087362239859,10.319929406503606,13.584967951712112,9.43087362239859,10.319929406503606,10.319929406503606,13.179863404433373,20.203574880043778,13.179863404433375,7.022614077073533,3.4640706085723734,9.430873622398591,9.43087362239859,9.43087362239859,9.43087362239859,10.319929406503606,13.58496795171211,13.58496795171211,13.584967951712112,13.179863404433375,13.179863404433375,13.179863404433373,13.179863404433373,4.9313224230878925,3.4640706085723734,10.319929406503606,13.58496795171211,13.584967951712114,9.430873622398591,10.319929406503606,10.319929406503606,10.319929406503606,13.58496795171211
T162,20.203574880043774,20.203574880043778,13.179863404433371,9.43087362239859,13.179863404433373,10.319929406503602,10.319929406503606,13.584967951712109,13.584967951712109,13.584967951712109,13.58496795171211,10.319929406503602,13.584967951712112,9.43087362239859,20.203574880043778,20.203574880043778,20.203574880043774,9.43087362239859,9.43087362239859,9.43087362239859,9.43087362239859,7.315471920686967,7.315471920686967,10.319929406503604,20.203574880043778,20.203574880043774,20.203574880043774,20.203574880043778,20.203574880043778,9.43087362239859,9.43087362239859,9.43087362239859,9.43087362239859,10.319929406503604,10.319929406503604,10.319929406503604,10.319929406503604,13.179863404433371,13.179863404433371,10.319929406503602,10.319929406503602,10.319929406503602,13.584967951712109,13.58496795171211,13.58496795171211,13.58496795171211,13.584967951712109,13.584967951712112,13.58496795171211,10.319929406503604,20.203574880043778,13.179863404433371,13.179863404433371,13.179863404433371,13.179863404433371,13.179863404433371,9.43087362239859,7.315471920686967,7.88370570795961,10.319929406503606,13.584967951712109,13.58496795171211,13.179863404433371,20.203574880043778,20.203574880043778,20.203574880043774,20.203574880043778,13.179863404433373,13.179863404433371,9.43087362239859,7.315471920686967,10.319929406503602,13.584967951712109,20.203574880043778,20.203574880043774,20.203574880043778,20.203574880043778,7.315471920686967,10.319929406503604,10.319929406503602,10.319929406503606,10.319929406503602,10.319929406503602,9.43087362239859,20.203574880043778,20.203574880043778,13.179863404433371,13.179863404433375,9.43087362239859,7.549699367992668,7.315471920686967,10.319929406503604,10.319929406503602,13.584967951712109,13.179863404433371,13.179863404433371,13.179863404433371,13.179863404433371,13.179863404433371,13.179863404433375,13.179863404433371,9.43087362239859,9.43087362239859,7.549699367992668,13.58496795171211,10.319929406503604,10.319929406503604,20.203574880043778,13.179863404433375,9.43087362239859,9.43087362239859,0.0,10.319929406503606,10.319929406503604,10.319929406503602,13.584967951712109,13.58496795171211,7.315471920686967,10.319929406503602,13.58496795171211,13.179863404433371,13.179863404433373,13.179863404433371,9.43087362239859,13.179863404433373,20.203574880043774,13.179863404433371,9.43087362239859,9.43087362239859,7.549699367992668,13.58496795171211,20.203574880043778,20.203574880043778,13.179863404433371,13.179863404433371,9.43087362239859,9.43087362239859,9.430873622398591,9.43087362239859,9.43087362239859,7.315471920686967,13.58496795171211,13.58496795171211,13.58496795171211,10.319929406503602,20.203574880043778,9.43087362239859,9.43087362239859,2.0897102458216024,10.319929406503602,10.319929406503604,13.58496795171211,13.58496795171211,13.58496795171211,10.319929406503602,13.58496795171211,10.319929406503606,10.319929406503602,20.203574880043778,9.43087362239859,20.203574880043778,20.203574880043778,13.179863404433371,13.179863404433371,13.179863404433371,9.43087362239859,7.315471920686967,7.315471920686967,10.319929406503602,13.58496795171211,7.315471920686967,10.319929406503602,10.319929406503602,13.179863404433371,20.203574880043778,13.179863404433371,9.43087362239859,9.43087362239859,7.549699367992668,0.46907935081884394,7.315471920686967,7.315471920686967,10.319929406503602,13.58496795171211,13.584967951712109,13.58496795171211,13.179863404433371,13.179863404433375,13.179863404433371,13.179863404433371,9.43087362239859,9.43087362239859,10.319929406503602,13.584967951712109,13.58496795171211,7.549699367992668,10.319929406503602,10.319929406503602,10.319929406503604,13.584967951712109
T62,20.203574880043778,20.20357488004378,13.179863404433375,10.319929406503606,13.179863404433375,8.628624096335662,8.628624096335663,13.58496795171211,13.58496795171211,13.58496795171211,13.584967951712114,8.628624096335662,13.584967951712114,10.319929406503606,20.203574880043778,20.203574880043778,20.203574880043778,10.319929406503606,10.319929406503606,10.319929406503606,10.319929406503606,10.319929406503606,10.319929406503606,3.9745423796077537,20.203574880043778,20.203574880043778,20.203574880043778,20.203574880043778,20.20357488004378,10.319929406503606,10.319929406503606,10.319929406503606,10.319929406503606,6.102844446589003,6.102844446589004,3.9745423796077537,8.628624096335662,13.179863404433375,13.179863404433375,8.628624096335662,8.628624096335662,8.628624096335662,13.58496795171211,13.584967951712114,13.584967951712112,13.584967951712112,13.58496795171211,13.584967951712114,13.584967951712114,6.102844446589003,20.20357488004378,13.179863404433375,13.179863404433375,13.179863404433375,13.179863404433375,13.179863404433375,10.319929406503606,10.319929406503606,10.319929406503606,4.321272254639107,13.58496795171211,13.584967951712114,13.179863404433375,20.203574880043778,20.203574880043778,20.203574880043778,20.203574880043778,13.179863404433375,13.179863404433375,10.319929406503606,10.319929406503606,8.628624096335662,13.58496795171211,20.203574880043778,20.203574880043778,20.203574880043778,20.203574880043778,10.319929406503606,6.102844446589003,8.628624096335662,8.628624096335663,8.628624096335662,8.628624096335662,10.319929406503606,20.203574880043778,20.203574880043778,13.179863404433375,13.179863404433377,10.319929406503606,10.319929406503606,10.319929406503606,6.102844446589003,8.628624096335662,13.58496795171211,13.179863404433375,13.179863404433375,13.179863404433375,13.179863404433375,13.179863404433375,13.179863404433377,13.179863404433375,10.319929406503606,10.319929406503606,10.319929406503606,13.584967951712112,6.102844446589003,8.628624096335662,20.203574880043778,13.179863404433377,10.319929406503606,10.319929406503606,10.319929406503606,0.0,6.102844446589003,8.628624096335662,13.58496795171211,13.584967951712114,10.319929406503606,8.628624096335662,13.584967951712114,13.179863404433375,13.179863404433375,13.179863404433375,10.319929406503606,13.179863404433375,20.203574880043778,13.179863404433375,10.319929406503606,10.319929406503606,10.319929406503606,13.584967951712112,20.203574880043778,20.203574880043778,13.179863404433375,13.179863404433375,10.319929406503606,10.319929406503606,10.319929406503608,10.319929406503606,10.319929406503606,10.319929406503606,13.584967951712112,13.584967951712112,13.584967951712114,8.628624096335662,20.203574880043778,10.319929406503606,10.319929406503606,10.319929406503606,8.628624096335662,8.628624096335662,13.584967951712114,13.584967951712112,13.584967951712112,8.628624096335662,13.584967951712114,6.102844446589004,8.628624096335662,20.20357488004378,10.319929406503606,20.203574880043778,20.203574880043778,13.179863404433375,13.179863404433375,13.179863404433375,10.319929406503606,10.319929406503606,10.319929406503606,8.628624096335662,13.584967951712114,10.319929406503606,8.628624096335662,8.628624096335662,13.179863404433375,20.203574880043778,13.179863404433375,10.319929406503606,10.319929406503606,10.319929406503606,10.319929406503606,10.319929406503606,10.319929406503606,8.628624096335662,13.584967951712112,13.58496795171211,13.584967951712114,13.179863404433375,13.179863404433377,13.179863404433375,13.179863404433375,10.319929406503606,10.319929406503606,6.102844446589002,13.58496795171211,13.584967951712114,10.319929406503606,8.628624096335662,8.628624096335662,8.628624096335662,13.58496795171211
T20,20.203574880043778,20.203574880043778,13.179863404433373,10.319929406503604,13.179863404433375,8.628624096335662,8.628624096335663,13.58496795171211,13.58496795171211,13.58496795171211,13.584967951712112,8.62862409633566,13.584967951712114,10.319929406503604,20.203574880043778,20.203574880043778,20.203574880043778,10.319929406503606,10.319929406503606,10.319929406503606,10.319929406503606,10.319929406503604,10.319929406503604,6.102844446589002,20.203574880043778,20.203574880043778,20.203574880043778,20.203574880043778,20.203574880043778,10.319929406503606,10.319929406503606,10.319929406503604,10.319929406503606,3.929127478608706,4.685229135010051,6.102844446589002,8.628624096335662,13.179863404433373,13.179863404433375,8.628624096335662,8.628624096335662,8.628624096335662,13.58496795171211,13.584967951712112,13.58496795171211,13.58496795171211,13.58496795171211,13.584967951712114,13.584967951712112,3.929127478608706,20.203574880043778,13.179863404433373,13.179863404433373,13.179863404433375,13.179863404433373,13.179863404433375,10.319929406503604,10.319929406503604,10.319929406503604,6.102844446589003,13.58496795171211,13.584967951712114,13.179863404433375,20.203574880043778,20.203574880043778,20.203574880043778,20.203574880043778,13.179863404433375,13.179863404433375,10.319929406503604,10.319929406503604,8.628624096335662,13.58496795171211,20.203574880043778,20.203574880043778,20.203574880043778,20.203574880043778,10.319929406503604,1.1586921790856928,8.628624096335662,8.628624096335663,8.62862409633566,8.628624096335662,10.319929406503604,20.203574880043778,20.203574880043778,13.179863404433375,13.179863404433375,10.319929406503606,10.319929406503606,10.319929406503604,0.5586823923756667,8.628624096335662,13.58496795171211,13.179863404433373,13.179863404433373,13.179863404433373,13.179863404433375,13.179863404433375,13.179863404433375,13.179863404433375,10.319929406503606,10.319929406503606,10.319929406503606,13.58496795171211,0.5586823923756667,8.628624096335662,20.203574880043778,13.179863404433375,10.319929406503604,10.319929406503606,10.319929406503604,6.102844446589003,0.0,8.628624096335662,13.58496795171211,13.584967951712112,10.319929406503604,8.628624096335662,13.584967951712114,13.179863404433373,13.179863404433375,13.179863404433375,10.319929406503604,13.179863404433375,20.203574880043778,13.179863404433375,10.319929406503606,10.319929406503606,10.319929406503606,13.58496795171211,20.203574880043778,20.203574880043778,13.179863404433373,13.179863404433375,10.319929406503604,10.319929406503606,10.319929406503606,10.319929406503606,10.319929406503606,10.319929406503604,13.58496795171211,13.58496795171211,13.584967951712112,8.628624096335662,20.203574880043778,10.319929406503606,10.319929406503606,10.319929406503604,8.628624096335662,8.628624096335662,13.584967951712112,13.58496795171211,13.58496795171211,8.62862409633566,13.584967951712114,5.081186830526827,8.628624096335662,20.203574880043778,10.319929406503606,20.203574880043778,20.203574880043778,13.179863404433373,13.179863404433375,13.179863404433373,10.319929406503606,10.319929406503604,10.319929406503604,8.628624096335662,13.584967951712112,10.319929406503604,8.628624096335662,8.628624096335662,13.179863404433373,20.203574880043778,13.179863404433375,10.319929406503606,10.319929406503606,10.319929406503606,10.319929406503604,10.319929406503604,10.319929406503604,8.628624096335662,13.58496795171211,13.58496795171211,13.584967951712112,13.179863404433375,13.179863404433375,13.179863404433373,13.179863404433373,10.319929406503606,10.319929406503606,5.081186830526825,13.58496795171211,13.584967951712114,10.319929406503606,8.62862409633566,8.628624096335662,8.628624096335662,13.58496795171211
T188,20.203574880043774,20.203574880043778,13.179863404433371,10.319929406503602,13.179863404433375,6.083105547433789,7.235889181701199,13.58496795171211,13.58496795171211,13.58496795171211,13.58496795171211,7.2358891817011965,13.584967951712114,10.319929406503602,20.203574880043778,20.203574880043778,20.203574880043774,10.319929406503604,10.319929406503606,10.319929406503604,10.319929406503604,10.319929406503602,10.319929406503602,8.628624096335662,20.203574880043778,20.203574880043774,20.203574880043774,20.203574880043778,20.203574880043778,10.319929406503606,10.319929406503606,10.319929406503602,10.319929406503606,8.628624096335662,8.628624096335662,8.628624096335662,7.235889181701197,13.179863404433371,13.179863404433373,6.083105547433789,6.083105547433789,6.083105547433789,13.58496795171211,13.58496795171211,13.58496795171211,13.58496795171211,13.58496795171211,13.584967951712114,13.58496795171211,8.628624096335662,20.203574880043778,13.179863404433371,13.179863404433371,13.179863404433373,13.179863404433371,13.179863404433373,10.319929406503602,10.319929406503602,10.319929406503602,8.628624096335662,13.58496795171211,13.584967951712112,13.179863404433373,20.203574880043778,20.203574880043778,20.203574880043774,20.203574880043778,13.179863404433375,13.179863404433373,10.319929406503602,10.319929406503602,2.253373479778941,13.58496795171211,20.203574880043778,20.203574880043774,20.203574880043778,20.203574880043778,10.319929406503602,8.628624096335662,2.253373479778941,3.3119133517537636,7.2358891817011965,6.0831055474337905,10.319929406503602,20.203574880043778,20.203574880043778,13.179863404433373,13.179863404433375,10.319929406503604,10.319929406503604,10.319929406503602,8.628624096335662,6.0831055474337905,13.58496795171211,13.179863404433371,13.179863404433371,13.179863404433371,13.179863404433373,13.179863404433373,13.179863404433375,13.179863404433373,10.319929406503606,10.319929406503604,10.319929406503604,13.58496795171211,8.628624096335662,7.235889181701197,20.203574880043778,13.179863404433375,10.319929406503602,10.319929406503606,10.319929406503602,8.628624096335662,8.628624096335662,0.0,13.58496795171211,13.58496795171211,10.319929406503602,6.0831055474337905,13.584967951712112,13.179863404433371,13.179863404433375,13.179863404433373,10.319929406503602,13.179863404433375,20.203574880043774,13.179863404433373,10.319929406503604,10.319929406503604,10.319929406503604,13.58496795171211,20.203574880043778,20.203574880043778,13.179863404433371,13.179863404433373,10.319929406503602,10.319929406503604,10.319929406503606,10.319929406503606,10.319929406503604,10.319929406503602,13.58496795171211,13.58496795171211,13.58496795171211,6.0831055474337905,20.203574880043778,10.319929406503606,10.319929406503604,10.319929406503602,2.253373479778941,7.235889181701197,13.58496795171211,13.58496795171211,13.58496795171211,7.2358891817011965,13.584967951712112,8.628624096335662,6.083105547433789,20.203574880043778,10.319929406503604,20.203574880043778,20.203574880043778,13.179863404433371,13.179863404433373,13.179863404433371,10.319929406503604,10.319929406503602,10.319929406503602,6.083105547433789,13.58496795171211,10.319929406503602,6.083105547433789,6.0831055474337905,13.179863404433371,20.203574880043778,13.179863404433373,10.319929406503606,10.319929406503604,10.319929406503604,10.319929406503602,10.319929406503602,10.319929406503602,6.083105547433789,13.58496795171211,13.58496795171211,13.58496795171211,13.179863404433373,13.179863404433375,13.179863404433371,13.179863404433371,10.319929406503604,10.319929406503604,8.62862409633566,13.58496795171211,13.584967951712112,10.319929406503604,7.2358891817011965,6.083105547433789,7.235889181701197,13.58496795171211
T78,20.203574880043774,20.203574880043778,13.584967951712109,13.584967951712109,13.58496795171211,13.58496795171211,13.584967951712112,0.8580723712692133,2.765865610216939,2.7658656102169394,10.957120558947592,13.58496795171211,10.957120558947594,13.584967951712109,20.203574880043778,20.203574880043778,20.203574880043774,13.58496795171211,13.58496795171211,13.58496795171211,13.58496795171211,13.584967951712109,13.584967951712109,13.58496795171211,20.203574880043778,20.203574880043774,20.203574880043774,20.203574880043778,20.203574880043778,13.58496795171211,13.58496795171211,13.584967951712109,13.58496795171211,13.58496795171211,13.58496795171211,13.58496795171211,13.58496795171211,13.584967951712109,13.58496795171211,13.58496795171211,13.58496795171211,13.58496795171211,2.765865610216939,10.957120558947592,10.957120558947592,10.957120558947592,0.8580723712692133,10.957120558947594,10.957120558947592,13.58496795171211,20.203574880043778,13.584967951712109,13.584967951712109,13.58496795171211,13.584967951712109,13.58496795171211,13.584967951712109,13.584967951712109,13.584967951712109,13.58496795171211,0.8580723712692133,10.957120558947592,13.58496795171211,20.203574880043778,20.203574880043778,20.203574880043774,20.203574880043778,13.58496795171211,13.58496795171211,13.584967951712109,13.584967951712109,13.58496795171211,2.765865610216939,20.203574880043778,20.203574880043774,20.203574880043778,20.203574880043778,13.584967951712109,13.58496795171211,13.58496795171211,13.58496795171211,13.58496795171211,13.58496795171211,13.584967951712109,20.203574880043778,20.203574880043778,13.58496795171211,13.58496795171211,13.58496795171211,13.58496795171211,13.584967951712109,13.58496795171211,13.58496795171211,2.7658656102169394,13.584967951712109,13.584967951712109,13.584967951712109,13.58496795171211,13.58496795171211,13.58496795171211,13.58496795171211,13.58496795171211,13.58496795171211,13.58496795171211,10.957120558947592,13.58496795171211,13.58496795171211,20.203574880043778,13.58496795171211,13.584967951712109,13.58496795171211,13.584967951712109,13.58496795171211,13.58496795171211,13.58496795171211,0.0,10.957120558947592,13.584967951712109,13.58496795171211,10.957120558947592,13.584967951712109,13.58496795171211,13.58496795171211,13.584967951712109,13.58496795171211,20.203574880043774,13.58496795171211,13.58496795171211,13.58496795171211,13.58496795171211,10.957120558947592,20.203574880043778,20.203574880043778,13.584967951712109,13.58496795171211,13.584967951712109,13.58496795171211,13.58496795171211,13.58496795171211,13.58496795171211,13.584967951712109,5.552367763166497,5.552367763166497,10.957120558947592,13.58496795171211,20.203574880043778,13.58496795171211,13.58496795171211,13.584967951712109,13.58496795171211,13.58496795171211,10.957120558947592,10.957120558947592,10.957120558947592,13.58496795171211,10.957120558947592,13.58496795171211,13.58496795171211,20.203574880043778,13.58496795171211,20.203574880043778,20.203574880043778,13.584967951712109,13.58496795171211,13.584967951712109,13.58496795171211,13.584967951712109,13.584967951712109,13.58496795171211,10.957120558947592,13.584967951712109,13.58496795171211,13.58496795171211,13.584967951712109,20.203574880043778,13.58496795171211,13.58496795171211,13.58496795171211,13.58496795171211,13.584967951712109,13.584967951712109,13.584967951712109,13.58496795171211,10.957120558947592,2.765865610216939,10.957120558947592,13.58496795171211,13.58496795171211,13.584967951712109,13.584967951712109,13.58496795171211,13.58496795171211,13.58496795171211,2.765865610216939,10.957120558947592,13.58496795171211,13.58496795171211,13.58496795171211,13.58496795171211,2.7658656102169394
T138,20.203574880043778,20.203574880043778,13.58496795171211,13.58496795171211,13.584967951712112,13.58496795171211,13.584967951712114,10.957120558947592,10.957120558947592,10.957120558947592,0.8285165903292329,13.58496795171211,10.034029962226901,13.58496795171211,20.203574880043778,20.203574880043778,20.203574880043778,13.58496795171211,13.584967951712112,13.58496795171211,13.58496795171211,13.58496795171211,13.58496795171211,13.584967951712112,20.203574880043778,20.203574880043778,20.203574880043778,20.203574880043778,20.203574880043778,13.584967951712112,13.584967951712112,13.58496795171211,13.584967951712112,13.584967951712112,13.584967951712112,13.584967951712112,13.584967951712112,13.58496795171211,13.58496795171211,13.58496795171211,13.58496795171211,13.58496795171211,10.957120558947592,10.0340299622269,3.8591075589156874,3.7986339010459864,10.957120558947592,10.034029962226901,0.9766682901858746,13.584967951712112,20.203574880043778,13.58496795171211,13.58496795171211,13.58496795171211,13.58496795171211,13.58496795171211,13.58496795171211,13.58496795171211,13.58496795171211,13.584967951712114,10.957120558947592,10.0340299622269,13.58496795171211,20.203574880043778,20.203574880043778,20.203574880043778,20.203574880043778,13.584967951712112,13.58496795171211,13.58496795171211,13.58496795171211,13.58496795171211,10.957120558947592,20.203574880043778,20.203574880043778,20.203574880043778,20.203574880043778,13.58496795171211,13.584967951712112,13.58496795171211,13.584967951712114,13.58496795171211,13.58496795171211,13.58496795171211,20.203574880043778,20.203574880043778,13.58496795171211,13.584967951712114,13.58496795171211,13.58496795171211,13.58496795171211,13.584967951712112,13.58496795171211,10.957120558947592,13.58496795171211,13.58496795171211,13.58496795171211,13.58496795171211,13.58496795171211,13.584967951712114,13.58496795171211,13.584967951712112,13.58496795171211,13.58496795171211,3.8591075589156874,13.584967951712112,13.584967951712112,20.203574880043778,13.584967951712114,13.58496795171211,13.584967951712112,13.58496795171211,13.584967951712114,13.584967951712112,13.58496795171211,10.957120558947592,0.0,13.58496795171211,13.58496795171211,10.0340299622269,13.58496795171211,13.584967951712112,13.58496795171211,13.58496795171211,13.584967951712112,20.203574880043778,13.58496795171211,13.58496795171211,13.58496795171211,13.58496795171211,3.8591075589156874,20.203574880043778,20.203574880043778,13.58496795171211,13.58496795171211,13.58496795171211,13.58496795171211,13.584967951712114,13.584967951712112,13.58496795171211,13.58496795171211,10.957120558947592,10.957120558947592,10.0340299622269,13.58496795171211,20.203574880043778,13.584967951712112,13.58496795171211,13.58496795171211,13.58496795171211,13.584967951712112,0.9766682901858746,3.7986339010459864,3.7986339010459864,13.58496795171211,10.0340299622269,13.584967951712114,13.58496795171211,20.203574880043778,13.58496795171211,20.203574880043778,20.203574880043778,13.58496795171211,13.58496795171211,13.58496795171211,13.58496795171211,13.58496795171211,13.58496795171211,13.58496795171211,3.798633901045987,13.58496795171211,13.58496795171211,13.58496795171211,13.58496795171211,20.203574880043778,13.58496795171211,13.584967951712112,13.58496795171211,13.58496795171211,13.58496795171211,13.58496795171211,13.58496795171211,13.58496795171211,3.8591075589156874,10.957120558947592,0.9766682901858748,13.58496795171211,13.584967951712114,13.58496795171211,13.58496795171211,13.58496795171211,13.58496795171211,13.58496795171211,10.957120558947592,10.0340299622269,13.58496795171211,13.58496795171211,13.58496795171211,13.584967951712112,10.957120558947592
T173,20.203574880043774,20.203574880043778,13.179863404433371,9.430873622398588,13.179863404433373,10.319929406503602,10.319929406503606,13.584967951712109,13.584967951712109,13.584967951712109,13.58496795171211,10.319929406503602,13.584967951712112,9.430873622398588,20.203574880043778,20.203574880043778,20.203574880043774,9.43087362239859,9.43087362239859,9.43087362239859,9.43087362239859,0.3504034377477378,2.815921463379598,10.319929406503604,20.203574880043778,20.203574880043774,20.203574880043774,20.203574880043778,20.203574880043778,9.43087362239859,9.43087362239859,9.430873622398588,9.43087362239859,10.319929406503604,10.319929406503604,10.319929406503604,10.319929406503604,13.179863404433371,13.179863404433371,10.319929406503602,10.319929406503602,10.319929406503602,13.584967951712109,13.58496795171211,13.58496795171211,13.58496795171211,13.584967951712109,13.584967951712112,13.58496795171211,10.319929406503604,20.203574880043778,13.179863404433371,13.179863404433371,13.179863404433371,13.179863404433371,13.179863404433371,9.430873622398588,2.815921463379598,7.88370570795961,10.319929406503606,13.584967951712109,13.58496795171211,13.179863404433371,20.203574880043778,20.203574880043778,20.203574880043774,20.203574880043778,13.179863404433373,13.179863404433371,9.430873622398588,2.815921463379598,10.319929406503602,13.584967951712109,20.203574880043778,20.203574880043774,20.203574880043778,20.203574880043778,0.14353530440644707,10.319929406503604,10.319929406503602,10.319929406503606,10.319929406503602,10.319929406503602,9.430873622398588,20.203574880043778,20.203574880043778,13.179863404433371,13.179863404433375,9.43087362239859,7.549699367992667,2.8159214633795986,10.319929406503604,10.319929406503602,13.584967951712109,13.179863404433371,13.179863404433371,13.179863404433371,13.179863404433371,13.179863404433371,13.179863404433375,13.179863404433371,9.43087362239859,9.43087362239859,7.549699367992667,13.58496795171211,10.319929406503604,10.319929406503604,20.203574880043778,13.179863404433375,9.430873622398588,9.43087362239859,7.315471920686967,10.319929406503606,10.319929406503604,10.319929406503602,13.584967951712109,13.58496795171211,0.0,10.319929406503602,13.58496795171211,13.179863404433371,13.179863404433373,13.179863404433371,9.430873622398588,13.179863404433373,20.203574880043774,13.179863404433371,9.43087362239859,9.43087362239859,7.549699367992667,13.58496795171211,20.203574880043778,20.203574880043778,13.179863404433371,13.179863404433371,9.430873622398588,9.43087362239859,9.430873622398591,9.43087362239859,9.43087362239859,2.8159214633795986,13.58496795171211,13.58496795171211,13.58496795171211,10.319929406503602,20.203574880043778,9.43087362239859,9.43087362239859,7.315471920686967,10.319929406503602,10.319929406503604,13.58496795171211,13.58496795171211,13.58496795171211,10.319929406503602,13.58496795171211,10.319929406503606,10.319929406503602,20.203574880043778,9.43087362239859,20.203574880043778,20.203574880043778,13.179863404433371,13.179863404433371,13.179863404433371,9.43087362239859,0,2.8159214633795986,10.319929406503602,13.58496795171211,2.8159214633795986,10.319929406503602,10.319929406503602,13.179863404433371,20.203574880043778,13.179863404433371,9.43087362239859,9.43087362239859,7.549699367992667,7.315471920686967,2.8159214633795986,2.815921463379598,10.319929406503602,13.58496795171211,13.584967951712109,13.58496795171211,13.179863404433371,13.179863404433375,13.179863404433371,13.179863404433371,9.43087362239859,9.43087362239859,10.319929406503602,13.584967951712109,13.58496795171211,7.549699367992667,10.319929406503602,10.319929406503602,10.319929406503604,13.584967951712109
T16,20.203574880043774,20.203574880043778,13.179863404433371,10.319929406503602,13.179863404433375,2.5451036538045626,7.235889181701199,13.58496795171211,13.58496795171211,13.58496795171211,13.58496795171211,7.2358891817011965,13.584967951712114,10.319929406503602,20.203574880043778,20.203574880043778,20.203574880043774,10.319929406503604,10.319929406503606,10.319929406503604,10.319929406503604,10.319929406503602,10.319929406503602,8.628624096335662,20.203574880043778,20.203574880043774,20.203574880043774,20.203574880043778,20.203574880043778,10.319929406503606,10.319929406503606,10.319929406503602,10.319929406503606,8.628624096335662,8.628624096335662,8.628624096335662,7.235889181701197,13.179863404433371,13.179863404433373,3.8474099199795986,3.8474099199795986,3.8474099199795986,13.58496795171211,13.58496795171211,13.58496795171211,13.58496795171211,13.58496795171211,13.584967951712114,13.58496795171211,8.628624096335662,20.203574880043778,13.179863404433371,13.179863404433371,13.179863404433373,13.179863404433371,13.179863404433373,10.319929406503602,10.319929406503602,10.319929406503602,8.628624096335662,13.58496795171211,13.584967951712112,13.179863404433373,20.203574880043778,20.203574880043778,20.203574880043774,20.203574880043778,13.179863404433375,13.179863404433373,10.319929406503602,10.319929406503602,6.083105547433789,13.58496795171211,20.203574880043778,20.203574880043774,20.203574880043778,20.203574880043778,10.319929406503602,8.628624096335662,6.083105547433789,6.083105547433792,7.2358891817011965,1.485165121480441,10.319929406503602,20.203574880043778,20.203574880043778,13.179863404433373,13.179863404433375,10.319929406503604,10.319929406503604,10.319929406503602,8.628624096335662,1.5490358865571114,13.58496795171211,13.179863404433371,13.179863404433371,13.179863404433371,13.179863404433373,13.179863404433373,13.179863404433375,13.179863404433373,10.319929406503606,10.319929406503604,10.319929406503604,13.58496795171211,8.628624096335662,7.235889181701197,20.203574880043778,13.179863404433375,10.319929406503602,10.319929406503606,10.319929406503602,8.628624096335662,8.628624096335662,6.0831055474337905,13.58496795171211,13.58496795171211,10.319929406503602,0.0,13.584967951712112,13.179863404433371,13.179863404433375,13.179863404433373,10.319929406503602,13.179863404433375,20.203574880043774,13.179863404433373,10.319929406503604,10.319929406503604,10.319929406503604,13.58496795171211,20.203574880043778,20.203574880043778,13.179863404433371,13.179863404433373,10.319929406503602,10.319929406503604,10.319929406503606,10.319929406503606,10.319929406503604,10.319929406503602,13.58496795171211,13.58496795171211,13.58496795171211,2.5451036538045626,20.203574880043778,10.319929406503606,10.319929406503604,10.319929406503602,6.083105547433789,7.235889181701197,13.58496795171211,13.58496795171211,13.58496795171211,7.2358891817011965,13.584967951712112,8.628624096335662,2.5451036538045626,20.203574880043778,10.319929406503604,20.203574880043778,20.203574880043778,13.179863404433371,13.179863404433373,13.179863404433371,10.319929406503604,10.319929406503602,10.319929406503602,3.8474099199795986,13.58496795171211,10.319929406503602,3.8474099199795986,1.485165121480441,13.179863404433371,20.203574880043778,13.179863404433373,10.319929406503606,10.319929406503604,10.319929406503604,10.319929406503602,10.319929406503602,10.319929406503602,2.5451036538045626,13.58496795171211,13.58496795171211,13.58496795171211,13.179863404433373,13.179863404433375,13.179863404433371,13.179863404433371,10.319929406503604,10.319929406503604,8.62862409633566,13.58496795171211,13.584967951712112,10.319929406503604,7.2358891817011965,2.5451036538045626,7.235889181701197,13.58496795171211
T58,20.203574880043778,20.20357488004378,13.58496795171211,13.58496795171211,13.584967951712114,13.584967951712112,13.584967951712114,10.957120558947592,10.957120558947592,10.957120558947592,10.0340299622269,13.584967951712112,3.0779968399466098,13.58496795171211,20.203574880043778,20.203574880043778,20.203574880043778,13.584967951712112,13.584967951712114,13.584967951712112,13.584967951712112,13.58496795171211,13.58496795171211,13.584967951712114,20.203574880043778,20.203574880043778,20.203574880043778,20.203574880043778,20.20357488004378,13.584967951712114,13.584967951712114,13.58496795171211,13.584967951712114,13.584967951712114,13.584967951712114,13.584967951712114,13.584967951712114,13.58496795171211,13.584967951712112,13.584967951712112,13.584967951712112,13.584967951712112,10.957120558947592,8.720874581645319,10.0340299622269,10.0340299622269,10.957120558947592,8.72087458164532,10.0340299622269,13.584967951712114,20.20357488004378,13.58496795171211,13.58496795171211,13.584967951712112,13.58496795171211,13.584967951712112,13.58496795171211,13.58496795171211,13.58496795171211,13.584967951712114,10.957120558947592,3.3495210983480757,13.584967951712112,20.203574880043778,20.203574880043778,20.203574880043778,20.203574880043778,13.584967951712114,13.584967951712112,13.58496795171211,13.58496795171211,13.584967951712112,10.957120558947592,20.203574880043778,20.203574880043778,20.203574880043778,20.203574880043778,13.58496795171211,13.584967951712114,13.584967951712112,13.584967951712114,13.584967951712112,13.584967951712112,13.58496795171211,20.203574880043778,20.203574880043778,13.584967951712112,13.584967951712114,13.584967951712112,13.584967951712112,13.58496795171211,13.584967951712114,13.584967951712112,10.957120558947592,13.58496795171211,13.58496795171211,13.58496795171211,13.584967951712112,13.584967951712112,13.584967951712114,13.584967951712112,13.584967951712114,13.584967951712112,13.584967951712112,10.0340299622269,13.584967951712114,13.584967951712114,20.203574880043778,13.584967951712114,13.58496795171211,13.584967951712114,13.58496795171211,13.584967951712114,13.584967951712114,13.584967951712112,10.957120558947592,10.0340299622269,13.58496795171211,13.584967951712112,0.0,13.58496795171211,13.584967951712114,13.584967951712112,13.58496795171211,13.584967951712114,20.203574880043778,13.584967951712112,13.584967951712112,13.584967951712112,13.584967951712112,10.0340299622269,20.203574880043778,20.203574880043778,13.58496795171211,13.584967951712112,13.58496795171211,13.584967951712112,13.584967951712114,13.584967951712114,13.584967951712112,13.58496795171211,10.957120558947594,10.957120558947594,8.720874581645319,13.584967951712112,20.203574880043778,13.584967951712114,13.584967951712112,13.58496795171211,13.584967951712112,13.584967951712114,10.0340299622269,10.0340299622269,10.0340299622269,13.584967951712112,3.3495210983480757,13.584967951712114,13.584967951712112,20.20357488004378,13.584967951712112,20.203574880043778,20.203574880043778,13.58496795171211,13.584967951712112,13.58496795171211,13.584967951712112,13.58496795171211,13.58496795171211,13.584967951712112,10.0340299622269,13.58496795171211,13.584967951712112,13.584967951712112,13.58496795171211,20.203574880043778,13.584967951712112,13.584967951712114,13.584967951712112,13.584967951712112,13.58496795171211,13.58496795171211,13.58496795171211,13.584967951712112,10.0340299622269,10.957120558947592,10.0340299622269,13.584967951712112,13.584967951712114,13.58496795171211,13.58496795171211,13.584967951712112,13.584967951712112,13.584967951712112,10.957120558947592,0.2654462114682175,13.584967951712112,13.584967951712112,13.584967951712112,13.584967951712114,10.957120558947592
T73,20.203574880043774,20.203574880043778,0.8787492048946952,13.179863404433371,9.130656188253344,13.179863404433371,13.179863404433375,13.584967951712109,13.584967951712109,13.584967951712109,13.58496795171211,13.179863404433371,13.584967951712112,13.179863404433371,20.203574880043778,20.203574880043778,20.203574880043774,13.179863404433371,13.179863404433373,13.179863404433371,13.179863404433371,13.179863404433371,13.179863404433371,13.179863404433373,20.203574880043778,20.203574880043774,20.203574880043774,20.203574880043778,20.203574880043778,13.179863404433373,13.179863404433373,13.179863404433371,13.179863404433373,13.179863404433373,13.179863404433373,13.179863404433373,13.179863404433373,9.130656188253342,5.467300198468971,13.179863404433371,13.179863404433371,13.179863404433371,13.584967951712109,13.58496795171211,13.58496795171211,13.58496795171211,13.584967951712109,13.584967951712112,13.58496795171211,13.179863404433373,20.203574880043778,5.737194318932163,0.8787492048946952,9.130656188253342,5.46730019846897,9.130656188253342,13.179863404433371,13.179863404433371,13.179863404433371,13.179863404433375,13.584967951712109,13.58496795171211,9.130656188253342,20.203574880043778,20.203574880043778,20.203574880043774,20.203574880043778,9.130656188253344,9.130656188253342,13.179863404433371,13.179863404433371,13.179863404433371,13.584967951712109,20.203574880043778,20.203574880043774,20.203574880043778,20.203574880043778,13.179863404433371,13.179863404433373,13.179863404433371,13.179863404433375,13.179863404433371,13.179863404433371,13.179863404433371,20.203574880043778,20.203574880043778,9.130656188253342,9.130656188253345,13.179863404433371,13.179863404433371,13.179863404433371,13.179863404433373,13.179863404433371,13.584967951712109,5.737194318932163,5.737194318932163,5.369015668678944,9.130656188253342,5.467300198468971,9.446669489257818,9.130656188253342,13.179863404433373,13.179863404433371,13.179863404433371,13.58496795171211,13.179863404433373,13.179863404433373,20.203574880043778,9.446669489257818,13.179863404433371,13.179863404433373,13.179863404433371,13.179863404433375,13.179863404433373,13.179863404433371,13.584967951712109,13.58496795171211,13.179863404433371,13.179863404433371,13.58496795171211,0.0,5.467300198468972,9.130656188253342,13.179863404433371,5.467300198468972,20.203574880043774,9.130656188253342,13.179863404433371,13.179863404433371,13.179863404433371,13.58496795171211,20.203574880043778,20.203574880043778,0.8787492048946952,5.467300198468971,13.179863404433371,13.179863404433371,13.179863404433375,13.179863404433373,13.179863404433371,13.179863404433371,13.58496795171211,13.58496795171211,13.58496795171211,13.179863404433371,20.203574880043778,13.179863404433373,13.179863404433371,13.179863404433371,13.179863404433371,13.179863404433373,13.58496795171211,13.58496795171211,13.58496795171211,13.179863404433371,13.58496795171211,13.179863404433375,13.179863404433371,20.203574880043778,13.179863404433371,20.203574880043778,20.203574880043778,5.46730019846897,9.130656188253342,9.130656188253342,13.179863404433371,13.179863404433371,13.179863404433371,13.179863404433371,13.58496795171211,13.179863404433371,13.179863404433371,13.179863404433371,0.8787492048946952,20.203574880043778,9.130656188253342,13.179863404433373,13.179863404433371,13.179863404433371,13.179863404433371,13.179863404433371,13.179863404433371,13.179863404433371,13.58496795171211,13.584967951712109,13.58496795171211,9.130656188253342,9.130656188253345,5.737194318932163,0.8787492048946952,13.179863404433371,13.179863404433371,13.179863404433371,13.584967951712109,13.58496795171211,13.179863404433371,13.179863404433371,13.179863404433371,13.179863404433373,13.584967951712109
T199,20.203574880043778,20.203574880043778,5.467300198468972,13.179863404433373,9.130656188253345,13.179863404433375,13.179863404433377,13.58496795171211,13.58496795171211,13.58496795171211,13.584967951712112,13.179863404433375,13.584967951712114,13.179863404433373,20.203574880043778,20.203574880043778,20.203574880043778,13.179863404433375,13.179863404433375,13.179863404433375,13.179863404433375,13.179863404433373,13.179863404433373,13.179863404433375,20.203574880043778,20.203574880043778,20.203574880043778,20.203574880043778,20.203574880043778,13.179863404433375,13.179863404433375,13.179863404433373,13.179863404433375,13.179863404433375,13.179863404433375,13.179863404433375,13.179863404433375,9.130656188253344,4.295562549802677,13.179863404433375,13.179863404433375,13.179863404433375,13.58496795171211,13.584967951712112,13.58496795171211,13.58496795171211,13.58496795171211,13.584967951712114,13.584967951712112,13.179863404433375,20.203574880043778,5.737194318932165,5.467300198468972,9.130656188253345,3.2673214858909754,9.130656188253345,13.179863404433373,13.179863404433373,13.179863404433373,13.179863404433375,13.58496795171211,13.584967951712114,9.130656188253345,20.203574880043778,20.203574880043778,20.203574880043778,20.203574880043778,9.130656188253345,9.130656188253345,13.179863404433373,13.179863404433373,13.179863404433375,13.58496795171211,20.203574880043778,20.203574880043778,20.203574880043778,20.203574880043778,13.179863404433373,13.179863404433375,13.179863404433375,13.179863404433375,13.179863404433375,13.179863404433375,13.179863404433373,20.203574880043778,20.203574880043778,9.130656188253345,9.130656188253345,13.179863404433375,13.179863404433375,13.179863404433373,13.179863404433375,13.179863404433375,13.58496795171211,5.737194318932165,5.737194318932165,5.467300198468973,9.130656188253345,4.295562549802677,9.446669489257822,9.130656188253345,13.179863404433375,13.179863404433375,13.179863404433375,13.58496795171211,13.179863404433375,13.179863404433375,20.203574880043778,9.446669489257822,13.179863404433373,13.179863404433375,13.179863404433373,13.179863404433375,13.179863404433375,13.179863404433375,13.58496795171211,13.584967951712112,13.179863404433373,13.179863404433375,13.584967951712114,5.467300198468972,0.0,9.130656188253345,13.179863404433373,0.09601997001801585,20.203574880043778,9.130656188253345,13.179863404433375,13.179863404433375,13.179863404433375,13.58496795171211,20.203574880043778,20.203574880043778,5.467300198468972,3.2673214858909754,13.179863404433373,13.179863404433375,13.179863404433375,13.179863404433375,13.179863404433375,13.179863404433373,13.58496795171211,13.58496795171211,13.584967951712112,13.179863404433375,20.203574880043778,13.179863404433375,13.179863404433375,13.179863404433373,13.179863404433375,13.179863404433375,13.584967951712112,13.58496795171211,13.58496795171211,13.179863404433375,13.584967951712114,13.179863404433375,13.179863404433375,20.203574880043778,13.179863404433375,20.203574880043778,20.203574880043778,3.2673214858909754,9.130656188253345,9.130656188253344,13.179863404433375,13.179863404433373,13.179863404433373,13.179863404433375,13.584967951712112,13.179863404433373,13.179863404433375,13.179863404433375,5.467300198468972,20.203574880043778,9.130656188253345,13.179863404433375,13.179863404433375,13.179863404433375,13.179863404433373,13.179863404433373,13.179863404433373,13.179863404433375,13.58496795171211,13.58496795171211,13.584967951712112,9.130656188253345,9.130656188253345,5.737194318932165,5.467300198468972,13.179863404433375,13.179863404433375,13.179863404433375,13.58496795171211,13.584967951712114,13.179863404433375,13.179863404433375,13.179863404433375,13.179863404433375,13.58496795171211
T115,20.203574880043774,20.203574880043778,9.130656188253342,13.179863404433371,8.476536775462089,13.179863404433373,13.179863404433375,13.58496795171211,13.58496795171211,13.58496795171211,13.58496795171211,13.179863404433373,13.584967951712114,13.179863404433371,20.203574880043778,20.203574880043778,20.203574880043774,13.179863404433373,13.179863404433375,13.179863404433373,13.179863404433373,13.179863404433371,13.179863404433371,13.179863404433375,20.203574880043778,20.203574880043774,20.203574880043774,20.203574880043778,20.203574880043778,13.179863404433375,13.179863404433375,13.179863404433371,13.179863404433375,13.179863404433375,13.179863404433375,13.179863404433375,13.179863404433375,8.476536775462087,9.130656188253344,13.179863404433373,13.179863404433373,13.179863404433373,13.58496795171211,13.58496795171211,13.58496795171211,13.58496795171211,13.58496795171211,13.584967951712114,13.58496795171211,13.179863404433375,20.203574880043778,9.130656188253342,9.130656188253342,6.621509368212761,9.130656188253342,6.569352205940357,13.179863404433371,13.179863404433371,13.179863404433371,13.179863404433375,13.58496795171211,13.584967951712112,6.569352205940357,20.203574880043778,20.203574880043778,20.203574880043774,20.203574880043778,8.476536775462089,6.569352205940357,13.179863404433371,13.179863404433371,13.179863404433373,13.58496795171211,20.203574880043778,20.203574880043774,20.203574880043778,20.203574880043778,13.179863404433371,13.179863404433375,13.179863404433373,13.179863404433375,13.179863404433373,13.179863404433373,13.179863404433371,20.203574880043778,20.203574880043778,8.476536775462087,4.245754706942638,13.179863404433373,13.179863404433373,13.179863404433371,13.179863404433375,13.179863404433373,13.58496795171211,9.130656188253342,9.130656188253342,9.130656188253342,6.621509368212761,9.130656188253344,9.446669489257818,6.569352205940357,13.179863404433375,13.179863404433373,13.179863404433373,13.58496795171211,13.179863404433375,13.179863404433375,20.203574880043778,9.446669489257818,13.179863404433371,13.179863404433375,13.179863404433371,13.179863404433375,13.179863404433375,13.179863404433373,13.58496795171211,13.58496795171211,13.179863404433371,13.179863404433373,13.584967951712112,9.130656188253342,9.130656188253345,0.0,13.179863404433371,9.130656188253345,20.203574880043774,8.476536775462087,13.179863404433373,13.179863404433373,13.179863404433373,13.58496795171211,20.203574880043778,20.203574880043778,9.130656188253342,9.130656188253344,13.179863404433371,13.179863404433373,13.179863404433375,13.179863404433375,13.179863404433373,13.179863404433371,13.58496795171211,13.58496795171211,13.58496795171211,13.179863404433373,20.203574880043778,13.179863404433375,13.179863404433373,13.179863404433371,13.179863404433373,13.179863404433375,13.58496795171211,13.58496795171211,13.58496795171211,13.179863404433373,13.584967951712112,13.179863404433375,13.179863404433373,20.203574880043778,13.179863404433373,20.203574880043778,20.203574880043778,9.130656188253342,6.569352205940357,8.476536775462087,13.179863404433373,13.179863404433371,13.179863404433371,13.179863404433373,13.58496795171211,13.179863404433371,13.179863404433373,13.179863404433373,9.130656188253342,20.203574880043778,6.621509368212763,13.179863404433375,13.179863404433373,13.179863404433373,13.179863404433371,13.179863404433371,13.179863404433371,13.179863404433373,13.58496795171211,13.58496795171211,13.58496795171211,6.569352205940357,3.2487840033197504,9.130656188253342,9.130656188253342,13.179863404433373,13.179863404433373,13.179863404433373,13.58496795171211,13.584967951712112,13.179863404433373,13.179863404433373,13.179863404433373,13.179863404433375,13.58496795171211
T157,20.203574880043774,20.203574880043778,13.179863404433371,3.092806265075846,13.179863404433373,10.319929406503602,10.319929406503606,13.584967951712109,13.584967951712109,13.584967951712109,13.58496795171211,10.319929406503602,13.584967951712112,3.092806265075846,20.203574880043778,20.203574880043778,20.203574880043774,8.146882099671766,7.0226140770735315,7.0226140770735315,7.0226140770735315,9.430873622398588,9.430873622398588,10.319929406503604,20.203574880043778,20.203574880043774,20.203574880043774,20.203574880043778,20.203574880043778,6.559493761161397,6.559493761161397,7.022614077073531,7.022614077073532,10.319929406503604,10.319929406503604,10.319929406503604,10.319929406503604,13.179863404433371,13.179863404433371,10.319929406503602,10.319929406503602,10.319929406503602,13.584967951712109,13.58496795171211,13.58496795171211,13.58496795171211,13.584967951712109,13.584967951712112,13.58496795171211,10.319929406503604,20.203574880043778,13.179863404433371,13.179863404433371,13.179863404433371,13.179863404433371,13.179863404433371,7.02261407707353,9.430873622398588,9.43087362239859,10.319929406503606,13.584967951712109,13.58496795171211,13.179863404433371,20.203574880043778,20.203574880043778,20.203574880043774,20.203574880043778,13.179863404433373,13.179863404433371,7.022614077073531,9.430873622398588,10.319929406503602,13.584967951712109,20.203574880043778,20.203574880043774,20.203574880043778,20.203574880043778,9.430873622398588,10.319929406503604,10.319929406503602,10.319929406503606,10.319929406503602,10.319929406503602,5.174214986329119,20.203574880043778,20.203574880043778,13.179863404433371,13.179863404433375,7.0226140770735315,9.43087362239859,9.43087362239859,10.319929406503604,10.319929406503602,13.584967951712109,13.179863404433371,13.179863404433371,13.179863404433371,13.179863404433371,13.179863404433371,13.179863404433375,13.179863404433371,7.0226140770735315,7.0226140770735315,9.43087362239859,13.58496795171211,10.319929406503604,10.319929406503604,20.203574880043778,13.179863404433375,7.02261407707353,7.0226140770735315,9.43087362239859,10.319929406503606,10.319929406503604,10.319929406503602,13.584967951712109,13.58496795171211,9.430873622398588,10.319929406503602,13.58496795171211,13.179863404433371,13.179863404433373,13.179863404433371,0.0,13.179863404433373,20.203574880043774,13.179863404433371,8.146882099671766,6.559493761161397,9.43087362239859,13.58496795171211,20.203574880043778,20.203574880043778,13.179863404433371,13.179863404433371,1.4444706263399352,7.0226140770735315,7.022614077073533,7.022614077073532,7.0226140770735315,9.43087362239859,13.58496795171211,13.58496795171211,13.58496795171211,10.319929406503602,20.203574880043778,7.0226140770735315,7.0226140770735315,9.43087362239859,10.319929406503602,10.319929406503604,13.58496795171211,13.58496795171211,13.58496795171211,10.319929406503602,13.58496795171211,10.319929406503606,10.319929406503602,20.203574880043778,8.146882099671766,20.203574880043778,20.203574880043778,13.179863404433371,13.179863404433371,13.179863404433371,8.146882099671766,9.430873622398588,9.43087362239859,10.319929406503602,13.58496795171211,9.43087362239859,10.319929406503602,10.319929406503602,13.179863404433371,20.203574880043778,13.179863404433371,5.542290253491287,7.0226140770735315,9.43087362239859,9.43087362239859,9.43087362239859,9.430873622398588,10.319929406503602,13.58496795171211,13.584967951712109,13.58496795171211,13.179863404433371,13.179863404433375,13.179863404433371,13.179863404433371,7.0226140770735315,7.0226140770735315,10.319929406503602,13.584967951712109,13.58496795171211,9.43087362239859,10.319929406503602,10.319929406503602,10.319929406503604,13.584967951712109
T47,20.203574880043778,20.203574880043778,5.467300198468972,13.179863404433373,9.130656188253345,13.179863404433375,13.179863404433377,13.58496795171211,13.58496795171211,13.58496795171211,13.584967951712112,13.179863404433375,13.584967951712114,13.179863404433373,20.203574880043778,20.203574880043778,20.203574880043778,13.179863404433375,13.179863404433375,13.179863404433375,13.179863404433375,13.179863404433373,13.179863404433373,13.179863404433375,20.203574880043778,20.203574880043778,20.203574880043778,20.203574880043778,20.203574880043778,13.179863404433375,13.179863404433375,13.179863404433373,13.179863404433375,13.179863404433375,13.179863404433375,13.179863404433375,13.179863404433375,9.130656188253344,4.295562549802677,13.179863404433375,13.179863404433375,13.179863404433375,13.58496795171211,13.584967951712112,13.58496795171211,13.58496795171211,13.58496795171211,13.584967951712114,13.584967951712112,13.179863404433375,20.203574880043778,5.737194318932165,5.467300198468972,9.130656188253345,3.2673214858909754,9.130656188253345,13.179863404433373,13.179863404433373,13.179863404433373,13.179863404433375,13.58496795171211,13.584967951712114,9.130656188253345,20.203574880043778,20.203574880043778,20.203574880043778,20.203574880043778,9.130656188253345,9.130656188253345,13.179863404433373,13.179863404433373,13.179863404433375,13.58496795171211,20.203574880043778,20.203574880043778,20.203574880043778,20.203574880043778,13.179863404433373,13.179863404433375,13.179863404433375,13.179863404433375,13.179863404433375,13.179863404433375,13.179863404433373,20.203574880043778,20.203574880043778,9.130656188253345,9.130656188253345,13.179863404433375,13.179863404433375,13.179863404433373,13.179863404433375,13.179863404433375,13.58496795171211,5.737194318932165,5.737194318932165,5.467300198468973,9.130656188253345,4.295562549802677,9.446669489257822,9.130656188253345,13.179863404433375,13.179863404433375,13.179863404433375,13.58496795171211,13.179863404433375,13.179863404433375,20.203574880043778,9.446669489257822,13.179863404433373,13.179863404433375,13.179863404433373,13.179863404433375,13.179863404433375,13.179863404433375,13.58496795171211,13.584967951712112,13.179863404433373,13.179863404433375,13.584967951712114,5.467300198468972,0.09601997001801585,9.130656188253345,13.179863404433373,0.0,20.203574880043778,9.130656188253345,13.179863404433375,13.179863404433375,13.179863404433375,13.58496795171211,20.203574880043778,20.203574880043778,5.467300198468972,3.2673214858909754,13.179863404433373,13.179863404433375,13.179863404433375,13.179863404433375,13.179863404433375,13.179863404433373,13.58496795171211,13.58496795171211,13.584967951712112,13.179863404433375,20.203574880043778,13.179863404433375,13.179863404433375,13.179863404433373,13.179863404433375,13.179863404433375,13.584967951712112,13.58496795171211,13.58496795171211,13.179863404433375,13.584967951712114,13.179863404433375,13.179863404433375,20.203574880043778,13.179863404433375,20.203574880043778,20.203574880043778,3.2673214858909754,9.130656188253345,9.130656188253344,13.179863404433375,13.179863404433373,13.179863404433373,13.179863404433375,13.584967951712112,13.179863404433373,13.179863404433375,13.179863404433375,5.467300198468972,20.203574880043778,9.130656188253345,13.179863404433375,13.179863404433375,13.179863404433375,13.179863404433373,13.179863404433373,13.179863404433373,13.179863404433375,13.58496795171211,13.58496795171211,13.584967951712112,9.130656188253345,9.130656188253345,5.737194318932165,5.467300198468972,13.179863404433375,13.179863404433375,13.179863404433375,13.58496795171211,13.584967951712114,13.179863404433375,13.179863404433375,13.179863404433375,13.179863404433375,13.58496795171211
T89,6.958920364456175,4.234999592215203,20.203574880043774,20.203574880043774,20.203574880043778,20.203574880043774,20.203574880043778,20.203574880043774,20.203574880043774,20.203574880043774,20.203574880043778,20.203574880043774,20.203574880043778,20.203574880043774,6.958920364456176,6.958920364456176,0.8009167550770875,20.203574880043774,20.203574880043778,20.203574880043774,20.203574880043774,20.203574880043774,20.203574880043774,20.203574880043778,6.958920364456176,6.958920364456175,6.958920364456175,6.958920364456176,4.234999592215203,20.203574880043778,20.203574880043778,20.203574880043774,20.203574880043778,20.203574880043778,20.203574880043778,20.203574880043778,20.203574880043778,20.203574880043774,20.203574880043774,20.203574880043774,20.203574880043774,20.203574880043774,20.203574880043774,20.203574880043778,20.203574880043774,20.203574880043774,20.203574880043774,20.203574880043778,20.203574880043778,20.203574880043778,4.234999592215203,20.203574880043774,20.203574880043774,20.203574880043774,20.203574880043774,20.203574880043774,20.203574880043774,20.203574880043774,20.203574880043774,20.203574880043778,20.203574880043774,20.203574880043778,20.203574880043774,6.958920364456176,6.958920364456176,6.958920364456175,6.958920364456176,20.203574880043778,20.203574880043774,20.203574880043774,20.203574880043774,20.203574880043774,20.203574880043774,6.958920364456176,6.958920364456175,6.958920364456176,6.958920364456176,20.203574880043774,20.203574880043778,20.203574880043774,20.203574880043778,20.203574880043774,20.203574880043774,20.203574880043774,6.958920364456176,6.958920364456176,20.203574880043774,20.203574880043778,20.203574880043774,20.203574880043774,20.203574880043774,20.203574880043778,20.203574880043774,20.203574880043774,20.203574880043774,20.203574880043774,20.203574880043774,20.203574880043774,20.203574880043774,20.203574880043778,20.203574880043774,20.203574880043778,20.203574880043774,20.203574880043774,20.203574880043774,20.203574880043778,20.203574880043778,6.958920364456176,20.203574880043778,20.203574880043774,20.203574880043778,20.203574880043774,20.203574880043778,20.203574880043778,20.203574880043774,20.203574880043774,20.203574880043778,20.203574880043774,20.203574880043774,20.203574880043778,20.203574880043774,20.203574880043778,20.203574880043774,20.203574880043774,20.203574880043778,0.0,20.203574880043774,20.203574880043774,20.203574880043774,20.203574880043774,20.203574880043774,6.958920364456176,6.958920364456176,20.203574880043774,20.203574880043774,20.203574880043774,20.203574880043774,20.203574880043778,20.203574880043778,20.203574880043774,20.203574880043774,20.203574880043774,20.203574880043774,20.203574880043778,20.203574880043774,6.958920364456176,20.203574880043778,20.203574880043774,20.203574880043774,20.203574880043774,20.203574880043778,20.203574880043778,20.203574880043774,20.203574880043774,20.203574880043774,20.203574880043778,20.203574880043778,20.203574880043774,8.401082459999701,20.203574880043774,6.958920364456176,6.958920364456176,20.203574880043774,20.203574880043774,20.203574880043774,20.203574880043774,20.203574880043774,20.203574880043774,20.203574880043774,20.203574880043778,20.203574880043774,20.203574880043774,20.203574880043774,20.203574880043774,6.958920364456176,20.203574880043774,20.203574880043778,20.203574880043774,20.203574880043774,20.203574880043774,20.203574880043774,20.203574880043774,20.203574880043774,20.203574880043774,20.203574880043774,20.203574880043778,20.203574880043774,20.203574880043778,20.203574880043774,20.203574880043774,20.203574880043774,20.203574880043774,20.203574880043774,20.203574880043774,20.203574880043778,20.203574880043774,20.203574880043774,20.203574880043774,20.203574880043778,20.203574880043774
T15,20.203574880043774,20.203574880043778,9.130656188253342,13.179863404433371,2.867509679963444,13.179863404433373,13.179863404433375,13.58496795171211,13.58496795171211,13.58496795171211,13.58496795171211,13.179863404433373,13.584967951712114,13.179863404433371,20.203574880043778,20.203574880043778,20.203574880043774,13.179863404433373,13.179863404433375,13.179863404433373,13.179863404433373,13.179863404433371,13.179863404433371,13.179863404433375,20.203574880043778,20.203574880043774,20.203574880043774,20.203574880043778,20.203574880043778,13.179863404433375,13.179863404433375,13.179863404433371,13.179863404433375,13.179863404433375,13.179863404433375,13.179863404433375,13.179863404433375,7.999928439366679,9.130656188253344,13.179863404433373,13.179863404433373,13.179863404433373,13.58496795171211,13.58496795171211,13.58496795171211,13.58496795171211,13.58496795171211,13.584967951712114,13.58496795171211,13.179863404433375,20.203574880043778,9.130656188253342,9.130656188253342,8.476536775462087,9.130656188253342,8.476536775462087,13.179863404433371,13.179863404433371,13.179863404433371,13.179863404433375,13.58496795171211,13.584967951712112,8.476536775462087,20.203574880043778,20.203574880043778,20.203574880043774,20.203574880043778,2.867509679963444,8.476536775462087,13.179863404433371,13.179863404433371,13.179863404433373,13.58496795171211,20.203574880043778,20.203574880043774,20.203574880043778,20.203574880043778,13.179863404433371,13.179863404433375,13.179863404433373,13.179863404433375,13.179863404433373,13.179863404433373,13.179863404433371,20.203574880043778,20.203574880043778,0.752289866251258,8.476536775462089,13.179863404433373,13.179863404433373,13.179863404433371,13.179863404433375,13.179863404433373,13.58496795171211,9.130656188253342,9.130656188253342,9.130656188253342,8.476536775462087,9.130656188253344,9.446669489257818,8.476536775462087,13.179863404433375,13.179863404433373,13.179863404433373,13.58496795171211,13.179863404433375,13.179863404433375,20.203574880043778,9.446669489257818,13.179863404433371,13.179863404433375,13.179863404433371,13.179863404433375,13.179863404433375,13.179863404433373,13.58496795171211,13.58496795171211,13.179863404433371,13.179863404433373,13.584967951712112,9.130656188253342,9.130656188253345,8.476536775462087,13.179863404433371,9.130656188253345,20.203574880043774,0.0,13.179863404433373,13.179863404433373,13.179863404433373,13.58496795171211,20.203574880043778,20.203574880043778,9.130656188253342,9.130656188253344,13.179863404433371,13.179863404433373,13.179863404433375,13.179863404433375,13.179863404433373,13.179863404433371,13.58496795171211,13.58496795171211,13.58496795171211,13.179863404433373,20.203574880043778,13.179863404433375,13.179863404433373,13.179863404433371,13.179863404433373,13.179863404433375,13.58496795171211,13.58496795171211,13.58496795171211,13.179863404433373,13.584967951712112,13.179863404433375,13.179863404433373,20.203574880043778,13.179863404433373,20.203574880043778,20.203574880043778,9.130656188253342,8.476536775462087,7.999928439366679,13.179863404433373,13.179863404433371,13.179863404433371,13.179863404433373,13.58496795171211,13.179863404433371,13.179863404433373,13.179863404433373,9.130656188253342,20.203574880043778,8.476536775462087,13.179863404433375,13.179863404433373,13.179863404433373,13.179863404433371,13.179863404433371,13.179863404433371,13.179863404433373,13.58496795171211,13.58496795171211,13.58496795171211,8.476536775462087,8.476536775462089,9.130656188253342,9.130656188253342,13.179863404433373,13.179863404433373,13.179863404433373,13.58496795171211,13.584967951712112,13.179863404433373,13.179863404433373,13.179863404433373,13.179863404433375,13.58496795171211
T99,20.203574880043774,20.203574880043778,13.179863404433371,8.146882099671766,13.179863404433375,10.319929406503604,10.319929406503606,13.58496795171211,13.58496795171211,13.58496795171211,13.58496795171211,10.319929406503604,13.584967951712114,8.146882099671766,20.203574880043778,20.203574880043778,20.203574880043774,1.9247526281290124,8.146882099671767,8.146882099671767,8.146882099671767,9.43087362239859,9.43087362239859,10.319929406503606,20.203574880043778,20.203574880043774,20.203574880043774,20.203574880043778,20.203574880043778,8.146882099671767,8.146882099671767,8.146882099671766,8.146882099671767,10.319929406503606,10.319929406503606,10.319929406503606,10.319929406503606,13.179863404433371,13.179863404433373,10.319929406503604,10.319929406503604,10.319929406503604,13.58496795171211,13.58496795171211,13.58496795171211,13.58496795171211,13.58496795171211,13.584967951712114,13.58496795171211,10.319929406503606,20.203574880043778,13.179863404433371,13.179863404433371,13.179863404433373,13.179863404433371,13.179863404433373,8.146882099671766,9.43087362239859,9.43087362239859,10.319929406503606,13.58496795171211,13.584967951712112,13.179863404433373,20.203574880043778,20.203574880043778,20.203574880043774,20.203574880043778,13.179863404433375,13.179863404433373,8.146882099671766,9.43087362239859,10.319929406503604,13.58496795171211,20.203574880043778,20.203574880043774,20.203574880043778,20.203574880043778,9.43087362239859,10.319929406503606,10.319929406503604,10.319929406503606,10.319929406503604,10.319929406503604,8.146882099671766,20.203574880043778,20.203574880043778,13.179863404433373,13.179863404433375,8.146882099671767,9.43087362239859,9.43087362239859,10.319929406503606,10.319929406503604,13.58496795171211,13.179863404433371,13.179863404433371,13.179863404433371,13.179863404433373,13.179863404433373,13.179863404433375,13.179863404433373,8.146882099671767,8.146882099671767,9.43087362239859,13.58496795171211,10.319929406503606,10.319929406503606,20.203574880043778,13.179863404433375,8.146882099671766,8.146882099671767,9.43087362239859,10.319929406503606,10.319929406503606,10.319929406503604,13.58496795171211,13.58496795171211,9.43087362239859,10.319929406503604,13.584967951712112,13.179863404433371,13.179863404433375,13.179863404433373,8.146882099671766,13.179863404433375,20.203574880043774,13.179863404433373,0.0,8.146882099671767,9.43087362239859,13.58496795171211,20.203574880043778,20.203574880043778,13.179863404433371,13.179863404433373,8.146882099671766,8.146882099671767,8.14688209967177,8.146882099671767,8.146882099671767,9.43087362239859,13.58496795171211,13.58496795171211,13.58496795171211,10.319929406503604,20.203574880043778,8.146882099671767,8.146882099671767,9.43087362239859,10.319929406503604,10.319929406503606,13.58496795171211,13.58496795171211,13.58496795171211,10.319929406503604,13.584967951712112,10.319929406503606,10.319929406503604,20.203574880043778,1.9247526281290124,20.203574880043778,20.203574880043778,13.179863404433371,13.179863404433373,13.179863404433371,2.1972871642635026,9.43087362239859,9.43087362239859,10.319929406503604,13.58496795171211,9.43087362239859,10.319929406503604,10.319929406503604,13.179863404433371,20.203574880043778,13.179863404433373,8.146882099671767,8.146882099671767,9.43087362239859,9.43087362239859,9.43087362239859,9.43087362239859,10.319929406503604,13.58496795171211,13.58496795171211,13.58496795171211,13.179863404433373,13.179863404433375,13.179863404433371,13.179863404433371,8.146882099671767,8.146882099671767,10.319929406503604,13.58496795171211,13.584967951712112,9.43087362239859,10.319929406503604,10.319929406503604,10.319929406503606,13.58496795171211
T183,20.203574880043774,20.203574880043778,13.179863404433371,6.559493761161397,13.179863404433375,10.319929406503604,10.319929406503606,13.58496795171211,13.58496795171211,13.58496795171211,13.58496795171211,10.319929406503604,13.584967951712114,6.559493761161397,20.203574880043778,20.203574880043778,20.203574880043774,8.146882099671767,7.022614077073533,7.0226140770735315,7.0226140770735315,9.43087362239859,9.43087362239859,10.319929406503606,20.203574880043778,20.203574880043774,20.203574880043774,20.203574880043778,20.203574880043778,1.4513706035250773,1.4513706035250773,7.0226140770735315,7.022614077073533,10.319929406503606,10.319929406503606,10.319929406503606,10.319929406503606,13.179863404433371,13.179863404433373,10.319929406503604,10.319929406503604,10.319929406503604,13.58496795171211,13.58496795171211,13.58496795171211,13.58496795171211,13.58496795171211,13.584967951712114,13.58496795171211,10.319929406503606,20.203574880043778,13.179863404433371,13.179863404433371,13.179863404433373,13.179863404433371,13.179863404433373,7.0226140770735315,9.43087362239859,9.43087362239859,10.319929406503606,13.58496795171211,13.584967951712112,13.179863404433373,20.203574880043778,20.203574880043778,20.203574880043774,20.203574880043778,13.179863404433375,13.179863404433373,7.0226140770735315,9.43087362239859,10.319929406503604,13.58496795171211,20.203574880043778,20.203574880043774,20.203574880043778,20.203574880043778,9.43087362239859,10.319929406503606,10.319929406503604,10.319929406503606,10.319929406503604,10.319929406503604,6.559493761161397,20.203574880043778,20.203574880043778,13.179863404433373,13.179863404433375,7.022614077073532,9.43087362239859,9.43087362239859,10.319929406503606,10.319929406503604,13.58496795171211,13.179863404433371,13.179863404433371,13.179863404433371,13.179863404433373,13.179863404433373,13.179863404433375,13.179863404433373,7.022614077073533,7.0226140770735315,9.43087362239859,13.58496795171211,10.319929406503606,10.319929406503606,20.203574880043778,13.179863404433375,7.0226140770735315,7.022614077073533,9.43087362239859,10.319929406503606,10.319929406503606,10.319929406503604,13.58496795171211,13.58496795171211,9.43087362239859,10.319929406503604,13.584967951712112,13.179863404433371,13.179863404433375,13.179863404433373,6.559493761161397,13.179863404433375,20.203574880043774,13.179863404433373,8.146882099671767,0.0,9.43087362239859,13.58496795171211,20.203574880043778,20.203574880043778,13.179863404433371,13.179863404433373,6.559493761161397,7.022614077073532,7.022614077073534,7.022614077073533,7.0226140770735315,9.43087362239859,13.58496795171211,13.58496795171211,13.58496795171211,10.319929406503604,20.203574880043778,7.022614077073533,7.0226140770735315,9.43087362239859,10.319929406503604,10.319929406503606,13.58496795171211,13.58496795171211,13.58496795171211,10.319929406503604,13.584967951712112,10.319929406503606,10.319929406503604,20.203574880043778,8.146882099671767,20.203574880043778,20.203574880043778,13.179863404433371,13.179863404433373,13.179863404433371,8.146882099671767,9.43087362239859,9.43087362239859,10.319929406503604,13.58496795171211,9.43087362239859,10.319929406503604,10.319929406503604,13.179863404433371,20.203574880043778,13.179863404433373,6.559493761161399,7.0226140770735315,9.43087362239859,9.43087362239859,9.43087362239859,9.43087362239859,10.319929406503604,13.58496795171211,13.58496795171211,13.58496795171211,13.179863404433373,13.179863404433375,13.179863404433371,13.179863404433371,7.022614077073532,7.0226140770735315,10.319929406503604,13.58496795171211,13.584967951712112,9.43087362239859,10.319929406503604,10.319929406503604,10.319929406503606,13.58496795171211
T57,20.203574880043774,20.203574880043778,13.179863404433371,9.43087362239859,13.179863404433375,10.319929406503604,10.319929406503606,13.58496795171211,13.58496795171211,13.58496795171211,13.58496795171211,10.319929406503604,13.584967951712114,9.43087362239859,20.203574880043778,20.203574880043778,20.203574880043774,9.43087362239859,9.430873622398591,9.43087362239859,9.43087362239859,7.549699367992667,7.549699367992667,10.319929406503606,20.203574880043778,20.203574880043774,20.203574880043774,20.203574880043778,20.203574880043778,9.430873622398591,9.430873622398591,9.43087362239859,9.430873622398591,10.319929406503606,10.319929406503606,10.319929406503606,10.319929406503606,13.179863404433371,13.179863404433373,10.319929406503604,10.319929406503604,10.319929406503604,13.58496795171211,13.58496795171211,13.58496795171211,13.58496795171211,13.58496795171211,13.584967951712114,13.58496795171211,10.319929406503606,20.203574880043778,13.179863404433371,13.179863404433371,13.179863404433373,13.179863404433371,13.179863404433373,9.43087362239859,7.549699367992667,7.883705707959611,10.319929406503606,13.58496795171211,13.584967951712112,13.179863404433373,20.203574880043778,20.203574880043778,20.203574880043774,20.203574880043778,13.179863404433375,13.179863404433373,9.43087362239859,7.549699367992667,10.319929406503604,13.58496795171211,20.203574880043778,20.203574880043774,20.203574880043778,20.203574880043778,7.549699367992667,10.319929406503606,10.319929406503604,10.319929406503606,10.319929406503604,10.319929406503604,9.43087362239859,20.203574880043778,20.203574880043778,13.179863404433373,13.179863404433375,9.43087362239859,0.06117463279475637,7.549699367992668,10.319929406503606,10.319929406503604,13.58496795171211,13.179863404433371,13.179863404433371,13.179863404433371,13.179863404433373,13.179863404433373,13.179863404433375,13.179863404433373,9.430873622398591,9.43087362239859,1.39911372680722,13.58496795171211,10.319929406503606,10.319929406503606,20.203574880043778,13.179863404433375,9.43087362239859,9.430873622398591,7.549699367992668,10.319929406503606,10.319929406503606,10.319929406503604,13.58496795171211,13.58496795171211,7.549699367992667,10.319929406503604,13.584967951712112,13.179863404433371,13.179863404433375,13.179863404433373,9.43087362239859,13.179863404433375,20.203574880043774,13.179863404433373,9.43087362239859,9.43087362239859,0.0,13.58496795171211,20.203574880043778,20.203574880043778,13.179863404433371,13.179863404433373,9.43087362239859,9.43087362239859,9.430873622398591,9.430873622398591,9.43087362239859,7.549699367992668,13.58496795171211,13.58496795171211,13.58496795171211,10.319929406503604,20.203574880043778,9.430873622398591,9.43087362239859,7.549699367992668,10.319929406503604,10.319929406503606,13.58496795171211,13.58496795171211,13.58496795171211,10.319929406503604,13.584967951712112,10.319929406503606,10.319929406503604,20.203574880043778,9.43087362239859,20.203574880043778,20.203574880043778,13.179863404433371,13.179863404433373,13.179863404433371,9.43087362239859,7.549699367992667,7.549699367992668,10.319929406503604,13.58496795171211,7.549699367992668,10.319929406503604,10.319929406503604,13.179863404433371,20.203574880043778,13.179863404433373,9.430873622398591,9.43087362239859,0.6290364342942913,7.549699367992668,7.549699367992668,7.549699367992667,10.319929406503604,13.58496795171211,13.58496795171211,13.58496795171211,13.179863404433373,13.179863404433375,13.179863404433371,13.179863404433371,9.43087362239859,9.43087362239859,10.319929406503604,13.58496795171211,13.584967951712112,1.39911372680722,10.319929406503604,10.319929406503604,10.319929406503606,13.58496795171211
T179,20.203574880043774,20.203574880043778,13.58496795171211,13.58496795171211,13.58496795171211,13.58496795171211,13.584967951712114,10.957120558947592,10.957120558947592,10.957120558947592,3.8591075589156874,13.58496795171211,10.0340299622269,13.58496795171211,20.203574880043778,20.203574880043778,20.203574880043774,13.58496795171211,13.58496795171211,13.58496795171211,13.58496795171211,13.58496795171211,13.58496795171211,13.58496795171211,20.203574880043778,20.203574880043774,20.203574880043774,20.203574880043778,20.203574880043778,13.58496795171211,13.58496795171211,13.58496795171211,13.58496795171211,13.58496795171211,13.58496795171211,13.58496795171211,13.58496795171211,13.58496795171211,13.58496795171211,13.58496795171211,13.58496795171211,13.58496795171211,10.957120558947592,10.0340299622269,0.10861755006882098,3.8591075589156874,10.957120558947592,10.0340299622269,3.8591075589156874,13.58496795171211,20.203574880043778,13.58496795171211,13.58496795171211,13.58496795171211,13.58496795171211,13.58496795171211,13.58496795171211,13.58496795171211,13.58496795171211,13.584967951712112,10.957120558947592,10.0340299622269,13.58496795171211,20.203574880043778,20.203574880043778,20.203574880043774,20.203574880043778,13.58496795171211,13.58496795171211,13.58496795171211,13.58496795171211,13.58496795171211,10.957120558947592,20.203574880043778,20.203574880043774,20.203574880043778,20.203574880043778,13.58496795171211,13.58496795171211,13.58496795171211,13.584967951712112,13.58496795171211,13.58496795171211,13.58496795171211,20.203574880043778,20.203574880043778,13.58496795171211,13.584967951712112,13.58496795171211,13.58496795171211,13.58496795171211,13.58496795171211,13.58496795171211,10.957120558947592,13.58496795171211,13.58496795171211,13.58496795171211,13.58496795171211,13.58496795171211,13.584967951712112,13.58496795171211,13.58496795171211,13.58496795171211,13.58496795171211,0.32793561351467343,13.58496795171211,13.58496795171211,20.203574880043778,13.584967951712112,13.58496795171211,13.58496795171211,13.58496795171211,13.584967951712112,13.58496795171211,13.58496795171211,10.957120558947592,3.8591075589156874,13.58496795171211,13.58496795171211,10.0340299622269,13.58496795171211,13.58496795171211,13.58496795171211,13.58496795171211,13.58496795171211,20.203574880043774,13.58496795171211,13.58496795171211,13.58496795171211,13.58496795171211,0.0,20.203574880043778,20.203574880043778,13.58496795171211,13.58496795171211,13.58496795171211,13.58496795171211,13.584967951712112,13.58496795171211,13.58496795171211,13.58496795171211,10.957120558947592,10.957120558947592,10.0340299622269,13.58496795171211,20.203574880043778,13.58496795171211,13.58496795171211,13.58496795171211,13.58496795171211,13.58496795171211,3.8591075589156874,3.8591075589156874,3.8591075589156874,13.58496795171211,10.0340299622269,13.584967951712112,13.58496795171211,20.203574880043778,13.58496795171211,20.203574880043778,20.203574880043778,13.58496795171211,13.58496795171211,13.58496795171211,13.58496795171211,13.58496795171211,13.58496795171211,13.58496795171211,3.8591075589156874,13.58496795171211,13.58496795171211,13.58496795171211,13.58496795171211,20.203574880043778,13.58496795171211,13.58496795171211,13.58496795171211,13.58496795171211,13.58496795171211,13.58496795171211,13.58496795171211,13.58496795171211,0.32793561351467343,10.957120558947592,3.8591075589156874,13.58496795171211,13.584967951712112,13.58496795171211,13.58496795171211,13.58496795171211,13.58496795171211,13.58496795171211,10.957120558947592,10.0340299622269,13.58496795171211,13.58496795171211,13.58496795171211,13.58496795171211,10.957120558947592
T84,4.1091270316511475,6.958920364456178,20.203574880043778,20.203574880043778,20.203574880043778,20.203574880043778,20.203574880043778,20.203574880043778,20.203574880043778,20.203574880043778,20.203574880043778,20.203574880043778,20.203574880043778,20.203574880043778,2.0423186267698954,2.285845689207587,6.958920364456176,20.203574880043778,20.203574880043778,20.203574880043778,20.203574880043778,20.203574880043778,20.203574880043778,20.203574880043778,2.285845689207587,4.1091270316511475,4.1091270316511475,4.843887551276387,6.958920364456178,20.203574880043778,20.203574880043778,20.203574880043778,20.203574880043778,20.203574880043778,20.203574880043778,20.203574880043778,20.203574880043778,20.203574880043778,20.203574880043778,20.203574880043778,20.203574880043778,20.203574880043778,20.203574880043778,20.203574880043778,20.203574880043778,20.203574880043778,20.203574880043778,20.203574880043778,20.203574880043778,20.203574880043778,6.958920364456178,20.203574880043778,20.203574880043778,20.203574880043778,20.203574880043778,20.203574880043778,20.203574880043778,20.203574880043778,20.203574880043778,20.203574880043778,20.203574880043778,20.203574880043778,20.203574880043778,0.7122376584535274,2.285845689207587,4.1091270316511475,4.843887551276387,20.203574880043778,20.203574880043778,20.203574880043778,20.203574880043778,20.203574880043778,20.203574880043778,4.843887551276387,4.1091270316511475,4.843887551276387,4.843887551276387,20.203574880043778,20.203574880043778,20.203574880043778,20.203574880043778,20.203574880043778,20.203574880043778,20.203574880043778,1.8196124977445436,1.8196124977445436,20.203574880043778,20.203574880043778,20.203574880043778,20.203574880043778,20.203574880043778,20.203574880043778,20.203574880043778,20.203574880043778,20.203574880043778,20.203574880043778,20.203574880043778,20.203574880043778,20.203574880043778,20.203574880043778,20.203574880043778,20.203574880043778,20.203574880043778,20.203574880043778,20.203574880043778,20.203574880043778,20.203574880043778,4.843887551276387,20.203574880043778,20.203574880043778,20.203574880043778,20.203574880043778,20.203574880043778,20.203574880043778,20.203574880043778,20.203574880043778,20.203574880043778,20.203574880043778,20.203574880043778,20.203574880043778,20.203574880043778,20.203574880043778,20.203574880043778,20.203574880043778,20.203574880043778,6.958920364456176,20.203574880043778,20.203574880043778,20.203574880043778,20.203574880043778,20.203574880043778,0.0,2.0423186267698954,20.203574880043778,20.203574880043778,20.203574880043778,20.203574880043778,20.203574880043778,20.203574880043778,20.203574880043778,20.203574880043778,20.203574880043778,20.203574880043778,20.203574880043778,20.203574880043778,2.0423186267698954,20.203574880043778,20.203574880043778,20.203574880043778,20.203574880043778,20.203574880043778,20.203574880043778,20.203574880043778,20.203574880043778,20.203574880043778,20.203574880043778,20.203574880043778,20.203574880043778,8.401082459999703,20.203574880043778,2.0423186267698954,2.0423186267698954,20.203574880043778,20.203574880043778,20.203574880043778,20.203574880043778,20.203574880043778,20.203574880043778,20.203574880043778,20.203574880043778,20.203574880043778,20.203574880043778,20.203574880043778,20.203574880043778,2.0423186267698954,20.203574880043778,20.203574880043778,20.203574880043778,20.203574880043778,20.203574880043778,20.203574880043778,20.203574880043778,20.203574880043778,20.203574880043778,20.203574880043778,20.203574880043778,20.203574880043778,20.203574880043778,20.203574880043778,20.203574880043778,20.203574880043778,20.203574880043778,20.203574880043778,20.203574880043778,20.203574880043778,20.203574880043778,20.203574880043778,20.203574880043778,20.203574880043778,20.203574880043778
T178,4.1091270316511475,6.958920364456178,20.203574880043778,20.203574880043778,20.203574880043778,20.203574880043778,20.203574880043778,20.203574880043778,20.203574880043778,20.203574880043778,20.203574880043778,20.203574880043778,20.203574880043778,20.203574880043778,0.18398946522873338,2.285845689207587,6.958920364456176,20.203574880043778,20.203574880043778,20.203574880043778,20.203574880043778,20.203574880043778,20.203574880043778,20.203574880043778,2.285845689207587,4.1091270316511475,4.1091270316511475,4.843887551276387,6.958920364456178,20.203574880043778,20.203574880043778,20.203574880043778,20.203574880043778,20.203574880043778,20.203574880043778,20.203574880043778,20.203574880043778,20.203574880043778,20.203574880043778,20.203574880043778,20.203574880043778,20.203574880043778,20.203574880043778,20.203574880043778,20.203574880043778,20.203574880043778,20.203574880043778,20.203574880043778,20.203574880043778,20.203574880043778,6.958920364456178,20.203574880043778,20.203574880043778,20.203574880043778,20.203574880043778,20.203574880043778,20.203574880043778,20.203574880043778,20.203574880043778,20.203574880043778,20.203574880043778,20.203574880043778,20.203574880043778,2.0423186267698954,2.285845689207587,4.1091270316511475,4.843887551276387,20.203574880043778,20.203574880043778,20.203574880043778,20.203574880043778,20.203574880043778,20.203574880043778,4.843887551276387,4.1091270316511475,4.843887551276387,4.843887551276387,20.203574880043778,20.203574880043778,20.203574880043778,20.203574880043778,20.203574880043778,20.203574880043778,20.203574880043778,2.0423186267698954,2.0423186267698954,20.203574880043778,20.203574880043778,20.203574880043778,20.203574880043778,20.203574880043778,20.203574880043778,20.203574880043778,20.203574880043778,20.203574880043778,20.203574880043778,20.203574880043778,20.203574880043778,20.203574880043778,20.203574880043778,20.203574880043778,20.203574880043778,20.203574880043778,20.203574880043778,20.203574880043778,20.203574880043778,20.203574880043778,4.843887551276387,20.203574880043778,20.203574880043778,20.203574880043778,20.203574880043778,20.203574880043778,20.203574880043778,20.203574880043778,20.203574880043778,20.203574880043778,20.203574880043778,20.203574880043778,20.203574880043778,20.203574880043778,20.203574880043778,20.203574880043778,20.203574880043778,20.203574880043778,6.958920364456176,20.203574880043778,20.203574880043778,20.203574880043778,20.203574880043778,20.203574880043778,2.0423186267698954,0.0,20.203574880043778,20.203574880043778,20.203574880043778,20.203574880043778,20.203574880043778,20.203574880043778,20.203574880043778,20.203574880043778,20.203574880043778,20.203574880043778,20.203574880043778,20.203574880043778,1.7499919265196038,20.203574880043778,20.203574880043778,20.203574880043778,20.203574880043778,20.203574880043778,20.203574880043778,20.203574880043778,20.203574880043778,20.203574880043778,20.203574880043778,20.203574880043778,20.203574880043778,8.401082459999703,20.203574880043778,1.2405950187267503,1.7499919265196033,20.203574880043778,20.203574880043778,20.203574880043778,20.203574880043778,20.203574880043778,20.203574880043778,20.203574880043778,20.203574880043778,20.203574880043778,20.203574880043778,20.203574880043778,20.203574880043778,1.7499919265196038,20.203574880043778,20.203574880043778,20.203574880043778,20.203574880043778,20.203574880043778,20.203574880043778,20.203574880043778,20.203574880043778,20.203574880043778,20.203574880043778,20.203574880043778,20.203574880043778,20.203574880043778,20.203574880043778,20.203574880043778,20.203574880043778,20.203574880043778,20.203574880043778,20.203574880043778,20.203574880043778,20.203574880043778,20.203574880043778,20.203574880043778,20.203574880043778,20.203574880043778
T168,20.203574880043774,20.203574880043778,0.31592062063517173,13.179863404433371,9.130656188253344,13.179863404433371,13.179863404433375,13.584967951712109,13.584967951712109,13.584967951712109,13.58496795171211,13.179863404433371,13.584967951712112,13.179863404433371,20.203574880043778,20.203574880043778,20.203574880043774,13.179863404433371,13.179863404433373,13.179863404433371,13.179863404433371,13.179863404433371,13.179863404433371,13.179863404433373,20.203574880043778,20.203574880043774,20.203574880043774,20.203574880043778,20.203574880043778,13.179863404433373,13.179863404433373,13.179863404433371,13.179863404433373,13.179863404433373,13.179863404433373,13.179863404433373,13.179863404433373,9.130656188253342,5.467300198468971,13.179863404433371,13.179863404433371,13.179863404433371,13.584967951712109,13.58496795171211,13.58496795171211,13.58496795171211,13.584967951712109,13.584967951712112,13.58496795171211,13.179863404433373,20.203574880043778,5.737194318932163,0.36839595004795805,9.130656188253342,5.46730019846897,9.130656188253342,13.179863404433371,13.179863404433371,13.179863404433371,13.179863404433375,13.584967951712109,13.58496795171211,9.130656188253342,20.203574880043778,20.203574880043778,20.203574880043774,20.203574880043778,9.130656188253344,9.130656188253342,13.179863404433371,13.179863404433371,13.179863404433371,13.584967951712109,20.203574880043778,20.203574880043774,20.203574880043778,20.203574880043778,13.179863404433371,13.179863404433373,13.179863404433371,13.179863404433375,13.179863404433371,13.179863404433371,13.179863404433371,20.203574880043778,20.203574880043778,9.130656188253342,9.130656188253345,13.179863404433371,13.179863404433371,13.179863404433371,13.179863404433373,13.179863404433371,13.584967951712109,5.737194318932163,5.737194318932163,5.369015668678944,9.130656188253342,5.467300198468971,9.446669489257818,9.130656188253342,13.179863404433373,13.179863404433371,13.179863404433371,13.58496795171211,13.179863404433373,13.179863404433373,20.203574880043778,9.446669489257818,13.179863404433371,13.179863404433373,13.179863404433371,13.179863404433375,13.179863404433373,13.179863404433371,13.584967951712109,13.58496795171211,13.179863404433371,13.179863404433371,13.58496795171211,0.8787492048946952,5.467300198468972,9.130656188253342,13.179863404433371,5.467300198468972,20.203574880043774,9.130656188253342,13.179863404433371,13.179863404433371,13.179863404433371,13.58496795171211,20.203574880043778,20.203574880043778,0.0,5.467300198468971,13.179863404433371,13.179863404433371,13.179863404433375,13.179863404433373,13.179863404433371,13.179863404433371,13.58496795171211,13.58496795171211,13.58496795171211,13.179863404433371,20.203574880043778,13.179863404433373,13.179863404433371,13.179863404433371,13.179863404433371,13.179863404433373,13.58496795171211,13.58496795171211,13.58496795171211,13.179863404433371,13.58496795171211,13.179863404433375,13.179863404433371,20.203574880043778,13.179863404433371,20.203574880043778,20.203574880043778,5.46730019846897,9.130656188253342,9.130656188253342,13.179863404433371,13.179863404433371,13.179863404433371,13.179863404433371,13.58496795171211,13.179863404433371,13.179863404433371,13.179863404433371,0.36839595004795805,20.203574880043778,9.130656188253342,13.179863404433373,13.179863404433371,13.179863404433371,13.179863404433371,13.179863404433371,13.179863404433371,13.179863404433371,13.58496795171211,13.584967951712109,13.58496795171211,9.130656188253342,9.130656188253345,5.737194318932163,0.4055638433345532,13.179863404433371,13.179863404433371,13.179863404433371,13.584967951712109,13.58496795171211,13.179863404433371,13.179863404433371,13.179863404433371,13.179863404433373,13.584967951712109
T94,20.203574880043774,20.203574880043778,5.467300198468971,13.179863404433371,9.130656188253345,13.179863404433373,13.179863404433375,13.58496795171211,13.58496795171211,13.58496795171211,13.58496795171211,13.179863404433373,13.584967951712114,13.179863404433371,20.203574880043778,20.203574880043778,20.203574880043774,13.179863404433373,13.179863404433375,13.179863404433373,13.179863404433373,13.179863404433371,13.179863404433371,13.179863404433375,20.203574880043778,20.203574880043774,20.203574880043774,20.203574880043778,20.203574880043778,13.179863404433375,13.179863404433375,13.179863404433371,13.179863404433375,13.179863404433375,13.179863404433375,13.179863404433375,13.179863404433375,9.130656188253342,4.295562549802676,13.179863404433373,13.179863404433373,13.179863404433373,13.58496795171211,13.58496795171211,13.58496795171211,13.58496795171211,13.58496795171211,13.584967951712114,13.58496795171211,13.179863404433375,20.203574880043778,5.737194318932164,5.467300198468971,9.130656188253344,2.2577491958055633,9.130656188253344,13.179863404433371,13.179863404433371,13.179863404433371,13.179863404433375,13.58496795171211,13.584967951712112,9.130656188253344,20.203574880043778,20.203574880043778,20.203574880043774,20.203574880043778,9.130656188253345,9.130656188253344,13.179863404433371,13.179863404433371,13.179863404433373,13.58496795171211,20.203574880043778,20.203574880043774,20.203574880043778,20.203574880043778,13.179863404433371,13.179863404433375,13.179863404433373,13.179863404433375,13.179863404433373,13.179863404433373,13.179863404433371,20.203574880043778,20.203574880043778,9.130656188253344,9.130656188253345,13.179863404433373,13.179863404433373,13.179863404433371,13.179863404433375,13.179863404433373,13.58496795171211,5.737194318932164,5.737194318932164,5.467300198468972,9.130656188253344,4.295562549802676,9.446669489257818,9.130656188253344,13.179863404433375,13.179863404433373,13.179863404433373,13.58496795171211,13.179863404433375,13.179863404433375,20.203574880043778,9.446669489257818,13.179863404433371,13.179863404433375,13.179863404433371,13.179863404433375,13.179863404433375,13.179863404433373,13.58496795171211,13.58496795171211,13.179863404433371,13.179863404433373,13.584967951712112,5.467300198468971,3.2673214858909754,9.130656188253344,13.179863404433371,3.2673214858909754,20.203574880043774,9.130656188253344,13.179863404433373,13.179863404433373,13.179863404433373,13.58496795171211,20.203574880043778,20.203574880043778,5.467300198468971,0.0,13.179863404433371,13.179863404433373,13.179863404433375,13.179863404433375,13.179863404433373,13.179863404433371,13.58496795171211,13.58496795171211,13.58496795171211,13.179863404433373,20.203574880043778,13.179863404433375,13.179863404433373,13.179863404433371,13.179863404433373,13.179863404433375,13.58496795171211,13.58496795171211,13.58496795171211,13.179863404433373,13.584967951712112,13.179863404433375,13.179863404433373,20.203574880043778,13.179863404433373,20.203574880043778,20.203574880043778,2.2577491958055633,9.130656188253344,9.130656188253342,13.179863404433373,13.179863404433371,13.179863404433371,13.179863404433373,13.58496795171211,13.179863404433371,13.179863404433373,13.179863404433373,5.467300198468971,20.203574880043778,9.130656188253344,13.179863404433375,13.179863404433373,13.179863404433373,13.179863404433371,13.179863404433371,13.179863404433371,13.179863404433373,13.58496795171211,13.58496795171211,13.58496795171211,9.130656188253344,9.130656188253345,5.737194318932164,5.467300198468971,13.179863404433373,13.179863404433373,13.179863404433373,13.58496795171211,13.584967951712112,13.179863404433373,13.179863404433373,13.179863404433373,13.179863404433375,13.58496795171211
T10,20.203574880043774,20.203574880043778,13.179863404433371,3.092806265075846,13.179863404433373,10.319929406503602,10.319929406503606,13.584967951712109,13.584967951712109,13.584967951712109,13.58496795171211,10.319929406503602,13.584967951712112,3.092806265075846,20.203574880043778,20.203574880043778,20.203574880043774,8.146882099671766,7.0226140770735315,7.0226140770735315,7.0226140770735315,9.430873622398588,9.430873622398588,10.319929406503604,20.203574880043778,20.203574880043774,20.203574880043774,20.203574880043778,20.203574880043778,6.559493761161397,6.559493761161397,7.022614077073531,7.022614077073532,10.319929406503604,10.319929406503604,10.319929406503604,10.319929406503604,13.179863404433371,13.179863404433371,10.319929406503602,10.319929406503602,10.319929406503602,13.584967951712109,13.58496795171211,13.58496795171211,13.58496795171211,13.584967951712109,13.584967951712112,13.58496795171211,10.319929406503604,20.203574880043778,13.179863404433371,13.179863404433371,13.179863404433371,13.179863404433371,13.179863404433371,7.02261407707353,9.430873622398588,9.43087362239859,10.319929406503606,13.584967951712109,13.58496795171211,13.179863404433371,20.203574880043778,20.203574880043778,20.203574880043774,20.203574880043778,13.179863404433373,13.179863404433371,7.022614077073531,9.430873622398588,10.319929406503602,13.584967951712109,20.203574880043778,20.203574880043774,20.203574880043778,20.203574880043778,9.430873622398588,10.319929406503604,10.319929406503602,10.319929406503606,10.319929406503602,10.319929406503602,5.174214986329119,20.203574880043778,20.203574880043778,13.179863404433371,13.179863404433375,7.0226140770735315,9.43087362239859,9.43087362239859,10.319929406503604,10.319929406503602,13.584967951712109,13.179863404433371,13.179863404433371,13.179863404433371,13.179863404433371,13.179863404433371,13.179863404433375,13.179863404433371,7.0226140770735315,7.0226140770735315,9.43087362239859,13.58496795171211,10.319929406503604,10.319929406503604,20.203574880043778,13.179863404433375,7.02261407707353,7.0226140770735315,9.43087362239859,10.319929406503606,10.319929406503604,10.319929406503602,13.584967951712109,13.58496795171211,9.430873622398588,10.319929406503602,13.58496795171211,13.179863404433371,13.179863404433373,13.179863404433371,1.4444706263399352,13.179863404433373,20.203574880043774,13.179863404433371,8.146882099671766,6.559493761161397,9.43087362239859,13.58496795171211,20.203574880043778,20.203574880043778,13.179863404433371,13.179863404433371,0.0,7.0226140770735315,7.022614077073533,7.022614077073532,7.0226140770735315,9.43087362239859,13.58496795171211,13.58496795171211,13.58496795171211,10.319929406503602,20.203574880043778,7.0226140770735315,7.0226140770735315,9.43087362239859,10.319929406503602,10.319929406503604,13.58496795171211,13.58496795171211,13.58496795171211,10.319929406503602,13.58496795171211,10.319929406503606,10.319929406503602,20.203574880043778,8.146882099671766,20.203574880043778,20.203574880043778,13.179863404433371,13.179863404433371,13.179863404433371,8.146882099671766,9.430873622398588,9.43087362239859,10.319929406503602,13.58496795171211,9.43087362239859,10.319929406503602,10.319929406503602,13.179863404433371,20.203574880043778,13.179863404433371,5.542290253491287,7.0226140770735315,9.43087362239859,9.43087362239859,9.43087362239859,9.430873622398588,10.319929406503602,13.58496795171211,13.584967951712109,13.58496795171211,13.179863404433371,13.179863404433375,13.179863404433371,13.179863404433371,7.0226140770735315,7.0226140770735315,10.319929406503602,13.584967951712109,13.58496795171211,9.43087362239859,10.319929406503602,10.319929406503602,10.319929406503604,13.584967951712109
T68,20.203574880043774,20.203574880043778,13.179863404433371,7.0226140770735315,13.179863404433375,10.319929406503604,10.319929406503606,13.58496795171211,13.58496795171211,13.58496795171211,13.58496795171211,10.319929406503604,13.584967951712114,7.0226140770735315,20.203574880043778,20.203574880043778,20.203574880043774,8.146882099671767,4.9313224230878925,4.931322423087892,4.931322423087892,9.43087362239859,9.43087362239859,10.319929406503606,20.203574880043778,20.203574880043774,20.203574880043774,20.203574880043778,20.203574880043778,7.022614077073533,7.022614077073533,4.741162807255681,4.741162807255683,10.319929406503606,10.319929406503606,10.319929406503606,10.319929406503606,13.179863404433371,13.179863404433373,10.319929406503604,10.319929406503604,10.319929406503604,13.58496795171211,13.58496795171211,13.58496795171211,13.58496795171211,13.58496795171211,13.584967951712114,13.58496795171211,10.319929406503606,20.203574880043778,13.179863404433371,13.179863404433371,13.179863404433373,13.179863404433371,13.179863404433373,4.74116280725568,9.43087362239859,9.43087362239859,10.319929406503606,13.58496795171211,13.584967951712112,13.179863404433373,20.203574880043778,20.203574880043778,20.203574880043774,20.203574880043778,13.179863404433375,13.179863404433373,4.741162807255681,9.43087362239859,10.319929406503604,13.58496795171211,20.203574880043778,20.203574880043774,20.203574880043778,20.203574880043778,9.43087362239859,10.319929406503606,10.319929406503604,10.319929406503606,10.319929406503604,10.319929406503604,7.0226140770735315,20.203574880043778,20.203574880043778,13.179863404433373,13.179863404433375,0.5711433455748904,9.43087362239859,9.43087362239859,10.319929406503606,10.319929406503604,13.58496795171211,13.179863404433371,13.179863404433371,13.179863404433371,13.179863404433373,13.179863404433373,13.179863404433375,13.179863404433373,4.9313224230878925,4.931322423087892,9.43087362239859,13.58496795171211,10.319929406503606,10.319929406503606,20.203574880043778,13.179863404433375,4.74116280725568,4.9313224230878925,9.43087362239859,10.319929406503606,10.319929406503606,10.319929406503604,13.58496795171211,13.58496795171211,9.43087362239859,10.319929406503604,13.584967951712112,13.179863404433371,13.179863404433375,13.179863404433373,7.0226140770735315,13.179863404433375,20.203574880043774,13.179863404433373,8.146882099671767,7.022614077073532,9.43087362239859,13.58496795171211,20.203574880043778,20.203574880043778,13.179863404433371,13.179863404433373,7.0226140770735315,0.0,3.4836729714363757,4.741162807255683,4.931322423087892,9.43087362239859,13.58496795171211,13.58496795171211,13.58496795171211,10.319929406503604,20.203574880043778,4.9313224230878925,4.931322423087892,9.43087362239859,10.319929406503604,10.319929406503606,13.58496795171211,13.58496795171211,13.58496795171211,10.319929406503604,13.584967951712112,10.319929406503606,10.319929406503604,20.203574880043778,8.146882099671767,20.203574880043778,20.203574880043778,13.179863404433371,13.179863404433373,13.179863404433371,8.146882099671767,9.43087362239859,9.43087362239859,10.319929406503604,13.58496795171211,9.43087362239859,10.319929406503604,10.319929406503604,13.179863404433371,20.203574880043778,13.179863404433373,7.022614077073533,4.931322423087892,9.43087362239859,9.43087362239859,9.43087362239859,9.43087362239859,10.319929406503604,13.58496795171211,13.58496795171211,13.58496795171211,13.179863404433373,13.179863404433375,13.179863404433371,13.179863404433371,0.6729643273537471,4.931322423087892,10.319929406503604,13.58496795171211,13.584967951712112,9.43087362239859,10.319929406503604,10.319929406503604,10.319929406503606,13.58496795171211
T136,20.203574880043778,20.20357488004378,13.179863404433375,7.022614077073533,13.179863404433375,10.319929406503606,10.31992940650361,13.58496795171211,13.58496795171211,13.58496795171211,13.584967951712114,10.319929406503606,13.584967951712114,7.022614077073533,20.203574880043778,20.203574880043778,20.203574880043778,8.14688209967177,4.931322423087894,4.931322423087893,4.931322423087893,9.430873622398591,9.430873622398591,10.319929406503606,20.203574880043778,20.203574880043778,20.203574880043778,20.203574880043778,20.20357488004378,7.022614077073535,7.022614077073535,4.741162807255683,4.741162807255685,10.319929406503606,10.319929406503606,10.319929406503606,10.319929406503606,13.179863404433375,13.179863404433375,10.319929406503606,10.319929406503606,10.319929406503606,13.58496795171211,13.584967951712114,13.584967951712112,13.584967951712112,13.58496795171211,13.584967951712114,13.584967951712114,10.319929406503606,20.20357488004378,13.179863404433375,13.179863404433375,13.179863404433375,13.179863404433375,13.179863404433375,4.741162807255682,9.430873622398591,9.430873622398591,10.319929406503608,13.58496795171211,13.584967951712114,13.179863404433375,20.203574880043778,20.203574880043778,20.203574880043778,20.203574880043778,13.179863404433375,13.179863404433375,4.741162807255683,9.430873622398591,10.319929406503606,13.58496795171211,20.203574880043778,20.203574880043778,20.203574880043778,20.203574880043778,9.430873622398591,10.319929406503606,10.319929406503606,10.319929406503608,10.319929406503606,10.319929406503606,7.022614077073533,20.203574880043778,20.203574880043778,13.179863404433375,13.179863404433377,3.4836729714363757,9.430873622398591,9.430873622398591,10.319929406503606,10.319929406503606,13.58496795171211,13.179863404433375,13.179863404433375,13.179863404433375,13.179863404433375,13.179863404433375,13.179863404433377,13.179863404433375,4.931322423087894,4.931322423087893,9.430873622398591,13.584967951712112,10.319929406503606,10.319929406503606,20.203574880043778,13.179863404433377,4.741162807255682,4.931322423087894,9.430873622398591,10.319929406503608,10.319929406503606,10.319929406503606,13.58496795171211,13.584967951712114,9.430873622398591,10.319929406503606,13.584967951712114,13.179863404433375,13.179863404433375,13.179863404433375,7.022614077073533,13.179863404433375,20.203574880043778,13.179863404433375,8.14688209967177,7.022614077073534,9.430873622398591,13.584967951712112,20.203574880043778,20.203574880043778,13.179863404433375,13.179863404433375,7.022614077073533,3.4836729714363757,0.0,4.741162807255685,4.931322423087893,9.430873622398591,13.584967951712112,13.584967951712112,13.584967951712114,10.319929406503606,20.203574880043778,4.931322423087894,4.931322423087893,9.430873622398591,10.319929406503606,10.319929406503606,13.584967951712114,13.584967951712112,13.584967951712112,10.319929406503606,13.584967951712114,10.319929406503608,10.319929406503606,20.20357488004378,8.14688209967177,20.203574880043778,20.203574880043778,13.179863404433375,13.179863404433375,13.179863404433375,8.14688209967177,9.430873622398591,9.430873622398591,10.319929406503606,13.584967951712114,9.430873622398591,10.319929406503606,10.319929406503606,13.179863404433375,20.203574880043778,13.179863404433375,7.022614077073535,4.931322423087893,9.430873622398591,9.430873622398591,9.430873622398591,9.430873622398591,10.319929406503606,13.584967951712112,13.58496795171211,13.584967951712114,13.179863404433375,13.179863404433377,13.179863404433375,13.179863404433375,3.4836729714363757,4.931322423087893,10.319929406503606,13.58496795171211,13.584967951712114,9.430873622398591,10.319929406503606,10.319929406503606,10.319929406503606,13.58496795171211
T194,20.203574880043778,20.203574880043778,13.179863404433373,7.022614077073532,13.179863404433375,10.319929406503606,10.319929406503608,13.58496795171211,13.58496795171211,13.58496795171211,13.584967951712112,10.319929406503606,13.584967951712114,7.022614077073532,20.203574880043778,20.203574880043778,20.203574880043778,8.146882099671767,4.931322423087893,4.9313224230878925,4.9313224230878925,9.43087362239859,9.43087362239859,10.319929406503606,20.203574880043778,20.203574880043778,20.203574880043778,20.203574880043778,20.203574880043778,7.022614077073534,7.022614077073534,2.9042231498455333,0.1996688414810878,10.319929406503606,10.319929406503606,10.319929406503606,10.319929406503606,13.179863404433373,13.179863404433375,10.319929406503606,10.319929406503606,10.319929406503606,13.58496795171211,13.584967951712112,13.58496795171211,13.58496795171211,13.58496795171211,13.584967951712114,13.584967951712112,10.319929406503606,20.203574880043778,13.179863404433373,13.179863404433373,13.179863404433375,13.179863404433373,13.179863404433375,3.697645146157279,9.43087362239859,9.43087362239859,10.319929406503606,13.58496795171211,13.584967951712114,13.179863404433375,20.203574880043778,20.203574880043778,20.203574880043778,20.203574880043778,13.179863404433375,13.179863404433375,2.9042231498455333,9.43087362239859,10.319929406503606,13.58496795171211,20.203574880043778,20.203574880043778,20.203574880043778,20.203574880043778,9.43087362239859,10.319929406503606,10.319929406503606,10.319929406503606,10.319929406503606,10.319929406503606,7.022614077073532,20.203574880043778,20.203574880043778,13.179863404433375,13.179863404433375,4.741162807255683,9.430873622398591,9.43087362239859,10.319929406503606,10.319929406503606,13.58496795171211,13.179863404433373,13.179863404433373,13.179863404433373,13.179863404433375,13.179863404433375,13.179863404433375,13.179863404433375,4.931322423087893,4.9313224230878925,9.430873622398591,13.58496795171211,10.319929406503606,10.319929406503606,20.203574880043778,13.179863404433375,3.697645146157279,4.931322423087893,9.43087362239859,10.319929406503606,10.319929406503606,10.319929406503606,13.58496795171211,13.584967951712112,9.43087362239859,10.319929406503606,13.584967951712114,13.179863404433373,13.179863404433375,13.179863404433375,7.022614077073532,13.179863404433375,20.203574880043778,13.179863404433375,8.146882099671767,7.022614077073533,9.430873622398591,13.58496795171211,20.203574880043778,20.203574880043778,13.179863404433373,13.179863404433375,7.022614077073532,4.741162807255683,4.741162807255685,0.0,4.9313224230878925,9.43087362239859,13.58496795171211,13.58496795171211,13.584967951712112,10.319929406503606,20.203574880043778,4.931322423087893,4.9313224230878925,9.43087362239859,10.319929406503606,10.319929406503606,13.584967951712112,13.58496795171211,13.58496795171211,10.319929406503606,13.584967951712114,10.319929406503606,10.319929406503606,20.203574880043778,8.146882099671767,20.203574880043778,20.203574880043778,13.179863404433373,13.179863404433375,13.179863404433373,8.146882099671767,9.43087362239859,9.43087362239859,10.319929406503606,13.584967951712112,9.43087362239859,10.319929406503606,10.319929406503606,13.179863404433373,20.203574880043778,13.179863404433375,7.022614077073534,4.9313224230878925,9.430873622398591,9.43087362239859,9.43087362239859,9.43087362239859,10.319929406503606,13.58496795171211,13.58496795171211,13.584967951712112,13.179863404433375,13.179863404433375,13.179863404433373,13.179863404433373,4.741162807255683,4.9313224230878925,10.319929406503606,13.58496795171211,13.584967951712114,9.430873622398591,10.319929406503606,10.319929406503606,10.319929406503606,13.58496795171211
T42,20.203574880043774,20.203574880043778,13.179863404433371,7.0226140770735315,13.179863404433375,10.319929406503604,10.319929406503606,13.58496795171211,13.58496795171211,13.58496795171211,13.58496795171211,10.319929406503604,13.584967951712114,7.0226140770735315,20.203574880043778,20.203574880043778,20.203574880043774,8.146882099671767,3.4640706085723734,1.5134427452013546,1.5134427452013546,9.43087362239859,9.43087362239859,10.319929406503606,20.203574880043778,20.203574880043774,20.203574880043774,20.203574880043778,20.203574880043778,7.022614077073533,7.022614077073533,4.931322423087891,4.9313224230878925,10.319929406503606,10.319929406503606,10.319929406503606,10.319929406503606,13.179863404433371,13.179863404433373,10.319929406503604,10.319929406503604,10.319929406503604,13.58496795171211,13.58496795171211,13.58496795171211,13.58496795171211,13.58496795171211,13.584967951712114,13.58496795171211,10.319929406503606,20.203574880043778,13.179863404433371,13.179863404433371,13.179863404433373,13.179863404433371,13.179863404433373,4.931322423087891,9.43087362239859,9.43087362239859,10.319929406503606,13.58496795171211,13.584967951712112,13.179863404433373,20.203574880043778,20.203574880043778,20.203574880043774,20.203574880043778,13.179863404433375,13.179863404433373,4.931322423087891,9.43087362239859,10.319929406503604,13.58496795171211,20.203574880043778,20.203574880043774,20.203574880043778,20.203574880043778,9.43087362239859,10.319929406503606,10.319929406503604,10.319929406503606,10.319929406503604,10.319929406503604,7.0226140770735315,20.203574880043778,20.203574880043778,13.179863404433373,13.179863404433375,4.931322423087892,9.43087362239859,9.43087362239859,10.319929406503606,10.319929406503604,13.58496795171211,13.179863404433371,13.179863404433371,13.179863404433371,13.179863404433373,13.179863404433373,13.179863404433375,13.179863404433373,3.4640706085723734,1.5134427452013546,9.43087362239859,13.58496795171211,10.319929406503606,10.319929406503606,20.203574880043778,13.179863404433375,4.931322423087891,3.4640706085723734,9.43087362239859,10.319929406503606,10.319929406503606,10.319929406503604,13.58496795171211,13.58496795171211,9.43087362239859,10.319929406503604,13.584967951712112,13.179863404433371,13.179863404433375,13.179863404433373,7.0226140770735315,13.179863404433375,20.203574880043774,13.179863404433373,8.146882099671767,7.0226140770735315,9.43087362239859,13.58496795171211,20.203574880043778,20.203574880043778,13.179863404433371,13.179863404433373,7.0226140770735315,4.931322423087892,4.931322423087893,4.9313224230878925,0.0,9.43087362239859,13.58496795171211,13.58496795171211,13.58496795171211,10.319929406503604,20.203574880043778,3.4640706085723734,1.5134427452013546,9.43087362239859,10.319929406503604,10.319929406503606,13.58496795171211,13.58496795171211,13.58496795171211,10.319929406503604,13.584967951712112,10.319929406503606,10.319929406503604,20.203574880043778,8.146882099671767,20.203574880043778,20.203574880043778,13.179863404433371,13.179863404433373,13.179863404433371,8.146882099671767,9.43087362239859,9.43087362239859,10.319929406503604,13.58496795171211,9.43087362239859,10.319929406503604,10.319929406503604,13.179863404433371,20.203574880043778,13.179863404433373,7.022614077073533,0.5109623596625512,9.43087362239859,9.43087362239859,9.43087362239859,9.43087362239859,10.319929406503604,13.58496795171211,13.58496795171211,13.58496795171211,13.179863404433373,13.179863404433375,13.179863404433371,13.179863404433371,4.931322423087892,0.5109623596625512,10.319929406503604,13.58496795171211,13.584967951712112,9.43087362239859,10.319929406503604,10.319929406503604,10.319929406503606,13.58496795171211
T152,20.203574880043774,20.203574880043778,13.179863404433371,9.43087362239859,13.179863404433373,10.319929406503602,10.319929406503606,13.584967951712109,13.584967951712109,13.584967951712109,13.58496795171211,10.319929406503602,13.584967951712112,9.43087362239859,20.203574880043778,20.203574880043778,20.203574880043774,9.43087362239859,9.43087362239859,9.43087362239859,9.43087362239859,2.8159214633795986,2.3090995837757062,10.319929406503604,20.203574880043778,20.203574880043774,20.203574880043774,20.203574880043778,20.203574880043778,9.43087362239859,9.43087362239859,9.43087362239859,9.43087362239859,10.319929406503604,10.319929406503604,10.319929406503604,10.319929406503604,13.179863404433371,13.179863404433371,10.319929406503602,10.319929406503602,10.319929406503602,13.584967951712109,13.58496795171211,13.58496795171211,13.58496795171211,13.584967951712109,13.584967951712112,13.58496795171211,10.319929406503604,20.203574880043778,13.179863404433371,13.179863404433371,13.179863404433371,13.179863404433371,13.179863404433371,9.43087362239859,2.3090995837757062,7.88370570795961,10.319929406503606,13.584967951712109,13.58496795171211,13.179863404433371,20.203574880043778,20.203574880043778,20.203574880043774,20.203574880043778,13.179863404433373,13.179863404433371,9.43087362239859,2.3090995837757062,10.319929406503602,13.584967951712109,20.203574880043778,20.203574880043774,20.203574880043778,20.203574880043778,2.8159214633795986,10.319929406503604,10.319929406503602,10.319929406503606,10.319929406503602,10.319929406503602,9.43087362239859,20.203574880043778,20.203574880043778,13.179863404433371,13.179863404433375,9.43087362239859,7.549699367992668,0.13556768594770083,10.319929406503604,10.319929406503602,13.584967951712109,13.179863404433371,13.179863404433371,13.179863404433371,13.179863404433371,13.179863404433371,13.179863404433375,13.179863404433371,9.43087362239859,9.43087362239859,7.549699367992668,13.58496795171211,10.319929406503604,10.319929406503604,20.203574880043778,13.179863404433375,9.43087362239859,9.43087362239859,7.315471920686967,10.319929406503606,10.319929406503604,10.319929406503602,13.584967951712109,13.58496795171211,2.8159214633795986,10.319929406503602,13.58496795171211,13.179863404433371,13.179863404433373,13.179863404433371,9.43087362239859,13.179863404433373,20.203574880043774,13.179863404433371,9.43087362239859,9.43087362239859,7.549699367992668,13.58496795171211,20.203574880043778,20.203574880043778,13.179863404433371,13.179863404433371,9.43087362239859,9.43087362239859,9.430873622398591,9.43087362239859,9.43087362239859,0.0,13.58496795171211,13.58496795171211,13.58496795171211,10.319929406503602,20.203574880043778,9.43087362239859,9.43087362239859,7.315471920686967,10.319929406503602,10.319929406503604,13.58496795171211,13.58496795171211,13.58496795171211,10.319929406503602,13.58496795171211,10.319929406503606,10.319929406503602,20.203574880043778,9.43087362239859,20.203574880043778,20.203574880043778,13.179863404433371,13.179863404433371,13.179863404433371,9.43087362239859,2.8159214633795986,0.4100747017283465,10.319929406503602,13.58496795171211,0.4100747017283465,10.319929406503602,10.319929406503602,13.179863404433371,20.203574880043778,13.179863404433371,9.43087362239859,9.43087362239859,7.549699367992668,7.315471920686967,0.4100747017283465,0.8202175488350631,10.319929406503602,13.58496795171211,13.584967951712109,13.58496795171211,13.179863404433371,13.179863404433375,13.179863404433371,13.179863404433371,9.43087362239859,9.43087362239859,10.319929406503602,13.584967951712109,13.58496795171211,7.549699367992668,10.319929406503602,10.319929406503602,10.319929406503604,13.584967951712109
T32,20.203574880043774,20.203574880043778,13.58496795171211,13.58496795171211,13.58496795171211,13.58496795171211,13.584967951712114,5.552367763166497,5.552367763166497,5.552367763166497,10.957120558947592,13.58496795171211,10.957120558947596,13.58496795171211,20.203574880043778,20.203574880043778,20.203574880043774,13.58496795171211,13.58496795171211,13.58496795171211,13.58496795171211,13.58496795171211,13.58496795171211,13.58496795171211,20.203574880043778,20.203574880043774,20.203574880043774,20.203574880043778,20.203574880043778,13.58496795171211,13.58496795171211,13.58496795171211,13.58496795171211,13.58496795171211,13.58496795171211,13.58496795171211,13.58496795171211,13.58496795171211,13.58496795171211,13.58496795171211,13.58496795171211,13.58496795171211,5.552367763166497,10.957120558947592,10.957120558947592,10.957120558947592,5.552367763166497,10.957120558947596,10.957120558947592,13.58496795171211,20.203574880043778,13.58496795171211,13.58496795171211,13.58496795171211,13.58496795171211,13.58496795171211,13.58496795171211,13.58496795171211,13.58496795171211,13.584967951712112,5.552367763166497,10.957120558947594,13.58496795171211,20.203574880043778,20.203574880043778,20.203574880043774,20.203574880043778,13.58496795171211,13.58496795171211,13.58496795171211,13.58496795171211,13.58496795171211,5.552367763166497,20.203574880043778,20.203574880043774,20.203574880043778,20.203574880043778,13.58496795171211,13.58496795171211,13.58496795171211,13.584967951712112,13.58496795171211,13.58496795171211,13.58496795171211,20.203574880043778,20.203574880043778,13.58496795171211,13.584967951712112,13.58496795171211,13.58496795171211,13.58496795171211,13.58496795171211,13.58496795171211,5.552367763166497,13.58496795171211,13.58496795171211,13.58496795171211,13.58496795171211,13.58496795171211,13.584967951712112,13.58496795171211,13.58496795171211,13.58496795171211,13.58496795171211,10.957120558947592,13.58496795171211,13.58496795171211,20.203574880043778,13.584967951712112,13.58496795171211,13.58496795171211,13.58496795171211,13.584967951712112,13.58496795171211,13.58496795171211,5.552367763166497,10.957120558947592,13.58496795171211,13.58496795171211,10.957120558947594,13.58496795171211,13.58496795171211,13.58496795171211,13.58496795171211,13.58496795171211,20.203574880043774,13.58496795171211,13.58496795171211,13.58496795171211,13.58496795171211,10.957120558947592,20.203574880043778,20.203574880043778,13.58496795171211,13.58496795171211,13.58496795171211,13.58496795171211,13.584967951712112,13.58496795171211,13.58496795171211,13.58496795171211,0.0,0.7121247839810085,10.957120558947592,13.58496795171211,20.203574880043778,13.58496795171211,13.58496795171211,13.58496795171211,13.58496795171211,13.58496795171211,10.957120558947592,10.957120558947592,10.957120558947592,13.58496795171211,10.957120558947594,13.584967951712112,13.58496795171211,20.203574880043778,13.58496795171211,20.203574880043778,20.203574880043778,13.58496795171211,13.58496795171211,13.58496795171211,13.58496795171211,13.58496795171211,13.58496795171211,13.58496795171211,10.957120558947592,13.58496795171211,13.58496795171211,13.58496795171211,13.58496795171211,20.203574880043778,13.58496795171211,13.58496795171211,13.58496795171211,13.58496795171211,13.58496795171211,13.58496795171211,13.58496795171211,13.58496795171211,10.957120558947592,5.552367763166497,10.957120558947592,13.58496795171211,13.584967951712112,13.58496795171211,13.58496795171211,13.58496795171211,13.58496795171211,13.58496795171211,5.552367763166497,10.957120558947594,13.58496795171211,13.58496795171211,13.58496795171211,13.58496795171211,5.552367763166497
T56,20.203574880043774,20.203574880043778,13.58496795171211,13.58496795171211,13.58496795171211,13.58496795171211,13.584967951712114,5.552367763166497,5.552367763166497,5.552367763166497,10.957120558947592,13.58496795171211,10.957120558947596,13.58496795171211,20.203574880043778,20.203574880043778,20.203574880043774,13.58496795171211,13.58496795171211,13.58496795171211,13.58496795171211,13.58496795171211,13.58496795171211,13.58496795171211,20.203574880043778,20.203574880043774,20.203574880043774,20.203574880043778,20.203574880043778,13.58496795171211,13.58496795171211,13.58496795171211,13.58496795171211,13.58496795171211,13.58496795171211,13.58496795171211,13.58496795171211,13.58496795171211,13.58496795171211,13.58496795171211,13.58496795171211,13.58496795171211,5.552367763166497,10.957120558947592,10.957120558947592,10.957120558947592,5.552367763166497,10.957120558947596,10.957120558947592,13.58496795171211,20.203574880043778,13.58496795171211,13.58496795171211,13.58496795171211,13.58496795171211,13.58496795171211,13.58496795171211,13.58496795171211,13.58496795171211,13.584967951712112,5.552367763166497,10.957120558947594,13.58496795171211,20.203574880043778,20.203574880043778,20.203574880043774,20.203574880043778,13.58496795171211,13.58496795171211,13.58496795171211,13.58496795171211,13.58496795171211,5.552367763166497,20.203574880043778,20.203574880043774,20.203574880043778,20.203574880043778,13.58496795171211,13.58496795171211,13.58496795171211,13.584967951712112,13.58496795171211,13.58496795171211,13.58496795171211,20.203574880043778,20.203574880043778,13.58496795171211,13.584967951712112,13.58496795171211,13.58496795171211,13.58496795171211,13.58496795171211,13.58496795171211,5.552367763166497,13.58496795171211,13.58496795171211,13.58496795171211,13.58496795171211,13.58496795171211,13.584967951712112,13.58496795171211,13.58496795171211,13.58496795171211,13.58496795171211,10.957120558947592,13.58496795171211,13.58496795171211,20.203574880043778,13.584967951712112,13.58496795171211,13.58496795171211,13.58496795171211,13.584967951712112,13.58496795171211,13.58496795171211,5.552367763166497,10.957120558947592,13.58496795171211,13.58496795171211,10.957120558947594,13.58496795171211,13.58496795171211,13.58496795171211,13.58496795171211,13.58496795171211,20.203574880043774,13.58496795171211,13.58496795171211,13.58496795171211,13.58496795171211,10.957120558947592,20.203574880043778,20.203574880043778,13.58496795171211,13.58496795171211,13.58496795171211,13.58496795171211,13.584967951712112,13.58496795171211,13.58496795171211,13.58496795171211,0.7121247839810085,0.0,10.957120558947592,13.58496795171211,20.203574880043778,13.58496795171211,13.58496795171211,13.58496795171211,13.58496795171211,13.58496795171211,10.957120558947592,10.957120558947592,10.957120558947592,13.58496795171211,10.957120558947594,13.584967951712112,13.58496795171211,20.203574880043778,13.58496795171211,20.203574880043778,20.203574880043778,13.58496795171211,13.58496795171211,13.58496795171211,13.58496795171211,13.58496795171211,13.58496795171211,13.58496795171211,10.957120558947592,13.58496795171211,13.58496795171211,13.58496795171211,13.58496795171211,20.203574880043778,13.58496795171211,13.58496795171211,13.58496795171211,13.58496795171211,13.58496795171211,13.58496795171211,13.58496795171211,13.58496795171211,10.957120558947592,5.552367763166497,10.957120558947592,13.58496795171211,13.584967951712112,13.58496795171211,13.58496795171211,13.58496795171211,13.58496795171211,13.58496795171211,5.552367763166497,10.957120558947594,13.58496795171211,13.58496795171211,13.58496795171211,13.58496795171211,5.552367763166497
T98,20.203574880043778,20.203574880043778,13.58496795171211,13.58496795171211,13.584967951712112,13.58496795171211,13.584967951712114,10.957120558947592,10.957120558947592,10.957120558947592,10.0340299622269,13.58496795171211,8.72087458164532,13.58496795171211,20.203574880043778,20.203574880043778,20.203574880043778,13.58496795171211,13.584967951712112,13.58496795171211,13.58496795171211,13.58496795171211,13.58496795171211,13.584967951712112,20.203574880043778,20.203574880043778,20.203574880043778,20.203574880043778,20.203574880043778,13.584967951712112,13.584967951712112,13.58496795171211,13.584967951712112,13.584967951712112,13.584967951712112,13.584967951712112,13.584967951712112,13.58496795171211,13.58496795171211,13.58496795171211,13.58496795171211,13.58496795171211,10.957120558947592,0.47468769368151026,10.0340299622269,10.0340299622269,10.957120558947592,2.9888319765343403,10.0340299622269,13.584967951712112,20.203574880043778,13.58496795171211,13.58496795171211,13.58496795171211,13.58496795171211,13.58496795171211,13.58496795171211,13.58496795171211,13.58496795171211,13.584967951712114,10.957120558947592,8.720874581645319,13.58496795171211,20.203574880043778,20.203574880043778,20.203574880043778,20.203574880043778,13.584967951712112,13.58496795171211,13.58496795171211,13.58496795171211,13.58496795171211,10.957120558947592,20.203574880043778,20.203574880043778,20.203574880043778,20.203574880043778,13.58496795171211,13.584967951712112,13.58496795171211,13.584967951712114,13.58496795171211,13.58496795171211,13.58496795171211,20.203574880043778,20.203574880043778,13.58496795171211,13.584967951712114,13.58496795171211,13.58496795171211,13.58496795171211,13.584967951712112,13.58496795171211,10.957120558947592,13.58496795171211,13.58496795171211,13.58496795171211,13.58496795171211,13.58496795171211,13.584967951712114,13.58496795171211,13.584967951712112,13.58496795171211,13.58496795171211,10.0340299622269,13.584967951712112,13.584967951712112,20.203574880043778,13.584967951712114,13.58496795171211,13.584967951712112,13.58496795171211,13.584967951712114,13.584967951712112,13.58496795171211,10.957120558947592,10.0340299622269,13.58496795171211,13.58496795171211,8.720874581645319,13.58496795171211,13.584967951712112,13.58496795171211,13.58496795171211,13.584967951712112,20.203574880043778,13.58496795171211,13.58496795171211,13.58496795171211,13.58496795171211,10.0340299622269,20.203574880043778,20.203574880043778,13.58496795171211,13.58496795171211,13.58496795171211,13.58496795171211,13.584967951712114,13.584967951712112,13.58496795171211,13.58496795171211,10.957120558947592,10.957120558947592,0.0,13.58496795171211,20.203574880043778,13.584967951712112,13.58496795171211,13.58496795171211,13.58496795171211,13.584967951712112,10.0340299622269,10.0340299622269,10.0340299622269,13.58496795171211,8.720874581645319,13.584967951712114,13.58496795171211,20.203574880043778,13.58496795171211,20.203574880043778,20.203574880043778,13.58496795171211,13.58496795171211,13.58496795171211,13.58496795171211,13.58496795171211,13.58496795171211,13.58496795171211,10.0340299622269,13.58496795171211,13.58496795171211,13.58496795171211,13.58496795171211,20.203574880043778,13.58496795171211,13.584967951712112,13.58496795171211,13.58496795171211,13.58496795171211,13.58496795171211,13.58496795171211,13.58496795171211,10.0340299622269,10.957120558947592,10.0340299622269,13.58496795171211,13.584967951712114,13.58496795171211,13.58496795171211,13.58496795171211,13.58496795171211,13.58496795171211,10.957120558947592,8.720874581645319,13.58496795171211,13.58496795171211,13.58496795171211,13.584967951712112,10.957120558947592
T153,20.203574880043774,20.203574880043778,13.179863404433371,10.319929406503602,13.179863404433375,1.0238960926335272,7.235889181701199,13.58496795171211,13.58496795171211,13.58496795171211,13.58496795171211,7.2358891817011965,13.584967951712114,10.319929406503602,20.203574880043778,20.203574880043778,20.203574880043774,10.319929406503604,10.319929406503606,10.319929406503604,10.319929406503604,10.319929406503602,10.319929406503602,8.628624096335662,20.203574880043778,20.203574880043774,20.203574880043774,20.203574880043778,20.203574880043778,10.319929406503606,10.319929406503606,10.319929406503602,10.319929406503606,8.628624096335662,8.628624096335662,8.628624096335662,7.235889181701197,13.179863404433371,13.179863404433373,3.8474099199795986,3.8474099199795986,3.8474099199795986,13.58496795171211,13.58496795171211,13.58496795171211,13.58496795171211,13.58496795171211,13.584967951712114,13.58496795171211,8.628624096335662,20.203574880043778,13.179863404433371,13.179863404433371,13.179863404433373,13.179863404433371,13.179863404433373,10.319929406503602,10.319929406503602,10.319929406503602,8.628624096335662,13.58496795171211,13.584967951712112,13.179863404433373,20.203574880043778,20.203574880043778,20.203574880043774,20.203574880043778,13.179863404433375,13.179863404433373,10.319929406503602,10.319929406503602,6.083105547433789,13.58496795171211,20.203574880043778,20.203574880043774,20.203574880043778,20.203574880043778,10.319929406503602,8.628624096335662,6.083105547433789,6.083105547433792,7.2358891817011965,2.5451036538045626,10.319929406503602,20.203574880043778,20.203574880043778,13.179863404433373,13.179863404433375,10.319929406503604,10.319929406503604,10.319929406503602,8.628624096335662,2.5451036538045626,13.58496795171211,13.179863404433371,13.179863404433371,13.179863404433371,13.179863404433373,13.179863404433373,13.179863404433375,13.179863404433373,10.319929406503606,10.319929406503604,10.319929406503604,13.58496795171211,8.628624096335662,7.235889181701197,20.203574880043778,13.179863404433375,10.319929406503602,10.319929406503606,10.319929406503602,8.628624096335662,8.628624096335662,6.0831055474337905,13.58496795171211,13.58496795171211,10.319929406503602,2.5451036538045626,13.584967951712112,13.179863404433371,13.179863404433375,13.179863404433373,10.319929406503602,13.179863404433375,20.203574880043774,13.179863404433373,10.319929406503604,10.319929406503604,10.319929406503604,13.58496795171211,20.203574880043778,20.203574880043778,13.179863404433371,13.179863404433373,10.319929406503602,10.319929406503604,10.319929406503606,10.319929406503606,10.319929406503604,10.319929406503602,13.58496795171211,13.58496795171211,13.58496795171211,0.0,20.203574880043778,10.319929406503606,10.319929406503604,10.319929406503602,6.083105547433789,7.235889181701197,13.58496795171211,13.58496795171211,13.58496795171211,7.2358891817011965,13.584967951712112,8.628624096335662,1.0238960926335272,20.203574880043778,10.319929406503604,20.203574880043778,20.203574880043778,13.179863404433371,13.179863404433373,13.179863404433371,10.319929406503604,10.319929406503602,10.319929406503602,3.8474099199795986,13.58496795171211,10.319929406503602,3.8474099199795986,2.5451036538045626,13.179863404433371,20.203574880043778,13.179863404433373,10.319929406503606,10.319929406503604,10.319929406503604,10.319929406503602,10.319929406503602,10.319929406503602,1.0238960926335272,13.58496795171211,13.58496795171211,13.58496795171211,13.179863404433373,13.179863404433375,13.179863404433371,13.179863404433371,10.319929406503604,10.319929406503604,8.62862409633566,13.58496795171211,13.584967951712112,10.319929406503604,7.2358891817011965,1.0238960926335272,7.235889181701197,13.58496795171211
T105,4.1091270316511475,6.958920364456178,20.203574880043778,20.203574880043778,20.203574880043778,20.203574880043778,20.203574880043778,20.203574880043778,20.203574880043778,20.203574880043778,20.203574880043778,20.203574880043778,20.203574880043778,20.203574880043778,1.7499919265196038,2.2858456892075876,6.958920364456176,20.203574880043778,20.203574880043778,20.203574880043778,20.203574880043778,20.203574880043778,20.203574880043778,20.203574880043778,2.2858456892075876,4.1091270316511475,4.1091270316511475,4.843887551276387,6.958920364456178,20.203574880043778,20.203574880043778,20.203574880043778,20.203574880043778,20.203574880043778,20.203574880043778,20.203574880043778,20.203574880043778,20.203574880043778,20.203574880043778,20.203574880043778,20.203574880043778,20.203574880043778,20.203574880043778,20.203574880043778,20.203574880043778,20.203574880043778,20.203574880043778,20.203574880043778,20.203574880043778,20.203574880043778,6.958920364456178,20.203574880043778,20.203574880043778,20.203574880043778,20.203574880043778,20.203574880043778,20.203574880043778,20.203574880043778,20.203574880043778,20.203574880043778,20.203574880043778,20.203574880043778,20.203574880043778,2.0423186267698954,2.2858456892075876,4.1091270316511475,4.843887551276387,20.203574880043778,20.203574880043778,20.203574880043778,20.203574880043778,20.203574880043778,20.203574880043778,4.843887551276387,4.1091270316511475,4.843887551276387,4.843887551276387,20.203574880043778,20.203574880043778,20.203574880043778,20.203574880043778,20.203574880043778,20.203574880043778,20.203574880043778,2.0423186267698954,2.0423186267698954,20.203574880043778,20.203574880043778,20.203574880043778,20.203574880043778,20.203574880043778,20.203574880043778,20.203574880043778,20.203574880043778,20.203574880043778,20.203574880043778,20.203574880043778,20.203574880043778,20.203574880043778,20.203574880043778,20.203574880043778,20.203574880043778,20.203574880043778,20.203574880043778,20.203574880043778,20.203574880043778,20.203574880043778,4.843887551276387,20.203574880043778,20.203574880043778,20.203574880043778,20.203574880043778,20.203574880043778,20.203574880043778,20.203574880043778,20.203574880043778,20.203574880043778,20.203574880043778,20.203574880043778,20.203574880043778,20.203574880043778,20.203574880043778,20.203574880043778,20.203574880043778,20.203574880043778,6.958920364456176,20.203574880043778,20.203574880043778,20.203574880043778,20.203574880043778,20.203574880043778,2.0423186267698954,1.7499919265196038,20.203574880043778,20.203574880043778,20.203574880043778,20.203574880043778,20.203574880043778,20.203574880043778,20.203574880043778,20.203574880043778,20.203574880043778,20.203574880043778,20.203574880043778,20.203574880043778,0.0,20.203574880043778,20.203574880043778,20.203574880043778,20.203574880043778,20.203574880043778,20.203574880043778,20.203574880043778,20.203574880043778,20.203574880043778,20.203574880043778,20.203574880043778,20.203574880043778,8.401082459999703,20.203574880043778,1.7499919265196038,0.3438185380379546,20.203574880043778,20.203574880043778,20.203574880043778,20.203574880043778,20.203574880043778,20.203574880043778,20.203574880043778,20.203574880043778,20.203574880043778,20.203574880043778,20.203574880043778,20.203574880043778,0.2154840768766121,20.203574880043778,20.203574880043778,20.203574880043778,20.203574880043778,20.203574880043778,20.203574880043778,20.203574880043778,20.203574880043778,20.203574880043778,20.203574880043778,20.203574880043778,20.203574880043778,20.203574880043778,20.203574880043778,20.203574880043778,20.203574880043778,20.203574880043778,20.203574880043778,20.203574880043778,20.203574880043778,20.203574880043778,20.203574880043778,20.203574880043778,20.203574880043778,20.203574880043778
T147,20.203574880043778,20.203574880043778,13.179863404433373,7.0226140770735315,13.179863404433375,10.319929406503606,10.319929406503608,13.58496795171211,13.58496795171211,13.58496795171211,13.584967951712112,10.319929406503606,13.584967951712114,7.0226140770735315,20.203574880043778,20.203574880043778,20.203574880043778,8.146882099671767,0.25830072015429395,3.4640706085723734,3.4640706085723734,9.43087362239859,9.43087362239859,10.319929406503606,20.203574880043778,20.203574880043778,20.203574880043778,20.203574880043778,20.203574880043778,7.022614077073533,7.022614077073533,4.931322423087892,4.931322423087893,10.319929406503606,10.319929406503606,10.319929406503606,10.319929406503606,13.179863404433373,13.179863404433375,10.319929406503606,10.319929406503606,10.319929406503606,13.58496795171211,13.584967951712112,13.58496795171211,13.58496795171211,13.58496795171211,13.584967951712114,13.584967951712112,10.319929406503606,20.203574880043778,13.179863404433373,13.179863404433373,13.179863404433375,13.179863404433373,13.179863404433375,4.931322423087891,9.43087362239859,9.43087362239859,10.319929406503606,13.58496795171211,13.584967951712114,13.179863404433375,20.203574880043778,20.203574880043778,20.203574880043778,20.203574880043778,13.179863404433375,13.179863404433375,4.931322423087892,9.43087362239859,10.319929406503606,13.58496795171211,20.203574880043778,20.203574880043778,20.203574880043778,20.203574880043778,9.43087362239859,10.319929406503606,10.319929406503606,10.319929406503606,10.319929406503606,10.319929406503606,7.0226140770735315,20.203574880043778,20.203574880043778,13.179863404433375,13.179863404433375,4.9313224230878925,9.430873622398591,9.43087362239859,10.319929406503606,10.319929406503606,13.58496795171211,13.179863404433373,13.179863404433373,13.179863404433373,13.179863404433375,13.179863404433375,13.179863404433375,13.179863404433375,0.25830072015429395,3.4640706085723734,9.430873622398591,13.58496795171211,10.319929406503606,10.319929406503606,20.203574880043778,13.179863404433375,4.931322423087891,0.10279022892150169,9.43087362239859,10.319929406503606,10.319929406503606,10.319929406503606,13.58496795171211,13.584967951712112,9.43087362239859,10.319929406503606,13.584967951712114,13.179863404433373,13.179863404433375,13.179863404433375,7.0226140770735315,13.179863404433375,20.203574880043778,13.179863404433375,8.146882099671767,7.022614077073533,9.430873622398591,13.58496795171211,20.203574880043778,20.203574880043778,13.179863404433373,13.179863404433375,7.0226140770735315,4.9313224230878925,4.931322423087894,4.931322423087893,3.4640706085723734,9.43087362239859,13.58496795171211,13.58496795171211,13.584967951712112,10.319929406503606,20.203574880043778,0.0,3.4640706085723734,9.43087362239859,10.319929406503606,10.319929406503606,13.584967951712112,13.58496795171211,13.58496795171211,10.319929406503606,13.584967951712114,10.319929406503606,10.319929406503606,20.203574880043778,8.146882099671767,20.203574880043778,20.203574880043778,13.179863404433373,13.179863404433375,13.179863404433373,8.146882099671767,9.43087362239859,9.43087362239859,10.319929406503606,13.584967951712112,9.43087362239859,10.319929406503606,10.319929406503606,13.179863404433373,20.203574880043778,13.179863404433375,7.022614077073533,3.4640706085723734,9.430873622398591,9.43087362239859,9.43087362239859,9.43087362239859,10.319929406503606,13.58496795171211,13.58496795171211,13.584967951712112,13.179863404433375,13.179863404433375,13.179863404433373,13.179863404433373,4.9313224230878925,3.4640706085723734,10.319929406503606,13.58496795171211,13.584967951712114,9.430873622398591,10.319929406503606,10.319929406503606,10.319929406503606,13.58496795171211
T21,20.203574880043774,20.203574880043778,13.179863404433371,7.0226140770735315,13.179863404433375,10.319929406503604,10.319929406503606,13.58496795171211,13.58496795171211,13.58496795171211,13.58496795171211,10.319929406503604,13.584967951712114,7.0226140770735315,20.203574880043778,20.203574880043778,20.203574880043774,8.146882099671767,3.4640706085723734,1.4557773363649713,1.4557773363649713,9.43087362239859,9.43087362239859,10.319929406503606,20.203574880043778,20.203574880043774,20.203574880043774,20.203574880043778,20.203574880043778,7.022614077073533,7.022614077073533,4.931322423087891,4.9313224230878925,10.319929406503606,10.319929406503606,10.319929406503606,10.319929406503606,13.179863404433371,13.179863404433373,10.319929406503604,10.319929406503604,10.319929406503604,13.58496795171211,13.58496795171211,13.58496795171211,13.58496795171211,13.58496795171211,13.584967951712114,13.58496795171211,10.319929406503606,20.203574880043778,13.179863404433371,13.179863404433371,13.179863404433373,13.179863404433371,13.179863404433373,4.931322423087891,9.43087362239859,9.43087362239859,10.319929406503606,13.58496795171211,13.584967951712112,13.179863404433373,20.203574880043778,20.203574880043778,20.203574880043774,20.203574880043778,13.179863404433375,13.179863404433373,4.931322423087891,9.43087362239859,10.319929406503604,13.58496795171211,20.203574880043778,20.203574880043774,20.203574880043778,20.203574880043778,9.43087362239859,10.319929406503606,10.319929406503604,10.319929406503606,10.319929406503604,10.319929406503604,7.0226140770735315,20.203574880043778,20.203574880043778,13.179863404433373,13.179863404433375,4.931322423087892,9.43087362239859,9.43087362239859,10.319929406503606,10.319929406503604,13.58496795171211,13.179863404433371,13.179863404433371,13.179863404433371,13.179863404433373,13.179863404433373,13.179863404433375,13.179863404433373,3.4640706085723734,1.4557773363649713,9.43087362239859,13.58496795171211,10.319929406503606,10.319929406503606,20.203574880043778,13.179863404433375,4.931322423087891,3.4640706085723734,9.43087362239859,10.319929406503606,10.319929406503606,10.319929406503604,13.58496795171211,13.58496795171211,9.43087362239859,10.319929406503604,13.584967951712112,13.179863404433371,13.179863404433375,13.179863404433373,7.0226140770735315,13.179863404433375,20.203574880043774,13.179863404433373,8.146882099671767,7.0226140770735315,9.43087362239859,13.58496795171211,20.203574880043778,20.203574880043778,13.179863404433371,13.179863404433373,7.0226140770735315,4.931322423087892,4.931322423087893,4.9313224230878925,1.5134427452013546,9.43087362239859,13.58496795171211,13.58496795171211,13.58496795171211,10.319929406503604,20.203574880043778,3.4640706085723734,0.0,9.43087362239859,10.319929406503604,10.319929406503606,13.58496795171211,13.58496795171211,13.58496795171211,10.319929406503604,13.584967951712112,10.319929406503606,10.319929406503604,20.203574880043778,8.146882099671767,20.203574880043778,20.203574880043778,13.179863404433371,13.179863404433373,13.179863404433371,8.146882099671767,9.43087362239859,9.43087362239859,10.319929406503604,13.58496795171211,9.43087362239859,10.319929406503604,10.319929406503604,13.179863404433371,20.203574880043778,13.179863404433373,7.022614077073533,1.5134427452013548,9.43087362239859,9.43087362239859,9.43087362239859,9.43087362239859,10.319929406503604,13.58496795171211,13.58496795171211,13.58496795171211,13.179863404433373,13.179863404433375,13.179863404433371,13.179863404433371,4.931322423087892,1.5134427452013548,10.319929406503604,13.58496795171211,13.584967951712112,9.43087362239859,10.319929406503604,10.319929406503604,10.319929406503606,13.58496795171211
T79,20.203574880043774,20.203574880043778,13.179863404433371,9.43087362239859,13.179863404433373,10.319929406503602,10.319929406503606,13.584967951712109,13.584967951712109,13.584967951712109,13.58496795171211,10.319929406503602,13.584967951712112,9.43087362239859,20.203574880043778,20.203574880043778,20.203574880043774,9.43087362239859,9.43087362239859,9.43087362239859,9.43087362239859,7.315471920686967,7.315471920686967,10.319929406503604,20.203574880043778,20.203574880043774,20.203574880043774,20.203574880043778,20.203574880043778,9.43087362239859,9.43087362239859,9.43087362239859,9.43087362239859,10.319929406503604,10.319929406503604,10.319929406503604,10.319929406503604,13.179863404433371,13.179863404433371,10.319929406503602,10.319929406503602,10.319929406503602,13.584967951712109,13.58496795171211,13.58496795171211,13.58496795171211,13.584967951712109,13.584967951712112,13.58496795171211,10.319929406503604,20.203574880043778,13.179863404433371,13.179863404433371,13.179863404433371,13.179863404433371,13.179863404433371,9.43087362239859,7.315471920686967,7.88370570795961,10.319929406503606,13.584967951712109,13.58496795171211,13.179863404433371,20.203574880043778,20.203574880043778,20.203574880043774,20.203574880043778,13.179863404433373,13.179863404433371,9.43087362239859,7.315471920686967,10.319929406503602,13.584967951712109,20.203574880043778,20.203574880043774,20.203574880043778,20.203574880043778,7.315471920686967,10.319929406503604,10.319929406503602,10.319929406503606,10.319929406503602,10.319929406503602,9.43087362239859,20.203574880043778,20.203574880043778,13.179863404433371,13.179863404433375,9.43087362239859,7.549699367992668,7.315471920686967,10.319929406503604,10.319929406503602,13.584967951712109,13.179863404433371,13.179863404433371,13.179863404433371,13.179863404433371,13.179863404433371,13.179863404433375,13.179863404433371,9.43087362239859,9.43087362239859,7.549699367992668,13.58496795171211,10.319929406503604,10.319929406503604,20.203574880043778,13.179863404433375,9.43087362239859,9.43087362239859,2.0897102458216024,10.319929406503606,10.319929406503604,10.319929406503602,13.584967951712109,13.58496795171211,7.315471920686967,10.319929406503602,13.58496795171211,13.179863404433371,13.179863404433373,13.179863404433371,9.43087362239859,13.179863404433373,20.203574880043774,13.179863404433371,9.43087362239859,9.43087362239859,7.549699367992668,13.58496795171211,20.203574880043778,20.203574880043778,13.179863404433371,13.179863404433371,9.43087362239859,9.43087362239859,9.430873622398591,9.43087362239859,9.43087362239859,7.315471920686967,13.58496795171211,13.58496795171211,13.58496795171211,10.319929406503602,20.203574880043778,9.43087362239859,9.43087362239859,0.0,10.319929406503602,10.319929406503604,13.58496795171211,13.58496795171211,13.58496795171211,10.319929406503602,13.58496795171211,10.319929406503606,10.319929406503602,20.203574880043778,9.43087362239859,20.203574880043778,20.203574880043778,13.179863404433371,13.179863404433371,13.179863404433371,9.43087362239859,7.315471920686967,7.315471920686967,10.319929406503602,13.58496795171211,7.315471920686967,10.319929406503602,10.319929406503602,13.179863404433371,20.203574880043778,13.179863404433371,9.43087362239859,9.43087362239859,7.549699367992668,2.0897102458216024,7.315471920686967,7.315471920686967,10.319929406503602,13.58496795171211,13.584967951712109,13.58496795171211,13.179863404433371,13.179863404433375,13.179863404433371,13.179863404433371,9.43087362239859,9.43087362239859,10.319929406503602,13.584967951712109,13.58496795171211,7.549699367992668,10.319929406503602,10.319929406503602,10.319929406503604,13.584967951712109
T189,20.203574880043774,20.203574880043778,13.179863404433371,10.319929406503602,13.179863404433375,6.083105547433789,7.235889181701199,13.58496795171211,13.58496795171211,13.58496795171211,13.58496795171211,7.2358891817011965,13.584967951712114,10.319929406503602,20.203574880043778,20.203574880043778,20.203574880043774,10.319929406503604,10.319929406503606,10.319929406503604,10.319929406503604,10.319929406503602,10.319929406503602,8.628624096335662,20.203574880043778,20.203574880043774,20.203574880043774,20.203574880043778,20.203574880043778,10.319929406503606,10.319929406503606,10.319929406503602,10.319929406503606,8.628624096335662,8.628624096335662,8.628624096335662,7.235889181701197,13.179863404433371,13.179863404433373,6.083105547433789,6.083105547433789,6.083105547433789,13.58496795171211,13.58496795171211,13.58496795171211,13.58496795171211,13.58496795171211,13.584967951712114,13.58496795171211,8.628624096335662,20.203574880043778,13.179863404433371,13.179863404433371,13.179863404433373,13.179863404433371,13.179863404433373,10.319929406503602,10.319929406503602,10.319929406503602,8.628624096335662,13.58496795171211,13.584967951712112,13.179863404433373,20.203574880043778,20.203574880043778,20.203574880043774,20.203574880043778,13.179863404433375,13.179863404433373,10.319929406503602,10.319929406503602,0.378298983162723,13.58496795171211,20.203574880043778,20.203574880043774,20.203574880043778,20.203574880043778,10.319929406503602,8.628624096335662,0.40531891223887834,3.311913351753763,7.2358891817011965,6.083105547433789,10.319929406503602,20.203574880043778,20.203574880043778,13.179863404433373,13.179863404433375,10.319929406503604,10.319929406503604,10.319929406503602,8.628624096335662,6.083105547433789,13.58496795171211,13.179863404433371,13.179863404433371,13.179863404433371,13.179863404433373,13.179863404433373,13.179863404433375,13.179863404433373,10.319929406503606,10.319929406503604,10.319929406503604,13.58496795171211,8.628624096335662,7.235889181701197,20.203574880043778,13.179863404433375,10.319929406503602,10.319929406503606,10.319929406503602,8.628624096335662,8.628624096335662,2.253373479778941,13.58496795171211,13.58496795171211,10.319929406503602,6.083105547433789,13.584967951712112,13.179863404433371,13.179863404433375,13.179863404433373,10.319929406503602,13.179863404433375,20.203574880043774,13.179863404433373,10.319929406503604,10.319929406503604,10.319929406503604,13.58496795171211,20.203574880043778,20.203574880043778,13.179863404433371,13.179863404433373,10.319929406503602,10.319929406503604,10.319929406503606,10.319929406503606,10.319929406503604,10.319929406503602,13.58496795171211,13.58496795171211,13.58496795171211,6.083105547433789,20.203574880043778,10.319929406503606,10.319929406503604,10.319929406503602,0.0,7.235889181701197,13.58496795171211,13.58496795171211,13.58496795171211,7.2358891817011965,13.584967951712112,8.628624096335662,6.083105547433789,20.203574880043778,10.319929406503604,20.203574880043778,20.203574880043778,13.179863404433371,13.179863404433373,13.179863404433371,10.319929406503604,10.319929406503602,10.319929406503602,6.083105547433789,13.58496795171211,10.319929406503602,6.083105547433789,6.083105547433789,13.179863404433371,20.203574880043778,13.179863404433373,10.319929406503606,10.319929406503604,10.319929406503604,10.319929406503602,10.319929406503602,10.319929406503602,6.083105547433789,13.58496795171211,13.58496795171211,13.58496795171211,13.179863404433373,13.179863404433375,13.179863404433371,13.179863404433371,10.319929406503604,10.319929406503604,8.62862409633566,13.58496795171211,13.584967951712112,10.319929406503604,7.2358891817011965,6.083105547433789,7.235889181701197,13.58496795171211
T121,20.203574880043778,20.203574880043778,13.179863404433373,10.319929406503604,13.179863404433375,7.235889181701197,4.41713136719919,13.58496795171211,13.58496795171211,13.58496795171211,13.584967951712112,5.543798773306206,13.584967951712114,10.319929406503604,20.203574880043778,20.203574880043778,20.203574880043778,10.319929406503606,10.319929406503606,10.319929406503606,10.319929406503606,10.319929406503604,10.319929406503604,8.628624096335662,20.203574880043778,20.203574880043778,20.203574880043778,20.203574880043778,20.203574880043778,10.319929406503606,10.319929406503606,10.319929406503604,10.319929406503606,8.628624096335662,8.628624096335662,8.628624096335662,0.8066213895950168,13.179863404433373,13.179863404433375,7.235889181701197,7.235889181701197,7.235889181701197,13.58496795171211,13.584967951712112,13.58496795171211,13.58496795171211,13.58496795171211,13.584967951712114,13.584967951712112,8.628624096335662,20.203574880043778,13.179863404433373,13.179863404433373,13.179863404433375,13.179863404433373,13.179863404433375,10.319929406503604,10.319929406503604,10.319929406503604,8.628624096335662,13.58496795171211,13.584967951712114,13.179863404433375,20.203574880043778,20.203574880043778,20.203574880043778,20.203574880043778,13.179863404433375,13.179863404433375,10.319929406503604,10.319929406503604,7.235889181701197,13.58496795171211,20.203574880043778,20.203574880043778,20.203574880043778,20.203574880043778,10.319929406503604,8.628624096335662,7.235889181701197,7.235889181701199,4.417131367199187,7.235889181701197,10.319929406503604,20.203574880043778,20.203574880043778,13.179863404433375,13.179863404433375,10.319929406503606,10.319929406503606,10.319929406503604,8.628624096335662,7.235889181701197,13.58496795171211,13.179863404433373,13.179863404433373,13.179863404433373,13.179863404433375,13.179863404433375,13.179863404433375,13.179863404433375,10.319929406503606,10.319929406503606,10.319929406503606,13.58496795171211,8.628624096335662,0.3768389053521235,20.203574880043778,13.179863404433375,10.319929406503604,10.319929406503606,10.319929406503604,8.628624096335662,8.628624096335662,7.235889181701197,13.58496795171211,13.584967951712112,10.319929406503604,7.235889181701197,13.584967951712114,13.179863404433373,13.179863404433375,13.179863404433375,10.319929406503604,13.179863404433375,20.203574880043778,13.179863404433375,10.319929406503606,10.319929406503606,10.319929406503606,13.58496795171211,20.203574880043778,20.203574880043778,13.179863404433373,13.179863404433375,10.319929406503604,10.319929406503606,10.319929406503606,10.319929406503606,10.319929406503606,10.319929406503604,13.58496795171211,13.58496795171211,13.584967951712112,7.235889181701197,20.203574880043778,10.319929406503606,10.319929406503606,10.319929406503604,7.235889181701197,0.0,13.584967951712112,13.58496795171211,13.58496795171211,4.417131367199187,13.584967951712114,8.628624096335662,7.235889181701197,20.203574880043778,10.319929406503606,20.203574880043778,20.203574880043778,13.179863404433373,13.179863404433375,13.179863404433373,10.319929406503606,10.319929406503604,10.319929406503604,7.235889181701197,13.584967951712112,10.319929406503604,7.235889181701197,7.235889181701197,13.179863404433373,20.203574880043778,13.179863404433375,10.319929406503606,10.319929406503606,10.319929406503606,10.319929406503604,10.319929406503604,10.319929406503604,7.235889181701197,13.58496795171211,13.58496795171211,13.584967951712112,13.179863404433375,13.179863404433375,13.179863404433373,13.179863404433373,10.319929406503606,10.319929406503606,8.62862409633566,13.58496795171211,13.584967951712114,10.319929406503606,5.543798773306206,7.235889181701197,4.417131367199188,13.58496795171211
T37,20.203574880043778,20.203574880043778,13.58496795171211,13.58496795171211,13.584967951712112,13.58496795171211,13.584967951712114,10.957120558947592,10.957120558947592,10.957120558947592,0.9766682901858746,13.58496795171211,10.034029962226901,13.58496795171211,20.203574880043778,20.203574880043778,20.203574880043778,13.58496795171211,13.584967951712112,13.58496795171211,13.58496795171211,13.58496795171211,13.58496795171211,13.584967951712112,20.203574880043778,20.203574880043778,20.203574880043778,20.203574880043778,20.203574880043778,13.584967951712112,13.584967951712112,13.58496795171211,13.584967951712112,13.584967951712112,13.584967951712112,13.584967951712112,13.584967951712112,13.58496795171211,13.58496795171211,13.58496795171211,13.58496795171211,13.58496795171211,10.957120558947592,10.0340299622269,3.8591075589156874,3.7986339010459864,10.957120558947592,10.034029962226901,0.1575759541672679,13.584967951712112,20.203574880043778,13.58496795171211,13.58496795171211,13.58496795171211,13.58496795171211,13.58496795171211,13.58496795171211,13.58496795171211,13.58496795171211,13.584967951712114,10.957120558947592,10.0340299622269,13.58496795171211,20.203574880043778,20.203574880043778,20.203574880043778,20.203574880043778,13.584967951712112,13.58496795171211,13.58496795171211,13.58496795171211,13.58496795171211,10.957120558947592,20.203574880043778,20.203574880043778,20.203574880043778,20.203574880043778,13.58496795171211,13.584967951712112,13.58496795171211,13.584967951712114,13.58496795171211,13.58496795171211,13.58496795171211,20.203574880043778,20.203574880043778,13.58496795171211,13.584967951712114,13.58496795171211,13.58496795171211,13.58496795171211,13.584967951712112,13.58496795171211,10.957120558947592,13.58496795171211,13.58496795171211,13.58496795171211,13.58496795171211,13.58496795171211,13.584967951712114,13.58496795171211,13.584967951712112,13.58496795171211,13.58496795171211,3.8591075589156874,13.584967951712112,13.584967951712112,20.203574880043778,13.584967951712114,13.58496795171211,13.584967951712112,13.58496795171211,13.584967951712114,13.584967951712112,13.58496795171211,10.957120558947592,0.9766682901858746,13.58496795171211,13.58496795171211,10.0340299622269,13.58496795171211,13.584967951712112,13.58496795171211,13.58496795171211,13.584967951712112,20.203574880043778,13.58496795171211,13.58496795171211,13.58496795171211,13.58496795171211,3.8591075589156874,20.203574880043778,20.203574880043778,13.58496795171211,13.58496795171211,13.58496795171211,13.58496795171211,13.584967951712114,13.584967951712112,13.58496795171211,13.58496795171211,10.957120558947592,10.957120558947592,10.0340299622269,13.58496795171211,20.203574880043778,13.584967951712112,13.58496795171211,13.58496795171211,13.58496795171211,13.584967951712112,0.0,3.7986339010459864,3.7986339010459864,13.58496795171211,10.0340299622269,13.584967951712114,13.58496795171211,20.203574880043778,13.58496795171211,20.203574880043778,20.203574880043778,13.58496795171211,13.58496795171211,13.58496795171211,13.58496795171211,13.58496795171211,13.58496795171211,13.58496795171211,3.798633901045987,13.58496795171211,13.58496795171211,13.58496795171211,13.58496795171211,20.203574880043778,13.58496795171211,13.584967951712112,13.58496795171211,13.58496795171211,13.58496795171211,13.58496795171211,13.58496795171211,13.58496795171211,3.8591075589156874,10.957120558947592,0.7445408795938808,13.58496795171211,13.584967951712114,13.58496795171211,13.58496795171211,13.58496795171211,13.58496795171211,13.58496795171211,10.957120558947592,10.0340299622269,13.58496795171211,13.58496795171211,13.58496795171211,13.584967951712112,10.957120558947592
T63,20.203574880043774,20.203574880043778,13.58496795171211,13.58496795171211,13.58496795171211,13.58496795171211,13.584967951712114,10.957120558947592,10.957120558947592,10.957120558947592,3.7986339010459864,13.58496795171211,10.0340299622269,13.58496795171211,20.203574880043778,20.203574880043778,20.203574880043774,13.58496795171211,13.58496795171211,13.58496795171211,13.58496795171211,13.58496795171211,13.58496795171211,13.58496795171211,20.203574880043778,20.203574880043774,20.203574880043774,20.203574880043778,20.203574880043778,13.58496795171211,13.58496795171211,13.58496795171211,13.58496795171211,13.58496795171211,13.58496795171211,13.58496795171211,13.58496795171211,13.58496795171211,13.58496795171211,13.58496795171211,13.58496795171211,13.58496795171211,10.957120558947592,10.0340299622269,3.8591075589156874,1.2857228832268732,10.957120558947592,10.0340299622269,3.7986339010459864,13.58496795171211,20.203574880043778,13.58496795171211,13.58496795171211,13.58496795171211,13.58496795171211,13.58496795171211,13.58496795171211,13.58496795171211,13.58496795171211,13.584967951712112,10.957120558947592,10.0340299622269,13.58496795171211,20.203574880043778,20.203574880043778,20.203574880043774,20.203574880043778,13.58496795171211,13.58496795171211,13.58496795171211,13.58496795171211,13.58496795171211,10.957120558947592,20.203574880043778,20.203574880043774,20.203574880043778,20.203574880043778,13.58496795171211,13.58496795171211,13.58496795171211,13.584967951712112,13.58496795171211,13.58496795171211,13.58496795171211,20.203574880043778,20.203574880043778,13.58496795171211,13.584967951712112,13.58496795171211,13.58496795171211,13.58496795171211,13.58496795171211,13.58496795171211,10.957120558947592,13.58496795171211,13.58496795171211,13.58496795171211,13.58496795171211,13.58496795171211,13.584967951712112,13.58496795171211,13.58496795171211,13.58496795171211,13.58496795171211,3.8591075589156874,13.58496795171211,13.58496795171211,20.203574880043778,13.584967951712112,13.58496795171211,13.58496795171211,13.58496795171211,13.584967951712112,13.58496795171211,13.58496795171211,10.957120558947592,3.7986339010459864,13.58496795171211,13.58496795171211,10.0340299622269,13.58496795171211,13.58496795171211,13.58496795171211,13.58496795171211,13.58496795171211,20.203574880043774,13.58496795171211,13.58496795171211,13.58496795171211,13.58496795171211,3.8591075589156874,20.203574880043778,20.203574880043778,13.58496795171211,13.58496795171211,13.58496795171211,13.58496795171211,13.584967951712112,13.58496795171211,13.58496795171211,13.58496795171211,10.957120558947592,10.957120558947592,10.0340299622269,13.58496795171211,20.203574880043778,13.58496795171211,13.58496795171211,13.58496795171211,13.58496795171211,13.58496795171211,3.7986339010459864,0.0,0.8327119244795197,13.58496795171211,10.0340299622269,13.584967951712112,13.58496795171211,20.203574880043778,13.58496795171211,20.203574880043778,20.203574880043778,13.58496795171211,13.58496795171211,13.58496795171211,13.58496795171211,13.58496795171211,13.58496795171211,13.58496795171211,1.1413131714185194,13.58496795171211,13.58496795171211,13.58496795171211,13.58496795171211,20.203574880043778,13.58496795171211,13.58496795171211,13.58496795171211,13.58496795171211,13.58496795171211,13.58496795171211,13.58496795171211,13.58496795171211,3.8591075589156874,10.957120558947592,3.7986339010459864,13.58496795171211,13.584967951712112,13.58496795171211,13.58496795171211,13.58496795171211,13.58496795171211,13.58496795171211,10.957120558947592,10.0340299622269,13.58496795171211,13.58496795171211,13.58496795171211,13.58496795171211,10.957120558947592
T163,20.203574880043774,20.203574880043778,13.58496795171211,13.58496795171211,13.58496795171211,13.58496795171211,13.584967951712114,10.957120558947592,10.957120558947592,10.957120558947592,3.7986339010459864,13.58496795171211,10.0340299622269,13.58496795171211,20.203574880043778,20.203574880043778,20.203574880043774,13.58496795171211,13.58496795171211,13.58496795171211,13.58496795171211,13.58496795171211,13.58496795171211,13.58496795171211,20.203574880043778,20.203574880043774,20.203574880043774,20.203574880043778,20.203574880043778,13.58496795171211,13.58496795171211,13.58496795171211,13.58496795171211,13.58496795171211,13.58496795171211,13.58496795171211,13.58496795171211,13.58496795171211,13.58496795171211,13.58496795171211,13.58496795171211,13.58496795171211,10.957120558947592,10.0340299622269,3.8591075589156874,1.2857228832268732,10.957120558947592,10.0340299622269,3.7986339010459864,13.58496795171211,20.203574880043778,13.58496795171211,13.58496795171211,13.58496795171211,13.58496795171211,13.58496795171211,13.58496795171211,13.58496795171211,13.58496795171211,13.584967951712112,10.957120558947592,10.0340299622269,13.58496795171211,20.203574880043778,20.203574880043778,20.203574880043774,20.203574880043778,13.58496795171211,13.58496795171211,13.58496795171211,13.58496795171211,13.58496795171211,10.957120558947592,20.203574880043778,20.203574880043774,20.203574880043778,20.203574880043778,13.58496795171211,13.58496795171211,13.58496795171211,13.584967951712112,13.58496795171211,13.58496795171211,13.58496795171211,20.203574880043778,20.203574880043778,13.58496795171211,13.584967951712112,13.58496795171211,13.58496795171211,13.58496795171211,13.58496795171211,13.58496795171211,10.957120558947592,13.58496795171211,13.58496795171211,13.58496795171211,13.58496795171211,13.58496795171211,13.584967951712112,13.58496795171211,13.58496795171211,13.58496795171211,13.58496795171211,3.8591075589156874,13.58496795171211,13.58496795171211,20.203574880043778,13.584967951712112,13.58496795171211,13.58496795171211,13.58496795171211,13.584967951712112,13.58496795171211,13.58496795171211,10.957120558947592,3.7986339010459864,13.58496795171211,13.58496795171211,10.0340299622269,13.58496795171211,13.58496795171211,13.58496795171211,13.58496795171211,13.58496795171211,20.203574880043774,13.58496795171211,13.58496795171211,13.58496795171211,13.58496795171211,3.8591075589156874,20.203574880043778,20.203574880043778,13.58496795171211,13.58496795171211,13.58496795171211,13.58496795171211,13.584967951712112,13.58496795171211,13.58496795171211,13.58496795171211,10.957120558947592,10.957120558947592,10.0340299622269,13.58496795171211,20.203574880043778,13.58496795171211,13.58496795171211,13.58496795171211,13.58496795171211,13.58496795171211,3.7986339010459864,0.8327119244795197,0.0,13.58496795171211,10.0340299622269,13.584967951712112,13.58496795171211,20.203574880043778,13.58496795171211,20.203574880043778,20.203574880043778,13.58496795171211,13.58496795171211,13.58496795171211,13.58496795171211,13.58496795171211,13.58496795171211,13.58496795171211,1.1413131714185194,13.58496795171211,13.58496795171211,13.58496795171211,13.58496795171211,20.203574880043778,13.58496795171211,13.58496795171211,13.58496795171211,13.58496795171211,13.58496795171211,13.58496795171211,13.58496795171211,13.58496795171211,3.8591075589156874,10.957120558947592,3.7986339010459864,13.58496795171211,13.584967951712112,13.58496795171211,13.58496795171211,13.58496795171211,13.58496795171211,13.58496795171211,10.957120558947592,10.0340299622269,13.58496795171211,13.58496795171211,13.58496795171211,13.58496795171211,10.957120558947592
T31,20.203574880043774,20.203574880043778,13.179863404433371,10.319929406503602,13.179863404433375,7.2358891817011965,2.7477283664566623,13.58496795171211,13.58496795171211,13.58496795171211,13.58496795171211,5.5437987733062055,13.584967951712114,10.319929406503602,20.203574880043778,20.203574880043778,20.203574880043774,10.319929406503604,10.319929406503606,10.319929406503604,10.319929406503604,10.319929406503602,10.319929406503602,8.62862409633566,20.203574880043778,20.203574880043774,20.203574880043774,20.203574880043778,20.203574880043778,10.319929406503606,10.319929406503606,10.319929406503602,10.319929406503606,8.62862409633566,8.62862409633566,8.62862409633566,4.417131367199187,13.179863404433371,13.179863404433373,7.2358891817011965,7.2358891817011965,7.2358891817011965,13.58496795171211,13.58496795171211,13.58496795171211,13.58496795171211,13.58496795171211,13.584967951712114,13.58496795171211,8.62862409633566,20.203574880043778,13.179863404433371,13.179863404433371,13.179863404433373,13.179863404433371,13.179863404433373,10.319929406503602,10.319929406503602,10.319929406503602,8.628624096335662,13.58496795171211,13.584967951712112,13.179863404433373,20.203574880043778,20.203574880043778,20.203574880043774,20.203574880043778,13.179863404433375,13.179863404433373,10.319929406503602,10.319929406503602,7.2358891817011965,13.58496795171211,20.203574880043778,20.203574880043774,20.203574880043778,20.203574880043778,10.319929406503602,8.62862409633566,7.2358891817011965,7.235889181701198,0.8972918913866754,7.2358891817011965,10.319929406503602,20.203574880043778,20.203574880043778,13.179863404433373,13.179863404433375,10.319929406503604,10.319929406503604,10.319929406503602,8.62862409633566,7.2358891817011965,13.58496795171211,13.179863404433371,13.179863404433371,13.179863404433371,13.179863404433373,13.179863404433373,13.179863404433375,13.179863404433373,10.319929406503606,10.319929406503604,10.319929406503604,13.58496795171211,8.62862409633566,4.417131367199187,20.203574880043778,13.179863404433375,10.319929406503602,10.319929406503606,10.319929406503602,8.628624096335662,8.62862409633566,7.2358891817011965,13.58496795171211,13.58496795171211,10.319929406503602,7.2358891817011965,13.584967951712112,13.179863404433371,13.179863404433375,13.179863404433373,10.319929406503602,13.179863404433375,20.203574880043774,13.179863404433373,10.319929406503604,10.319929406503604,10.319929406503604,13.58496795171211,20.203574880043778,20.203574880043778,13.179863404433371,13.179863404433373,10.319929406503602,10.319929406503604,10.319929406503606,10.319929406503606,10.319929406503604,10.319929406503602,13.58496795171211,13.58496795171211,13.58496795171211,7.2358891817011965,20.203574880043778,10.319929406503606,10.319929406503604,10.319929406503602,7.2358891817011965,4.417131367199187,13.58496795171211,13.58496795171211,13.58496795171211,0.0,13.584967951712112,8.628624096335662,7.2358891817011965,20.203574880043778,10.319929406503604,20.203574880043778,20.203574880043778,13.179863404433371,13.179863404433373,13.179863404433371,10.319929406503604,10.319929406503602,10.319929406503602,7.2358891817011965,13.58496795171211,10.319929406503602,7.2358891817011965,7.2358891817011965,13.179863404433371,20.203574880043778,13.179863404433373,10.319929406503606,10.319929406503604,10.319929406503604,10.319929406503602,10.319929406503602,10.319929406503602,7.2358891817011965,13.58496795171211,13.58496795171211,13.58496795171211,13.179863404433373,13.179863404433375,13.179863404433371,13.179863404433371,10.319929406503604,10.319929406503604,8.62862409633566,13.58496795171211,13.584967951712112,10.319929406503604,5.5437987733062055,7.2358891817011965,3.5289014248001975,13.58496795171211
T170,20.203574880043778,20.20357488004378,13.58496795171211,13.58496795171211,13.584967951712114,13.584967951712112,13.584967951712114,10.957120558947592,10.957120558947592,10.957120558947592,10.0340299622269,13.584967951712112,3.349521098348076,13.58496795171211,20.203574880043778,20.203574880043778,20.203574880043778,13.584967951712112,13.584967951712114,13.584967951712112,13.584967951712112,13.58496795171211,13.58496795171211,13.584967951712114,20.203574880043778,20.203574880043778,20.203574880043778,20.203574880043778,20.20357488004378,13.584967951712114,13.584967951712114,13.58496795171211,13.584967951712114,13.584967951712114,13.584967951712114,13.584967951712114,13.584967951712114,13.58496795171211,13.584967951712112,13.584967951712112,13.584967951712112,13.584967951712112,10.957120558947592,8.720874581645319,10.0340299622269,10.0340299622269,10.957120558947592,8.72087458164532,10.0340299622269,13.584967951712114,20.20357488004378,13.58496795171211,13.58496795171211,13.584967951712112,13.58496795171211,13.584967951712112,13.58496795171211,13.58496795171211,13.58496795171211,13.584967951712114,10.957120558947592,0.13993866556003143,13.584967951712112,20.203574880043778,20.203574880043778,20.203574880043778,20.203574880043778,13.584967951712114,13.584967951712112,13.58496795171211,13.58496795171211,13.584967951712112,10.957120558947592,20.203574880043778,20.203574880043778,20.203574880043778,20.203574880043778,13.58496795171211,13.584967951712114,13.584967951712112,13.584967951712114,13.584967951712112,13.584967951712112,13.58496795171211,20.203574880043778,20.203574880043778,13.584967951712112,13.584967951712114,13.584967951712112,13.584967951712112,13.58496795171211,13.584967951712114,13.584967951712112,10.957120558947592,13.58496795171211,13.58496795171211,13.58496795171211,13.584967951712112,13.584967951712112,13.584967951712114,13.584967951712112,13.584967951712114,13.584967951712112,13.584967951712112,10.0340299622269,13.584967951712114,13.584967951712114,20.203574880043778,13.584967951712114,13.58496795171211,13.584967951712114,13.58496795171211,13.584967951712114,13.584967951712114,13.584967951712112,10.957120558947592,10.0340299622269,13.58496795171211,13.584967951712112,3.3495210983480757,13.58496795171211,13.584967951712114,13.584967951712112,13.58496795171211,13.584967951712114,20.203574880043778,13.584967951712112,13.584967951712112,13.584967951712112,13.584967951712112,10.0340299622269,20.203574880043778,20.203574880043778,13.58496795171211,13.584967951712112,13.58496795171211,13.584967951712112,13.584967951712114,13.584967951712114,13.584967951712112,13.58496795171211,10.957120558947594,10.957120558947594,8.720874581645319,13.584967951712112,20.203574880043778,13.584967951712114,13.584967951712112,13.58496795171211,13.584967951712112,13.584967951712114,10.0340299622269,10.0340299622269,10.0340299622269,13.584967951712112,0.0,13.584967951712114,13.584967951712112,20.20357488004378,13.584967951712112,20.203574880043778,20.203574880043778,13.58496795171211,13.584967951712112,13.58496795171211,13.584967951712112,13.58496795171211,13.58496795171211,13.584967951712112,10.0340299622269,13.58496795171211,13.584967951712112,13.584967951712112,13.58496795171211,20.203574880043778,13.584967951712112,13.584967951712114,13.584967951712112,13.584967951712112,13.58496795171211,13.58496795171211,13.58496795171211,13.584967951712112,10.0340299622269,10.957120558947592,10.0340299622269,13.584967951712112,13.584967951712114,13.58496795171211,13.58496795171211,13.584967951712112,13.584967951712112,13.584967951712112,10.957120558947592,3.3495210983480757,13.584967951712112,13.584967951712112,13.584967951712112,13.584967951712114,10.957120558947592
T13,20.203574880043778,20.20357488004378,13.179863404433375,10.319929406503606,13.179863404433375,8.628624096335662,8.628624096335663,13.58496795171211,13.58496795171211,13.58496795171211,13.584967951712114,8.628624096335662,13.584967951712114,10.319929406503606,20.203574880043778,20.203574880043778,20.203574880043778,10.319929406503606,10.319929406503606,10.319929406503606,10.319929406503606,10.319929406503606,10.319929406503606,6.102844446589004,20.203574880043778,20.203574880043778,20.203574880043778,20.203574880043778,20.20357488004378,10.319929406503606,10.319929406503606,10.319929406503606,10.319929406503606,5.081186830526827,5.081186830526827,6.102844446589004,8.628624096335662,13.179863404433375,13.179863404433375,8.628624096335662,8.628624096335662,8.628624096335662,13.58496795171211,13.584967951712114,13.584967951712112,13.584967951712112,13.58496795171211,13.584967951712114,13.584967951712114,5.081186830526827,20.20357488004378,13.179863404433375,13.179863404433375,13.179863404433375,13.179863404433375,13.179863404433375,10.319929406503606,10.319929406503606,10.319929406503606,6.102844446589004,13.58496795171211,13.584967951712114,13.179863404433375,20.203574880043778,20.203574880043778,20.203574880043778,20.203574880043778,13.179863404433375,13.179863404433375,10.319929406503606,10.319929406503606,8.628624096335662,13.58496795171211,20.203574880043778,20.203574880043778,20.203574880043778,20.203574880043778,10.319929406503606,5.081186830526827,8.628624096335662,8.628624096335663,8.628624096335662,8.628624096335662,10.319929406503606,20.203574880043778,20.203574880043778,13.179863404433375,13.179863404433377,10.319929406503606,10.319929406503606,10.319929406503606,5.081186830526827,8.628624096335662,13.58496795171211,13.179863404433375,13.179863404433375,13.179863404433375,13.179863404433375,13.179863404433375,13.179863404433377,13.179863404433375,10.319929406503606,10.319929406503606,10.319929406503606,13.584967951712112,5.081186830526827,8.628624096335662,20.203574880043778,13.179863404433377,10.319929406503606,10.319929406503606,10.319929406503606,6.102844446589004,5.081186830526827,8.628624096335662,13.58496795171211,13.584967951712114,10.319929406503606,8.628624096335662,13.584967951712114,13.179863404433375,13.179863404433375,13.179863404433375,10.319929406503606,13.179863404433375,20.203574880043778,13.179863404433375,10.319929406503606,10.319929406503606,10.319929406503606,13.584967951712112,20.203574880043778,20.203574880043778,13.179863404433375,13.179863404433375,10.319929406503606,10.319929406503606,10.319929406503608,10.319929406503606,10.319929406503606,10.319929406503606,13.584967951712112,13.584967951712112,13.584967951712114,8.628624096335662,20.203574880043778,10.319929406503606,10.319929406503606,10.319929406503606,8.628624096335662,8.628624096335662,13.584967951712114,13.584967951712112,13.584967951712112,8.628624096335662,13.584967951712114,0.0,8.628624096335662,20.20357488004378,10.319929406503606,20.203574880043778,20.203574880043778,13.179863404433375,13.179863404433375,13.179863404433375,10.319929406503606,10.319929406503606,10.319929406503606,8.628624096335662,13.584967951712114,10.319929406503606,8.628624096335662,8.628624096335662,13.179863404433375,20.203574880043778,13.179863404433375,10.319929406503606,10.319929406503606,10.319929406503606,10.319929406503606,10.319929406503606,10.319929406503606,8.628624096335662,13.584967951712112,13.58496795171211,13.584967951712114,13.179863404433375,13.179863404433377,13.179863404433375,13.179863404433375,10.319929406503606,10.319929406503606,3.20735102806048,13.58496795171211,13.584967951712114,10.319929406503606,8.628624096335662,8.628624096335662,8.628624096335662,13.58496795171211
T90,20.203574880043774,20.203574880043778,13.179863404433371,10.319929406503602,13.179863404433375,0.017835115358433424,7.235889181701199,13.58496795171211,13.58496795171211,13.58496795171211,13.58496795171211,7.2358891817011965,13.584967951712114,10.319929406503602,20.203574880043778,20.203574880043778,20.203574880043774,10.319929406503604,10.319929406503606,10.319929406503604,10.319929406503604,10.319929406503602,10.319929406503602,8.628624096335662,20.203574880043778,20.203574880043774,20.203574880043774,20.203574880043778,20.203574880043778,10.319929406503606,10.319929406503606,10.319929406503602,10.319929406503606,8.628624096335662,8.628624096335662,8.628624096335662,7.235889181701197,13.179863404433371,13.179863404433373,3.847409919979598,3.847409919979598,3.847409919979598,13.58496795171211,13.58496795171211,13.58496795171211,13.58496795171211,13.58496795171211,13.584967951712114,13.58496795171211,8.628624096335662,20.203574880043778,13.179863404433371,13.179863404433371,13.179863404433373,13.179863404433371,13.179863404433373,10.319929406503602,10.319929406503602,10.319929406503602,8.628624096335662,13.58496795171211,13.584967951712112,13.179863404433373,20.203574880043778,20.203574880043778,20.203574880043774,20.203574880043778,13.179863404433375,13.179863404433373,10.319929406503602,10.319929406503602,6.083105547433789,13.58496795171211,20.203574880043778,20.203574880043774,20.203574880043778,20.203574880043778,10.319929406503602,8.628624096335662,6.083105547433789,6.0831055474337905,7.2358891817011965,2.5451036538045626,10.319929406503602,20.203574880043778,20.203574880043778,13.179863404433373,13.179863404433375,10.319929406503604,10.319929406503604,10.319929406503602,8.628624096335662,2.5451036538045626,13.58496795171211,13.179863404433371,13.179863404433371,13.179863404433371,13.179863404433373,13.179863404433373,13.179863404433375,13.179863404433373,10.319929406503606,10.319929406503604,10.319929406503604,13.58496795171211,8.628624096335662,7.235889181701197,20.203574880043778,13.179863404433375,10.319929406503602,10.319929406503606,10.319929406503602,8.628624096335662,8.628624096335662,6.083105547433789,13.58496795171211,13.58496795171211,10.319929406503602,2.5451036538045626,13.584967951712112,13.179863404433371,13.179863404433375,13.179863404433373,10.319929406503602,13.179863404433375,20.203574880043774,13.179863404433373,10.319929406503604,10.319929406503604,10.319929406503604,13.58496795171211,20.203574880043778,20.203574880043778,13.179863404433371,13.179863404433373,10.319929406503602,10.319929406503604,10.319929406503606,10.319929406503606,10.319929406503604,10.319929406503602,13.58496795171211,13.58496795171211,13.58496795171211,1.0238960926335272,20.203574880043778,10.319929406503606,10.319929406503604,10.319929406503602,6.083105547433789,7.235889181701197,13.58496795171211,13.58496795171211,13.58496795171211,7.2358891817011965,13.584967951712112,8.628624096335662,0.0,20.203574880043778,10.319929406503604,20.203574880043778,20.203574880043778,13.179863404433371,13.179863404433373,13.179863404433371,10.319929406503604,10.319929406503602,10.319929406503602,3.847409919979598,13.58496795171211,10.319929406503602,3.847409919979598,2.5451036538045626,13.179863404433371,20.203574880043778,13.179863404433373,10.319929406503606,10.319929406503604,10.319929406503604,10.319929406503602,10.319929406503602,10.319929406503602,0.3381819878133253,13.58496795171211,13.58496795171211,13.58496795171211,13.179863404433373,13.179863404433375,13.179863404433371,13.179863404433371,10.319929406503604,10.319929406503604,8.62862409633566,13.58496795171211,13.584967951712112,10.319929406503604,7.2358891817011965,0.3381819878133253,7.235889181701197,13.58496795171211
T132,8.401082459999701,8.401082459999703,20.203574880043778,20.203574880043778,20.203574880043778,20.203574880043778,20.20357488004378,20.203574880043778,20.203574880043778,20.203574880043778,20.203574880043778,20.203574880043778,20.20357488004378,20.203574880043778,8.401082459999703,8.401082459999703,8.401082459999701,20.203574880043778,20.203574880043778,20.203574880043778,20.203574880043778,20.203574880043778,20.203574880043778,20.203574880043778,8.401082459999703,8.401082459999701,8.401082459999701,8.401082459999703,8.401082459999703,20.203574880043778,20.203574880043778,20.203574880043778,20.203574880043778,20.203574880043778,20.203574880043778,20.203574880043778,20.203574880043778,20.203574880043778,20.203574880043778,20.203574880043778,20.203574880043778,20.203574880043778,20.203574880043778,20.203574880043778,20.203574880043778,20.203574880043778,20.203574880043778,20.20357488004378,20.203574880043778,20.203574880043778,8.401082459999703,20.203574880043778,20.203574880043778,20.203574880043778,20.203574880043778,20.203574880043778,20.203574880043778,20.203574880043778,20.203574880043778,20.20357488004378,20.203574880043778,20.20357488004378,20.203574880043778,8.401082459999703,8.401082459999703,8.401082459999701,8.401082459999703,20.203574880043778,20.203574880043778,20.203574880043778,20.203574880043778,20.203574880043778,20.203574880043778,8.401082459999703,8.401082459999701,8.401082459999703,8.401082459999703,20.203574880043778,20.203574880043778,20.203574880043778,20.20357488004378,20.203574880043778,20.203574880043778,20.203574880043778,8.401082459999703,8.401082459999703,20.203574880043778,20.20357488004378,20.203574880043778,20.203574880043778,20.203574880043778,20.203574880043778,20.203574880043778,20.203574880043778,20.203574880043778,20.203574880043778,20.203574880043778,20.203574880043778,20.203574880043778,20.20357488004378,20.203574880043778,20.203574880043778,20.203574880043778,20.203574880043778,20.203574880043778,20.203574880043778,20.203574880043778,8.401082459999703,20.20357488004378,20.203574880043778,20.203574880043778,20.203574880043778,20.20357488004378,20.203574880043778,20.203574880043778,20.203574880043778,20.203574880043778,20.203574880043778,20.203574880043778,20.20357488004378,20.203574880043778,20.203574880043778,20.203574880043778,20.203574880043778,20.203574880043778,8.401082459999701,20.203574880043778,20.203574880043778,20.203574880043778,20.203574880043778,20.203574880043778,8.401082459999703,8.401082459999703,20.203574880043778,20.203574880043778,20.203574880043778,20.203574880043778,20.20357488004378,20.203574880043778,20.203574880043778,20.203574880043778,20.203574880043778,20.203574880043778,20.203574880043778,20.203574880043778,8.401082459999703,20.203574880043778,20.203574880043778,20.203574880043778,20.203574880043778,20.203574880043778,20.203574880043778,20.203574880043778,20.203574880043778,20.203574880043778,20.20357488004378,20.20357488004378,20.203574880043778,0.0,20.203574880043778,8.401082459999703,8.401082459999703,20.203574880043778,20.203574880043778,20.203574880043778,20.203574880043778,20.203574880043778,20.203574880043778,20.203574880043778,20.203574880043778,20.203574880043778,20.203574880043778,20.203574880043778,20.203574880043778,8.401082459999703,20.203574880043778,20.203574880043778,20.203574880043778,20.203574880043778,20.203574880043778,20.203574880043778,20.203574880043778,20.203574880043778,20.203574880043778,20.203574880043778,20.203574880043778,20.203574880043778,20.20357488004378,20.203574880043778,20.203574880043778,20.203574880043778,20.203574880043778,20.203574880043778,20.203574880043778,20.20357488004378,20.203574880043778,20.203574880043778,20.203574880043778,20.203574880043778,20.203574880043778
T48,20.203574880043774,20.203574880043778,13.179863404433371,8.146882099671766,13.179863404433375,10.319929406503604,10.319929406503606,13.58496795171211,13.58496795171211,13.58496795171211,13.58496795171211,10.319929406503604,13.584967951712114,8.146882099671766,20.203574880043778,20.203574880043778,20.203574880043774,0.6144774955096837,8.146882099671767,8.146882099671767,8.146882099671767,9.43087362239859,9.43087362239859,10.319929406503606,20.203574880043778,20.203574880043774,20.203574880043774,20.203574880043778,20.203574880043778,8.146882099671767,8.146882099671767,8.146882099671766,8.146882099671767,10.319929406503606,10.319929406503606,10.319929406503606,10.319929406503606,13.179863404433371,13.179863404433373,10.319929406503604,10.319929406503604,10.319929406503604,13.58496795171211,13.58496795171211,13.58496795171211,13.58496795171211,13.58496795171211,13.584967951712114,13.58496795171211,10.319929406503606,20.203574880043778,13.179863404433371,13.179863404433371,13.179863404433373,13.179863404433371,13.179863404433373,8.146882099671766,9.43087362239859,9.43087362239859,10.319929406503606,13.58496795171211,13.584967951712112,13.179863404433373,20.203574880043778,20.203574880043778,20.203574880043774,20.203574880043778,13.179863404433375,13.179863404433373,8.146882099671766,9.43087362239859,10.319929406503604,13.58496795171211,20.203574880043778,20.203574880043774,20.203574880043778,20.203574880043778,9.43087362239859,10.319929406503606,10.319929406503604,10.319929406503606,10.319929406503604,10.319929406503604,8.146882099671766,20.203574880043778,20.203574880043778,13.179863404433373,13.179863404433375,8.146882099671767,9.43087362239859,9.43087362239859,10.319929406503606,10.319929406503604,13.58496795171211,13.179863404433371,13.179863404433371,13.179863404433371,13.179863404433373,13.179863404433373,13.179863404433375,13.179863404433373,8.146882099671767,8.146882099671767,9.43087362239859,13.58496795171211,10.319929406503606,10.319929406503606,20.203574880043778,13.179863404433375,8.146882099671766,8.146882099671767,9.43087362239859,10.319929406503606,10.319929406503606,10.319929406503604,13.58496795171211,13.58496795171211,9.43087362239859,10.319929406503604,13.584967951712112,13.179863404433371,13.179863404433375,13.179863404433373,8.146882099671766,13.179863404433375,20.203574880043774,13.179863404433373,1.9247526281290124,8.146882099671767,9.43087362239859,13.58496795171211,20.203574880043778,20.203574880043778,13.179863404433371,13.179863404433373,8.146882099671766,8.146882099671767,8.14688209967177,8.146882099671767,8.146882099671767,9.43087362239859,13.58496795171211,13.58496795171211,13.58496795171211,10.319929406503604,20.203574880043778,8.146882099671767,8.146882099671767,9.43087362239859,10.319929406503604,10.319929406503606,13.58496795171211,13.58496795171211,13.58496795171211,10.319929406503604,13.584967951712112,10.319929406503606,10.319929406503604,20.203574880043778,0.0,20.203574880043778,20.203574880043778,13.179863404433371,13.179863404433373,13.179863404433371,2.1972871642635026,9.43087362239859,9.43087362239859,10.319929406503604,13.58496795171211,9.43087362239859,10.319929406503604,10.319929406503604,13.179863404433371,20.203574880043778,13.179863404433373,8.146882099671767,8.146882099671767,9.43087362239859,9.43087362239859,9.43087362239859,9.43087362239859,10.319929406503604,13.58496795171211,13.58496795171211,13.58496795171211,13.179863404433373,13.179863404433375,13.179863404433371,13.179863404433371,8.146882099671767,8.146882099671767,10.319929406503604,13.58496795171211,13.584967951712112,9.43087362239859,10.319929406503604,10.319929406503604,10.319929406503606,13.58496795171211
T6,4.1091270316511475,6.958920364456178,20.203574880043778,20.203574880043778,20.203574880043778,20.203574880043778,20.203574880043778,20.203574880043778,20.203574880043778,20.203574880043778,20.203574880043778,20.203574880043778,20.203574880043778,20.203574880043778,1.2405950187267503,2.285845689207587,6.958920364456176,20.203574880043778,20.203574880043778,20.203574880043778,20.203574880043778,20.203574880043778,20.203574880043778,20.203574880043778,2.285845689207587,4.1091270316511475,4.1091270316511475,4.843887551276387,6.958920364456178,20.203574880043778,20.203574880043778,20.203574880043778,20.203574880043778,20.203574880043778,20.203574880043778,20.203574880043778,20.203574880043778,20.203574880043778,20.203574880043778,20.203574880043778,20.203574880043778,20.203574880043778,20.203574880043778,20.203574880043778,20.203574880043778,20.203574880043778,20.203574880043778,20.203574880043778,20.203574880043778,20.203574880043778,6.958920364456178,20.203574880043778,20.203574880043778,20.203574880043778,20.203574880043778,20.203574880043778,20.203574880043778,20.203574880043778,20.203574880043778,20.203574880043778,20.203574880043778,20.203574880043778,20.203574880043778,2.0423186267698954,2.285845689207587,4.1091270316511475,4.843887551276387,20.203574880043778,20.203574880043778,20.203574880043778,20.203574880043778,20.203574880043778,20.203574880043778,4.843887551276387,4.1091270316511475,4.843887551276387,4.843887551276387,20.203574880043778,20.203574880043778,20.203574880043778,20.203574880043778,20.203574880043778,20.203574880043778,20.203574880043778,2.0423186267698954,2.0423186267698954,20.203574880043778,20.203574880043778,20.203574880043778,20.203574880043778,20.203574880043778,20.203574880043778,20.203574880043778,20.203574880043778,20.203574880043778,20.203574880043778,20.203574880043778,20.203574880043778,20.203574880043778,20.203574880043778,20.203574880043778,20.203574880043778,20.203574880043778,20.203574880043778,20.203574880043778,20.203574880043778,20.203574880043778,4.843887551276387,20.203574880043778,20.203574880043778,20.203574880043778,20.203574880043778,20.203574880043778,20.203574880043778,20.203574880043778,20.203574880043778,20.203574880043778,20.203574880043778,20.203574880043778,20.203574880043778,20.203574880043778,20.203574880043778,20.203574880043778,20.203574880043778,20.203574880043778,6.958920364456176,20.203574880043778,20.203574880043778,20.203574880043778,20.203574880043778,20.203574880043778,2.0423186267698954,1.2405950187267503,20.203574880043778,20.203574880043778,20.203574880043778,20.203574880043778,20.203574880043778,20.203574880043778,20.203574880043778,20.203574880043778,20.203574880043778,20.203574880043778,20.203574880043778,20.203574880043778,1.7499919265196038,20.203574880043778,20.203574880043778,20.203574880043778,20.203574880043778,20.203574880043778,20.203574880043778,20.203574880043778,20.203574880043778,20.203574880043778,20.203574880043778,20.203574880043778,20.203574880043778,8.401082459999703,20.203574880043778,0.0,1.7499919265196033,20.203574880043778,20.203574880043778,20.203574880043778,20.203574880043778,20.203574880043778,20.203574880043778,20.203574880043778,20.203574880043778,20.203574880043778,20.203574880043778,20.203574880043778,20.203574880043778,1.7499919265196038,20.203574880043778,20.203574880043778,20.203574880043778,20.203574880043778,20.203574880043778,20.203574880043778,20.203574880043778,20.203574880043778,20.203574880043778,20.203574880043778,20.203574880043778,20.203574880043778,20.203574880043778,20.203574880043778,20.203574880043778,20.203574880043778,20.203574880043778,20.203574880043778,20.203574880043778,20.203574880043778,20.203574880043778,20.203574880043778,20.203574880043778,20.203574880043778,20.203574880043778
T184,4.1091270316511475,6.958920364456178,20.203574880043778,20.203574880043778,20.203574880043778,20.203574880043778,20.203574880043778,20.203574880043778,20.203574880043778,20.203574880043778,20.203574880043778,20.203574880043778,20.203574880043778,20.203574880043778,1.7499919265196033,2.2858456892075876,6.958920364456176,20.203574880043778,20.203574880043778,20.203574880043778,20.203574880043778,20.203574880043778,20.203574880043778,20.203574880043778,2.2858456892075876,4.1091270316511475,4.1091270316511475,4.843887551276387,6.958920364456178,20.203574880043778,20.203574880043778,20.203574880043778,20.203574880043778,20.203574880043778,20.203574880043778,20.203574880043778,20.203574880043778,20.203574880043778,20.203574880043778,20.203574880043778,20.203574880043778,20.203574880043778,20.203574880043778,20.203574880043778,20.203574880043778,20.203574880043778,20.203574880043778,20.203574880043778,20.203574880043778,20.203574880043778,6.958920364456178,20.203574880043778,20.203574880043778,20.203574880043778,20.203574880043778,20.203574880043778,20.203574880043778,20.203574880043778,20.203574880043778,20.203574880043778,20.203574880043778,20.203574880043778,20.203574880043778,2.0423186267698954,2.2858456892075876,4.1091270316511475,4.843887551276387,20.203574880043778,20.203574880043778,20.203574880043778,20.203574880043778,20.203574880043778,20.203574880043778,4.843887551276387,4.1091270316511475,4.843887551276387,4.843887551276387,20.203574880043778,20.203574880043778,20.203574880043778,20.203574880043778,20.203574880043778,20.203574880043778,20.203574880043778,2.0423186267698954,2.0423186267698954,20.203574880043778,20.203574880043778,20.203574880043778,20.203574880043778,20.203574880043778,20.203574880043778,20.203574880043778,20.203574880043778,20.203574880043778,20.203574880043778,20.203574880043778,20.203574880043778,20.203574880043778,20.203574880043778,20.203574880043778,20.203574880043778,20.203574880043778,20.203574880043778,20.203574880043778,20.203574880043778,20.203574880043778,4.843887551276387,20.203574880043778,20.203574880043778,20.203574880043778,20.203574880043778,20.203574880043778,20.203574880043778,20.203574880043778,20.203574880043778,20.203574880043778,20.203574880043778,20.203574880043778,20.203574880043778,20.203574880043778,20.203574880043778,20.203574880043778,20.203574880043778,20.203574880043778,6.958920364456176,20.203574880043778,20.203574880043778,20.203574880043778,20.203574880043778,20.203574880043778,2.0423186267698954,1.7499919265196033,20.203574880043778,20.203574880043778,20.203574880043778,20.203574880043778,20.203574880043778,20.203574880043778,20.203574880043778,20.203574880043778,20.203574880043778,20.203574880043778,20.203574880043778,20.203574880043778,0.3438185380379546,20.203574880043778,20.203574880043778,20.203574880043778,20.203574880043778,20.203574880043778,20.203574880043778,20.203574880043778,20.203574880043778,20.203574880043778,20.203574880043778,20.203574880043778,20.203574880043778,8.401082459999703,20.203574880043778,1.7499919265196033,0.0,20.203574880043778,20.203574880043778,20.203574880043778,20.203574880043778,20.203574880043778,20.203574880043778,20.203574880043778,20.203574880043778,20.203574880043778,20.203574880043778,20.203574880043778,20.203574880043778,0.3438185380379546,20.203574880043778,20.203574880043778,20.203574880043778,20.203574880043778,20.203574880043778,20.203574880043778,20.203574880043778,20.203574880043778,20.203574880043778,20.203574880043778,20.203574880043778,20.203574880043778,20.203574880043778,20.203574880043778,20.203574880043778,20.203574880043778,20.203574880043778,20.203574880043778,20.203574880043778,20.203574880043778,20.203574880043778,20.203574880043778,20.203574880043778,20.203574880043778,20.203574880043778
T142,20.203574880043774,20.203574880043778,5.46730019846897,13.179863404433371,9.130656188253344,13.179863404433371,13.179863404433375,13.584967951712109,13.584967951712109,13.584967951712109,13.58496795171211,13.179863404433371,13.584967951712112,13.179863404433371,20.203574880043778,20.203574880043778,20.203574880043774,13.179863404433371,13.179863404433373,13.179863404433371,13.179863404433371,13.179863404433371,13.179863404433371,13.179863404433373,20.203574880043778,20.203574880043774,20.203574880043774,20.203574880043778,20.203574880043778,13.179863404433373,13.179863404433373,13.179863404433371,13.179863404433373,13.179863404433373,13.179863404433373,13.179863404433373,13.179863404433373,9.130656188253342,4.295562549802675,13.179863404433371,13.179863404433371,13.179863404433371,13.584967951712109,13.58496795171211,13.58496795171211,13.58496795171211,13.584967951712109,13.584967951712112,13.58496795171211,13.179863404433373,20.203574880043778,5.737194318932163,5.46730019846897,9.130656188253342,1.677797120537995,9.130656188253342,13.179863404433371,13.179863404433371,13.179863404433371,13.179863404433375,13.584967951712109,13.58496795171211,9.130656188253342,20.203574880043778,20.203574880043778,20.203574880043774,20.203574880043778,9.130656188253344,9.130656188253342,13.179863404433371,13.179863404433371,13.179863404433371,13.584967951712109,20.203574880043778,20.203574880043774,20.203574880043778,20.203574880043778,13.179863404433371,13.179863404433373,13.179863404433371,13.179863404433375,13.179863404433371,13.179863404433371,13.179863404433371,20.203574880043778,20.203574880043778,9.130656188253342,9.130656188253345,13.179863404433371,13.179863404433371,13.179863404433371,13.179863404433373,13.179863404433371,13.584967951712109,5.737194318932163,5.737194318932163,5.467300198468971,9.130656188253342,4.295562549802675,9.446669489257818,9.130656188253342,13.179863404433373,13.179863404433371,13.179863404433371,13.58496795171211,13.179863404433373,13.179863404433373,20.203574880043778,9.446669489257818,13.179863404433371,13.179863404433373,13.179863404433371,13.179863404433375,13.179863404433373,13.179863404433371,13.584967951712109,13.58496795171211,13.179863404433371,13.179863404433371,13.58496795171211,5.46730019846897,3.2673214858909754,9.130656188253342,13.179863404433371,3.2673214858909754,20.203574880043774,9.130656188253342,13.179863404433371,13.179863404433371,13.179863404433371,13.58496795171211,20.203574880043778,20.203574880043778,5.46730019846897,2.2577491958055633,13.179863404433371,13.179863404433371,13.179863404433375,13.179863404433373,13.179863404433371,13.179863404433371,13.58496795171211,13.58496795171211,13.58496795171211,13.179863404433371,20.203574880043778,13.179863404433373,13.179863404433371,13.179863404433371,13.179863404433371,13.179863404433373,13.58496795171211,13.58496795171211,13.58496795171211,13.179863404433371,13.58496795171211,13.179863404433375,13.179863404433371,20.203574880043778,13.179863404433371,20.203574880043778,20.203574880043778,0.0,9.130656188253342,9.130656188253342,13.179863404433371,13.179863404433371,13.179863404433371,13.179863404433371,13.58496795171211,13.179863404433371,13.179863404433371,13.179863404433371,5.46730019846897,20.203574880043778,9.130656188253342,13.179863404433373,13.179863404433371,13.179863404433371,13.179863404433371,13.179863404433371,13.179863404433371,13.179863404433371,13.58496795171211,13.584967951712109,13.58496795171211,9.130656188253342,9.130656188253345,5.737194318932163,5.46730019846897,13.179863404433371,13.179863404433371,13.179863404433371,13.584967951712109,13.58496795171211,13.179863404433371,13.179863404433371,13.179863404433371,13.179863404433373,13.584967951712109
T100,20.203574880043774,20.203574880043778,9.130656188253342,13.179863404433371,8.476536775462089,13.179863404433373,13.179863404433375,13.58496795171211,13.58496795171211,13.58496795171211,13.58496795171211,13.179863404433373,13.584967951712114,13.179863404433371,20.203574880043778,20.203574880043778,20.203574880043774,13.179863404433373,13.179863404433375,13.179863404433373,13.179863404433373,13.179863404433371,13.179863404433371,13.179863404433375,20.203574880043778,20.203574880043774,20.203574880043774,20.203574880043778,20.203574880043778,13.179863404433375,13.179863404433375,13.179863404433371,13.179863404433375,13.179863404433375,13.179863404433375,13.179863404433375,13.179863404433375,8.476536775462087,9.130656188253344,13.179863404433373,13.179863404433373,13.179863404433373,13.58496795171211,13.58496795171211,13.58496795171211,13.58496795171211,13.58496795171211,13.584967951712114,13.58496795171211,13.179863404433375,20.203574880043778,9.130656188253342,9.130656188253342,6.621509368212761,9.130656188253342,1.399922334918029,13.179863404433371,13.179863404433371,13.179863404433371,13.179863404433375,13.58496795171211,13.584967951712112,1.399922334918029,20.203574880043778,20.203574880043778,20.203574880043774,20.203574880043778,8.476536775462089,0.3235119816380015,13.179863404433371,13.179863404433371,13.179863404433373,13.58496795171211,20.203574880043778,20.203574880043774,20.203574880043778,20.203574880043778,13.179863404433371,13.179863404433375,13.179863404433373,13.179863404433375,13.179863404433373,13.179863404433373,13.179863404433371,20.203574880043778,20.203574880043778,8.476536775462087,6.569352205940358,13.179863404433373,13.179863404433373,13.179863404433371,13.179863404433375,13.179863404433373,13.58496795171211,9.130656188253342,9.130656188253342,9.130656188253342,6.621509368212761,9.130656188253344,9.446669489257818,0.3235119816380015,13.179863404433375,13.179863404433373,13.179863404433373,13.58496795171211,13.179863404433375,13.179863404433375,20.203574880043778,9.446669489257818,13.179863404433371,13.179863404433375,13.179863404433371,13.179863404433375,13.179863404433375,13.179863404433373,13.58496795171211,13.58496795171211,13.179863404433371,13.179863404433373,13.584967951712112,9.130656188253342,9.130656188253345,6.569352205940357,13.179863404433371,9.130656188253345,20.203574880043774,8.476536775462087,13.179863404433373,13.179863404433373,13.179863404433373,13.58496795171211,20.203574880043778,20.203574880043778,9.130656188253342,9.130656188253344,13.179863404433371,13.179863404433373,13.179863404433375,13.179863404433375,13.179863404433373,13.179863404433371,13.58496795171211,13.58496795171211,13.58496795171211,13.179863404433373,20.203574880043778,13.179863404433375,13.179863404433373,13.179863404433371,13.179863404433373,13.179863404433375,13.58496795171211,13.58496795171211,13.58496795171211,13.179863404433373,13.584967951712112,13.179863404433375,13.179863404433373,20.203574880043778,13.179863404433373,20.203574880043778,20.203574880043778,9.130656188253342,0.0,8.476536775462087,13.179863404433373,13.179863404433371,13.179863404433371,13.179863404433373,13.58496795171211,13.179863404433371,13.179863404433373,13.179863404433373,9.130656188253342,20.203574880043778,6.621509368212763,13.179863404433375,13.179863404433373,13.179863404433373,13.179863404433371,13.179863404433371,13.179863404433371,13.179863404433373,13.58496795171211,13.58496795171211,13.58496795171211,1.556203637152553,6.569352205940358,9.130656188253342,9.130656188253342,13.179863404433373,13.179863404433373,13.179863404433373,13.58496795171211,13.584967951712112,13.179863404433373,13.179863404433373,13.179863404433373,13.179863404433375,13.58496795171211
T74,20.203574880043774,20.203574880043778,9.130656188253342,13.179863404433371,7.999928439366679,13.179863404433371,13.179863404433375,13.584967951712109,13.584967951712109,13.584967951712109,13.58496795171211,13.179863404433371,13.584967951712112,13.179863404433371,20.203574880043778,20.203574880043778,20.203574880043774,13.179863404433371,13.179863404433373,13.179863404433371,13.179863404433371,13.179863404433371,13.179863404433371,13.179863404433373,20.203574880043778,20.203574880043774,20.203574880043774,20.203574880043778,20.203574880043778,13.179863404433373,13.179863404433373,13.179863404433371,13.179863404433373,13.179863404433373,13.179863404433373,13.179863404433373,13.179863404433373,1.3512292341029695,9.130656188253342,13.179863404433371,13.179863404433371,13.179863404433371,13.584967951712109,13.58496795171211,13.58496795171211,13.58496795171211,13.584967951712109,13.584967951712112,13.58496795171211,13.179863404433373,20.203574880043778,9.130656188253342,9.130656188253342,8.476536775462085,9.130656188253342,8.476536775462085,13.179863404433371,13.179863404433371,13.179863404433371,13.179863404433375,13.584967951712109,13.58496795171211,8.476536775462085,20.203574880043778,20.203574880043778,20.203574880043774,20.203574880043778,7.999928439366679,8.476536775462087,13.179863404433371,13.179863404433371,13.179863404433371,13.584967951712109,20.203574880043778,20.203574880043774,20.203574880043778,20.203574880043778,13.179863404433371,13.179863404433373,13.179863404433371,13.179863404433375,13.179863404433371,13.179863404433371,13.179863404433371,20.203574880043778,20.203574880043778,7.999928439366679,8.476536775462089,13.179863404433371,13.179863404433371,13.179863404433371,13.179863404433373,13.179863404433371,13.584967951712109,9.130656188253342,9.130656188253342,9.130656188253342,8.476536775462085,9.130656188253342,9.446669489257818,8.476536775462087,13.179863404433373,13.179863404433371,13.179863404433371,13.58496795171211,13.179863404433373,13.179863404433373,20.203574880043778,9.446669489257818,13.179863404433371,13.179863404433373,13.179863404433371,13.179863404433375,13.179863404433373,13.179863404433371,13.584967951712109,13.58496795171211,13.179863404433371,13.179863404433371,13.58496795171211,9.130656188253342,9.130656188253344,8.476536775462087,13.179863404433371,9.130656188253344,20.203574880043774,7.999928439366679,13.179863404433371,13.179863404433371,13.179863404433371,13.58496795171211,20.203574880043778,20.203574880043778,9.130656188253342,9.130656188253342,13.179863404433371,13.179863404433371,13.179863404433375,13.179863404433373,13.179863404433371,13.179863404433371,13.58496795171211,13.58496795171211,13.58496795171211,13.179863404433371,20.203574880043778,13.179863404433373,13.179863404433371,13.179863404433371,13.179863404433371,13.179863404433373,13.58496795171211,13.58496795171211,13.58496795171211,13.179863404433371,13.58496795171211,13.179863404433375,13.179863404433371,20.203574880043778,13.179863404433371,20.203574880043778,20.203574880043778,9.130656188253342,8.476536775462087,0.0,13.179863404433371,13.179863404433371,13.179863404433371,13.179863404433371,13.58496795171211,13.179863404433371,13.179863404433371,13.179863404433371,9.130656188253342,20.203574880043778,8.476536775462087,13.179863404433373,13.179863404433371,13.179863404433371,13.179863404433371,13.179863404433371,13.179863404433371,13.179863404433371,13.58496795171211,13.584967951712109,13.58496795171211,8.476536775462087,8.476536775462089,9.130656188253342,9.130656188253342,13.179863404433371,13.179863404433371,13.179863404433371,13.584967951712109,13.58496795171211,13.179863404433371,13.179863404433371,13.179863404433371,13.179863404433373,13.584967951712109
T158,20.203574880043774,20.203574880043778,13.179863404433371,8.146882099671766,13.179863404433375,10.319929406503604,10.319929406503606,13.58496795171211,13.58496795171211,13.58496795171211,13.58496795171211,10.319929406503604,13.584967951712114,8.146882099671766,20.203574880043778,20.203574880043778,20.203574880043774,2.1972871642635026,8.146882099671767,8.146882099671767,8.146882099671767,9.43087362239859,9.43087362239859,10.319929406503606,20.203574880043778,20.203574880043774,20.203574880043774,20.203574880043778,20.203574880043778,8.146882099671767,8.146882099671767,8.146882099671766,8.146882099671767,10.319929406503606,10.319929406503606,10.319929406503606,10.319929406503606,13.179863404433371,13.179863404433373,10.319929406503604,10.319929406503604,10.319929406503604,13.58496795171211,13.58496795171211,13.58496795171211,13.58496795171211,13.58496795171211,13.584967951712114,13.58496795171211,10.319929406503606,20.203574880043778,13.179863404433371,13.179863404433371,13.179863404433373,13.179863404433371,13.179863404433373,8.146882099671766,9.43087362239859,9.43087362239859,10.319929406503606,13.58496795171211,13.584967951712112,13.179863404433373,20.203574880043778,20.203574880043778,20.203574880043774,20.203574880043778,13.179863404433375,13.179863404433373,8.146882099671766,9.43087362239859,10.319929406503604,13.58496795171211,20.203574880043778,20.203574880043774,20.203574880043778,20.203574880043778,9.43087362239859,10.319929406503606,10.319929406503604,10.319929406503606,10.319929406503604,10.319929406503604,8.146882099671766,20.203574880043778,20.203574880043778,13.179863404433373,13.179863404433375,8.146882099671767,9.43087362239859,9.43087362239859,10.319929406503606,10.319929406503604,13.58496795171211,13.179863404433371,13.179863404433371,13.179863404433371,13.179863404433373,13.179863404433373,13.179863404433375,13.179863404433373,8.146882099671767,8.146882099671767,9.43087362239859,13.58496795171211,10.319929406503606,10.319929406503606,20.203574880043778,13.179863404433375,8.146882099671766,8.146882099671767,9.43087362239859,10.319929406503606,10.319929406503606,10.319929406503604,13.58496795171211,13.58496795171211,9.43087362239859,10.319929406503604,13.584967951712112,13.179863404433371,13.179863404433375,13.179863404433373,8.146882099671766,13.179863404433375,20.203574880043774,13.179863404433373,2.1972871642635026,8.146882099671767,9.43087362239859,13.58496795171211,20.203574880043778,20.203574880043778,13.179863404433371,13.179863404433373,8.146882099671766,8.146882099671767,8.14688209967177,8.146882099671767,8.146882099671767,9.43087362239859,13.58496795171211,13.58496795171211,13.58496795171211,10.319929406503604,20.203574880043778,8.146882099671767,8.146882099671767,9.43087362239859,10.319929406503604,10.319929406503606,13.58496795171211,13.58496795171211,13.58496795171211,10.319929406503604,13.584967951712112,10.319929406503606,10.319929406503604,20.203574880043778,2.1972871642635026,20.203574880043778,20.203574880043778,13.179863404433371,13.179863404433373,13.179863404433371,0.0,9.43087362239859,9.43087362239859,10.319929406503604,13.58496795171211,9.43087362239859,10.319929406503604,10.319929406503604,13.179863404433371,20.203574880043778,13.179863404433373,8.146882099671767,8.146882099671767,9.43087362239859,9.43087362239859,9.43087362239859,9.43087362239859,10.319929406503604,13.58496795171211,13.58496795171211,13.58496795171211,13.179863404433373,13.179863404433375,13.179863404433371,13.179863404433371,8.146882099671767,8.146882099671767,10.319929406503604,13.58496795171211,13.584967951712112,9.43087362239859,10.319929406503604,10.319929406503604,10.319929406503606,13.58496795171211
T200,20.203574880043774,20.203574880043778,13.179863404433371,9.430873622398588,13.179863404433373,10.319929406503602,10.319929406503606,13.584967951712109,13.584967951712109,13.584967951712109,13.58496795171211,10.319929406503602,13.584967951712112,9.430873622398588,20.203574880043778,20.203574880043778,20.203574880043774,9.43087362239859,9.43087362239859,9.43087362239859,9.43087362239859,0.3504034377477378,2.815921463379598,10.319929406503604,20.203574880043778,20.203574880043774,20.203574880043774,20.203574880043778,20.203574880043778,9.43087362239859,9.43087362239859,9.430873622398588,9.43087362239859,10.319929406503604,10.319929406503604,10.319929406503604,10.319929406503604,13.179863404433371,13.179863404433371,10.319929406503602,10.319929406503602,10.319929406503602,13.584967951712109,13.58496795171211,13.58496795171211,13.58496795171211,13.584967951712109,13.584967951712112,13.58496795171211,10.319929406503604,20.203574880043778,13.179863404433371,13.179863404433371,13.179863404433371,13.179863404433371,13.179863404433371,9.430873622398588,2.815921463379598,7.88370570795961,10.319929406503606,13.584967951712109,13.58496795171211,13.179863404433371,20.203574880043778,20.203574880043778,20.203574880043774,20.203574880043778,13.179863404433373,13.179863404433371,9.430873622398588,2.815921463379598,10.319929406503602,13.584967951712109,20.203574880043778,20.203574880043774,20.203574880043778,20.203574880043778,0.14353530440644707,10.319929406503604,10.319929406503602,10.319929406503606,10.319929406503602,10.319929406503602,9.430873622398588,20.203574880043778,20.203574880043778,13.179863404433371,13.179863404433375,9.43087362239859,7.549699367992667,2.8159214633795986,10.319929406503604,10.319929406503602,13.584967951712109,13.179863404433371,13.179863404433371,13.179863404433371,13.179863404433371,13.179863404433371,13.179863404433375,13.179863404433371,9.43087362239859,9.43087362239859,7.549699367992667,13.58496795171211,10.319929406503604,10.319929406503604,20.203574880043778,13.179863404433375,9.430873622398588,9.43087362239859,7.315471920686967,10.319929406503606,10.319929406503604,10.319929406503602,13.584967951712109,13.58496795171211,0,10.319929406503602,13.58496795171211,13.179863404433371,13.179863404433373,13.179863404433371,9.430873622398588,13.179863404433373,20.203574880043774,13.179863404433371,9.43087362239859,9.43087362239859,7.549699367992667,13.58496795171211,20.203574880043778,20.203574880043778,13.179863404433371,13.179863404433371,9.430873622398588,9.43087362239859,9.430873622398591,9.43087362239859,9.43087362239859,2.8159214633795986,13.58496795171211,13.58496795171211,13.58496795171211,10.319929406503602,20.203574880043778,9.43087362239859,9.43087362239859,7.315471920686967,10.319929406503602,10.319929406503604,13.58496795171211,13.58496795171211,13.58496795171211,10.319929406503602,13.58496795171211,10.319929406503606,10.319929406503602,20.203574880043778,9.43087362239859,20.203574880043778,20.203574880043778,13.179863404433371,13.179863404433371,13.179863404433371,9.43087362239859,0.0,2.8159214633795986,10.319929406503602,13.58496795171211,2.8159214633795986,10.319929406503602,10.319929406503602,13.179863404433371,20.203574880043778,13.179863404433371,9.43087362239859,9.43087362239859,7.549699367992667,7.315471920686967,2.8159214633795986,2.815921463379598,10.319929406503602,13.58496795171211,13.584967951712109,13.58496795171211,13.179863404433371,13.179863404433375,13.179863404433371,13.179863404433371,9.43087362239859,9.43087362239859,10.319929406503602,13.584967951712109,13.58496795171211,7.549699367992667,10.319929406503602,10.319929406503602,10.319929406503604,13.584967951712109
T116,20.203574880043774,20.203574880043778,13.179863404433371,9.43087362239859,13.179863404433373,10.319929406503602,10.319929406503606,13.584967951712109,13.584967951712109,13.584967951712109,13.58496795171211,10.319929406503602,13.584967951712112,9.43087362239859,20.203574880043778,20.203574880043778,20.203574880043774,9.43087362239859,9.43087362239859,9.43087362239859,9.43087362239859,2.8159214633795986,2.3090995837757062,10.319929406503604,20.203574880043778,20.203574880043774,20.203574880043774,20.203574880043778,20.203574880043778,9.43087362239859,9.43087362239859,9.43087362239859,9.43087362239859,10.319929406503604,10.319929406503604,10.319929406503604,10.319929406503604,13.179863404433371,13.179863404433371,10.319929406503602,10.319929406503602,10.319929406503602,13.584967951712109,13.58496795171211,13.58496795171211,13.58496795171211,13.584967951712109,13.584967951712112,13.58496795171211,10.319929406503604,20.203574880043778,13.179863404433371,13.179863404433371,13.179863404433371,13.179863404433371,13.179863404433371,9.43087362239859,2.3090995837757062,7.88370570795961,10.319929406503606,13.584967951712109,13.58496795171211,13.179863404433371,20.203574880043778,20.203574880043778,20.203574880043774,20.203574880043778,13.179863404433373,13.179863404433371,9.43087362239859,2.3090995837757062,10.319929406503602,13.584967951712109,20.203574880043778,20.203574880043774,20.203574880043778,20.203574880043778,2.8159214633795986,10.319929406503604,10.319929406503602,10.319929406503606,10.319929406503602,10.319929406503602,9.43087362239859,20.203574880043778,20.203574880043778,13.179863404433371,13.179863404433375,9.43087362239859,7.549699367992668,0.4100747017283465,10.319929406503604,10.319929406503602,13.584967951712109,13.179863404433371,13.179863404433371,13.179863404433371,13.179863404433371,13.179863404433371,13.179863404433375,13.179863404433371,9.43087362239859,9.43087362239859,7.549699367992668,13.58496795171211,10.319929406503604,10.319929406503604,20.203574880043778,13.179863404433375,9.43087362239859,9.43087362239859,7.315471920686967,10.319929406503606,10.319929406503604,10.319929406503602,13.584967951712109,13.58496795171211,2.8159214633795986,10.319929406503602,13.58496795171211,13.179863404433371,13.179863404433373,13.179863404433371,9.43087362239859,13.179863404433373,20.203574880043774,13.179863404433371,9.43087362239859,9.43087362239859,7.549699367992668,13.58496795171211,20.203574880043778,20.203574880043778,13.179863404433371,13.179863404433371,9.43087362239859,9.43087362239859,9.430873622398591,9.43087362239859,9.43087362239859,0.4100747017283465,13.58496795171211,13.58496795171211,13.58496795171211,10.319929406503602,20.203574880043778,9.43087362239859,9.43087362239859,7.315471920686967,10.319929406503602,10.319929406503604,13.58496795171211,13.58496795171211,13.58496795171211,10.319929406503602,13.58496795171211,10.319929406503606,10.319929406503602,20.203574880043778,9.43087362239859,20.203574880043778,20.203574880043778,13.179863404433371,13.179863404433371,13.179863404433371,9.43087362239859,2.8159214633795986,0.0,10.319929406503602,13.58496795171211,0.11519378722399498,10.319929406503602,10.319929406503602,13.179863404433371,20.203574880043778,13.179863404433371,9.43087362239859,9.43087362239859,7.549699367992668,7.315471920686967,0.001098364211960798,0.8202175488350631,10.319929406503602,13.58496795171211,13.584967951712109,13.58496795171211,13.179863404433371,13.179863404433375,13.179863404433371,13.179863404433371,9.43087362239859,9.43087362239859,10.319929406503602,13.584967951712109,13.58496795171211,7.549699367992668,10.319929406503602,10.319929406503602,10.319929406503604,13.584967951712109
T72,20.203574880043774,20.203574880043778,13.179863404433371,10.319929406503602,13.179863404433375,3.847409919979598,7.235889181701199,13.58496795171211,13.58496795171211,13.58496795171211,13.58496795171211,7.2358891817011965,13.584967951712114,10.319929406503602,20.203574880043778,20.203574880043778,20.203574880043774,10.319929406503604,10.319929406503606,10.319929406503604,10.319929406503604,10.319929406503602,10.319929406503602,8.628624096335662,20.203574880043778,20.203574880043774,20.203574880043774,20.203574880043778,20.203574880043778,10.319929406503606,10.319929406503606,10.319929406503602,10.319929406503606,8.628624096335662,8.628624096335662,8.628624096335662,7.235889181701197,13.179863404433371,13.179863404433373,1.348834846260251,0.8500200815092624,0.8500200815092624,13.58496795171211,13.58496795171211,13.58496795171211,13.58496795171211,13.58496795171211,13.584967951712114,13.58496795171211,8.628624096335662,20.203574880043778,13.179863404433371,13.179863404433371,13.179863404433373,13.179863404433371,13.179863404433373,10.319929406503602,10.319929406503602,10.319929406503602,8.628624096335662,13.58496795171211,13.584967951712112,13.179863404433373,20.203574880043778,20.203574880043778,20.203574880043774,20.203574880043778,13.179863404433375,13.179863404433373,10.319929406503602,10.319929406503602,6.083105547433789,13.58496795171211,20.203574880043778,20.203574880043774,20.203574880043778,20.203574880043778,10.319929406503602,8.628624096335662,6.083105547433789,6.0831055474337905,7.2358891817011965,3.8474099199795986,10.319929406503602,20.203574880043778,20.203574880043778,13.179863404433373,13.179863404433375,10.319929406503604,10.319929406503604,10.319929406503602,8.628624096335662,3.8474099199795986,13.58496795171211,13.179863404433371,13.179863404433371,13.179863404433371,13.179863404433373,13.179863404433373,13.179863404433375,13.179863404433373,10.319929406503606,10.319929406503604,10.319929406503604,13.58496795171211,8.628624096335662,7.235889181701197,20.203574880043778,13.179863404433375,10.319929406503602,10.319929406503606,10.319929406503602,8.628624096335662,8.628624096335662,6.083105547433789,13.58496795171211,13.58496795171211,10.319929406503602,3.8474099199795986,13.584967951712112,13.179863404433371,13.179863404433375,13.179863404433373,10.319929406503602,13.179863404433375,20.203574880043774,13.179863404433373,10.319929406503604,10.319929406503604,10.319929406503604,13.58496795171211,20.203574880043778,20.203574880043778,13.179863404433371,13.179863404433373,10.319929406503602,10.319929406503604,10.319929406503606,10.319929406503606,10.319929406503604,10.319929406503602,13.58496795171211,13.58496795171211,13.58496795171211,3.8474099199795986,20.203574880043778,10.319929406503606,10.319929406503604,10.319929406503602,6.083105547433789,7.235889181701197,13.58496795171211,13.58496795171211,13.58496795171211,7.2358891817011965,13.584967951712112,8.628624096335662,3.847409919979598,20.203574880043778,10.319929406503604,20.203574880043778,20.203574880043778,13.179863404433371,13.179863404433373,13.179863404433371,10.319929406503604,10.319929406503602,10.319929406503602,0.0,13.58496795171211,10.319929406503602,1.348834846260251,3.8474099199795986,13.179863404433371,20.203574880043778,13.179863404433373,10.319929406503606,10.319929406503604,10.319929406503604,10.319929406503602,10.319929406503602,10.319929406503602,3.847409919979598,13.58496795171211,13.58496795171211,13.58496795171211,13.179863404433373,13.179863404433375,13.179863404433371,13.179863404433371,10.319929406503604,10.319929406503604,8.62862409633566,13.58496795171211,13.584967951712112,10.319929406503604,7.2358891817011965,3.847409919979598,7.235889181701197,13.58496795171211
T176,20.203574880043778,20.203574880043778,13.58496795171211,13.58496795171211,13.584967951712112,13.58496795171211,13.584967951712114,10.957120558947592,10.957120558947592,10.957120558947592,3.798633901045987,13.58496795171211,10.034029962226901,13.58496795171211,20.203574880043778,20.203574880043778,20.203574880043778,13.58496795171211,13.584967951712112,13.58496795171211,13.58496795171211,13.58496795171211,13.58496795171211,13.584967951712112,20.203574880043778,20.203574880043778,20.203574880043778,20.203574880043778,20.203574880043778,13.584967951712112,13.584967951712112,13.58496795171211,13.584967951712112,13.584967951712112,13.584967951712112,13.584967951712112,13.584967951712112,13.58496795171211,13.58496795171211,13.58496795171211,13.58496795171211,13.58496795171211,10.957120558947592,10.0340299622269,3.8591075589156874,1.2857228832268737,10.957120558947592,10.034029962226901,3.798633901045987,13.584967951712112,20.203574880043778,13.58496795171211,13.58496795171211,13.58496795171211,13.58496795171211,13.58496795171211,13.58496795171211,13.58496795171211,13.58496795171211,13.584967951712114,10.957120558947592,10.0340299622269,13.58496795171211,20.203574880043778,20.203574880043778,20.203574880043778,20.203574880043778,13.584967951712112,13.58496795171211,13.58496795171211,13.58496795171211,13.58496795171211,10.957120558947592,20.203574880043778,20.203574880043778,20.203574880043778,20.203574880043778,13.58496795171211,13.584967951712112,13.58496795171211,13.584967951712114,13.58496795171211,13.58496795171211,13.58496795171211,20.203574880043778,20.203574880043778,13.58496795171211,13.584967951712114,13.58496795171211,13.58496795171211,13.58496795171211,13.584967951712112,13.58496795171211,10.957120558947592,13.58496795171211,13.58496795171211,13.58496795171211,13.58496795171211,13.58496795171211,13.584967951712114,13.58496795171211,13.584967951712112,13.58496795171211,13.58496795171211,3.8591075589156874,13.584967951712112,13.584967951712112,20.203574880043778,13.584967951712114,13.58496795171211,13.584967951712112,13.58496795171211,13.584967951712114,13.584967951712112,13.58496795171211,10.957120558947592,3.798633901045987,13.58496795171211,13.58496795171211,10.0340299622269,13.58496795171211,13.584967951712112,13.58496795171211,13.58496795171211,13.584967951712112,20.203574880043778,13.58496795171211,13.58496795171211,13.58496795171211,13.58496795171211,3.8591075589156874,20.203574880043778,20.203574880043778,13.58496795171211,13.58496795171211,13.58496795171211,13.58496795171211,13.584967951712114,13.584967951712112,13.58496795171211,13.58496795171211,10.957120558947592,10.957120558947592,10.0340299622269,13.58496795171211,20.203574880043778,13.584967951712112,13.58496795171211,13.58496795171211,13.58496795171211,13.584967951712112,3.798633901045987,1.1413131714185194,1.1413131714185194,13.58496795171211,10.0340299622269,13.584967951712114,13.58496795171211,20.203574880043778,13.58496795171211,20.203574880043778,20.203574880043778,13.58496795171211,13.58496795171211,13.58496795171211,13.58496795171211,13.58496795171211,13.58496795171211,13.58496795171211,0.0,13.58496795171211,13.58496795171211,13.58496795171211,13.58496795171211,20.203574880043778,13.58496795171211,13.584967951712112,13.58496795171211,13.58496795171211,13.58496795171211,13.58496795171211,13.58496795171211,13.58496795171211,3.8591075589156874,10.957120558947592,3.798633901045987,13.58496795171211,13.584967951712114,13.58496795171211,13.58496795171211,13.58496795171211,13.58496795171211,13.58496795171211,10.957120558947592,10.0340299622269,13.58496795171211,13.58496795171211,13.58496795171211,13.584967951712112,10.957120558947592
T54,20.203574880043774,20.203574880043778,13.179863404433371,9.43087362239859,13.179863404433373,10.319929406503602,10.319929406503606,13.584967951712109,13.584967951712109,13.584967951712109,13.58496795171211,10.319929406503602,13.584967951712112,9.43087362239859,20.203574880043778,20.203574880043778,20.203574880043774,9.43087362239859,9.43087362239859,9.43087362239859,9.43087362239859,2.8159214633795986,2.3090995837757062,10.319929406503604,20.203574880043778,20.203574880043774,20.203574880043774,20.203574880043778,20.203574880043778,9.43087362239859,9.43087362239859,9.43087362239859,9.43087362239859,10.319929406503604,10.319929406503604,10.319929406503604,10.319929406503604,13.179863404433371,13.179863404433371,10.319929406503602,10.319929406503602,10.319929406503602,13.584967951712109,13.58496795171211,13.58496795171211,13.58496795171211,13.584967951712109,13.584967951712112,13.58496795171211,10.319929406503604,20.203574880043778,13.179863404433371,13.179863404433371,13.179863404433371,13.179863404433371,13.179863404433371,9.43087362239859,2.3090995837757062,7.88370570795961,10.319929406503606,13.584967951712109,13.58496795171211,13.179863404433371,20.203574880043778,20.203574880043778,20.203574880043774,20.203574880043778,13.179863404433373,13.179863404433371,9.43087362239859,2.3090995837757062,10.319929406503602,13.584967951712109,20.203574880043778,20.203574880043774,20.203574880043778,20.203574880043778,2.8159214633795986,10.319929406503604,10.319929406503602,10.319929406503606,10.319929406503602,10.319929406503602,9.43087362239859,20.203574880043778,20.203574880043778,13.179863404433371,13.179863404433375,9.43087362239859,7.549699367992668,0.4100747017283465,10.319929406503604,10.319929406503602,13.584967951712109,13.179863404433371,13.179863404433371,13.179863404433371,13.179863404433371,13.179863404433371,13.179863404433375,13.179863404433371,9.43087362239859,9.43087362239859,7.549699367992668,13.58496795171211,10.319929406503604,10.319929406503604,20.203574880043778,13.179863404433375,9.43087362239859,9.43087362239859,7.315471920686967,10.319929406503606,10.319929406503604,10.319929406503602,13.584967951712109,13.58496795171211,2.8159214633795986,10.319929406503602,13.58496795171211,13.179863404433371,13.179863404433373,13.179863404433371,9.43087362239859,13.179863404433373,20.203574880043774,13.179863404433371,9.43087362239859,9.43087362239859,7.549699367992668,13.58496795171211,20.203574880043778,20.203574880043778,13.179863404433371,13.179863404433371,9.43087362239859,9.43087362239859,9.430873622398591,9.43087362239859,9.43087362239859,0.4100747017283465,13.58496795171211,13.58496795171211,13.58496795171211,10.319929406503602,20.203574880043778,9.43087362239859,9.43087362239859,7.315471920686967,10.319929406503602,10.319929406503604,13.58496795171211,13.58496795171211,13.58496795171211,10.319929406503602,13.58496795171211,10.319929406503606,10.319929406503602,20.203574880043778,9.43087362239859,20.203574880043778,20.203574880043778,13.179863404433371,13.179863404433371,13.179863404433371,9.43087362239859,2.8159214633795986,0.11519378722399498,10.319929406503602,13.58496795171211,0.0,10.319929406503602,10.319929406503602,13.179863404433371,20.203574880043778,13.179863404433371,9.43087362239859,9.43087362239859,7.549699367992668,7.315471920686967,0.11519378722399498,0.8202175488350631,10.319929406503602,13.58496795171211,13.584967951712109,13.58496795171211,13.179863404433371,13.179863404433375,13.179863404433371,13.179863404433371,9.43087362239859,9.43087362239859,10.319929406503602,13.584967951712109,13.58496795171211,7.549699367992668,10.319929406503602,10.319929406503602,10.319929406503604,13.584967951712109
T193,20.203574880043774,20.203574880043778,13.179863404433371,10.319929406503602,13.179863404433375,3.847409919979598,7.235889181701199,13.58496795171211,13.58496795171211,13.58496795171211,13.58496795171211,7.2358891817011965,13.584967951712114,10.319929406503602,20.203574880043778,20.203574880043778,20.203574880043774,10.319929406503604,10.319929406503606,10.319929406503604,10.319929406503604,10.319929406503602,10.319929406503602,8.628624096335662,20.203574880043778,20.203574880043774,20.203574880043774,20.203574880043778,20.203574880043778,10.319929406503606,10.319929406503606,10.319929406503602,10.319929406503606,8.628624096335662,8.628624096335662,8.628624096335662,7.235889181701197,13.179863404433371,13.179863404433373,0.8142186779547724,1.348834846260251,1.348834846260251,13.58496795171211,13.58496795171211,13.58496795171211,13.58496795171211,13.58496795171211,13.584967951712114,13.58496795171211,8.628624096335662,20.203574880043778,13.179863404433371,13.179863404433371,13.179863404433373,13.179863404433371,13.179863404433373,10.319929406503602,10.319929406503602,10.319929406503602,8.628624096335662,13.58496795171211,13.584967951712112,13.179863404433373,20.203574880043778,20.203574880043778,20.203574880043774,20.203574880043778,13.179863404433375,13.179863404433373,10.319929406503602,10.319929406503602,6.083105547433789,13.58496795171211,20.203574880043778,20.203574880043774,20.203574880043778,20.203574880043778,10.319929406503602,8.628624096335662,6.083105547433789,6.0831055474337905,7.2358891817011965,3.8474099199795986,10.319929406503602,20.203574880043778,20.203574880043778,13.179863404433373,13.179863404433375,10.319929406503604,10.319929406503604,10.319929406503602,8.628624096335662,3.8474099199795986,13.58496795171211,13.179863404433371,13.179863404433371,13.179863404433371,13.179863404433373,13.179863404433373,13.179863404433375,13.179863404433373,10.319929406503606,10.319929406503604,10.319929406503604,13.58496795171211,8.628624096335662,7.235889181701197,20.203574880043778,13.179863404433375,10.319929406503602,10.319929406503606,10.319929406503602,8.628624096335662,8.628624096335662,6.083105547433789,13.58496795171211,13.58496795171211,10.319929406503602,3.8474099199795986,13.584967951712112,13.179863404433371,13.179863404433375,13.179863404433373,10.319929406503602,13.179863404433375,20.203574880043774,13.179863404433373,10.319929406503604,10.319929406503604,10.319929406503604,13.58496795171211,20.203574880043778,20.203574880043778,13.179863404433371,13.179863404433373,10.319929406503602,10.319929406503604,10.319929406503606,10.319929406503606,10.319929406503604,10.319929406503602,13.58496795171211,13.58496795171211,13.58496795171211,3.8474099199795986,20.203574880043778,10.319929406503606,10.319929406503604,10.319929406503602,6.083105547433789,7.235889181701197,13.58496795171211,13.58496795171211,13.58496795171211,7.2358891817011965,13.584967951712112,8.628624096335662,3.847409919979598,20.203574880043778,10.319929406503604,20.203574880043778,20.203574880043778,13.179863404433371,13.179863404433373,13.179863404433371,10.319929406503604,10.319929406503602,10.319929406503602,1.348834846260251,13.58496795171211,10.319929406503602,0.0,3.8474099199795986,13.179863404433371,20.203574880043778,13.179863404433373,10.319929406503606,10.319929406503604,10.319929406503604,10.319929406503602,10.319929406503602,10.319929406503602,3.847409919979598,13.58496795171211,13.58496795171211,13.58496795171211,13.179863404433373,13.179863404433375,13.179863404433371,13.179863404433371,10.319929406503604,10.319929406503604,8.62862409633566,13.58496795171211,13.584967951712112,10.319929406503604,7.2358891817011965,3.847409919979598,7.235889181701197,13.58496795171211
T131,20.203574880043774,20.203574880043778,13.179863404433371,10.319929406503602,13.179863404433375,2.5451036538045626,7.235889181701199,13.58496795171211,13.58496795171211,13.58496795171211,13.58496795171211,7.2358891817011965,13.584967951712114,10.319929406503602,20.203574880043778,20.203574880043778,20.203574880043774,10.319929406503604,10.319929406503606,10.319929406503604,10.319929406503604,10.319929406503602,10.319929406503602,8.628624096335662,20.203574880043778,20.203574880043774,20.203574880043774,20.203574880043778,20.203574880043778,10.319929406503606,10.319929406503606,10.319929406503602,10.319929406503606,8.628624096335662,8.628624096335662,8.628624096335662,7.235889181701197,13.179863404433371,13.179863404433373,3.8474099199795986,3.8474099199795986,3.8474099199795986,13.58496795171211,13.58496795171211,13.58496795171211,13.58496795171211,13.58496795171211,13.584967951712114,13.58496795171211,8.628624096335662,20.203574880043778,13.179863404433371,13.179863404433371,13.179863404433373,13.179863404433371,13.179863404433373,10.319929406503602,10.319929406503602,10.319929406503602,8.628624096335662,13.58496795171211,13.584967951712112,13.179863404433373,20.203574880043778,20.203574880043778,20.203574880043774,20.203574880043778,13.179863404433375,13.179863404433373,10.319929406503602,10.319929406503602,6.083105547433789,13.58496795171211,20.203574880043778,20.203574880043774,20.203574880043778,20.203574880043778,10.319929406503602,8.628624096335662,6.083105547433789,6.083105547433792,7.2358891817011965,0.7180710483348933,10.319929406503602,20.203574880043778,20.203574880043778,13.179863404433373,13.179863404433375,10.319929406503604,10.319929406503604,10.319929406503602,8.628624096335662,1.5490358865571114,13.58496795171211,13.179863404433371,13.179863404433371,13.179863404433371,13.179863404433373,13.179863404433373,13.179863404433375,13.179863404433373,10.319929406503606,10.319929406503604,10.319929406503604,13.58496795171211,8.628624096335662,7.235889181701197,20.203574880043778,13.179863404433375,10.319929406503602,10.319929406503606,10.319929406503602,8.628624096335662,8.628624096335662,6.0831055474337905,13.58496795171211,13.58496795171211,10.319929406503602,1.485165121480441,13.584967951712112,13.179863404433371,13.179863404433375,13.179863404433373,10.319929406503602,13.179863404433375,20.203574880043774,13.179863404433373,10.319929406503604,10.319929406503604,10.319929406503604,13.58496795171211,20.203574880043778,20.203574880043778,13.179863404433371,13.179863404433373,10.319929406503602,10.319929406503604,10.319929406503606,10.319929406503606,10.319929406503604,10.319929406503602,13.58496795171211,13.58496795171211,13.58496795171211,2.5451036538045626,20.203574880043778,10.319929406503606,10.319929406503604,10.319929406503602,6.083105547433789,7.235889181701197,13.58496795171211,13.58496795171211,13.58496795171211,7.2358891817011965,13.584967951712112,8.628624096335662,2.5451036538045626,20.203574880043778,10.319929406503604,20.203574880043778,20.203574880043778,13.179863404433371,13.179863404433373,13.179863404433371,10.319929406503604,10.319929406503602,10.319929406503602,3.8474099199795986,13.58496795171211,10.319929406503602,3.8474099199795986,0.0,13.179863404433371,20.203574880043778,13.179863404433373,10.319929406503606,10.319929406503604,10.319929406503604,10.319929406503602,10.319929406503602,10.319929406503602,2.5451036538045626,13.58496795171211,13.58496795171211,13.58496795171211,13.179863404433373,13.179863404433375,13.179863404433371,13.179863404433371,10.319929406503604,10.319929406503604,8.62862409633566,13.58496795171211,13.584967951712112,10.319929406503604,7.2358891817011965,2.5451036538045626,7.235889181701197,13.58496795171211
T85,20.203574880043774,20.203574880043778,0.36839595004795805,13.179863404433371,9.130656188253344,13.179863404433371,13.179863404433375,13.584967951712109,13.584967951712109,13.584967951712109,13.58496795171211,13.179863404433371,13.584967951712112,13.179863404433371,20.203574880043778,20.203574880043778,20.203574880043774,13.179863404433371,13.179863404433373,13.179863404433371,13.179863404433371,13.179863404433371,13.179863404433371,13.179863404433373,20.203574880043778,20.203574880043774,20.203574880043774,20.203574880043778,20.203574880043778,13.179863404433373,13.179863404433373,13.179863404433371,13.179863404433373,13.179863404433373,13.179863404433373,13.179863404433373,13.179863404433373,9.130656188253342,5.467300198468971,13.179863404433371,13.179863404433371,13.179863404433371,13.584967951712109,13.58496795171211,13.58496795171211,13.58496795171211,13.584967951712109,13.584967951712112,13.58496795171211,13.179863404433373,20.203574880043778,5.737194318932163,0.184692519902492,9.130656188253342,5.46730019846897,9.130656188253342,13.179863404433371,13.179863404433371,13.179863404433371,13.179863404433375,13.584967951712109,13.58496795171211,9.130656188253342,20.203574880043778,20.203574880043778,20.203574880043774,20.203574880043778,9.130656188253344,9.130656188253342,13.179863404433371,13.179863404433371,13.179863404433371,13.584967951712109,20.203574880043778,20.203574880043774,20.203574880043778,20.203574880043778,13.179863404433371,13.179863404433373,13.179863404433371,13.179863404433375,13.179863404433371,13.179863404433371,13.179863404433371,20.203574880043778,20.203574880043778,9.130656188253342,9.130656188253345,13.179863404433371,13.179863404433371,13.179863404433371,13.179863404433373,13.179863404433371,13.584967951712109,5.737194318932163,5.737194318932163,5.369015668678944,9.130656188253342,5.467300198468971,9.446669489257818,9.130656188253342,13.179863404433373,13.179863404433371,13.179863404433371,13.58496795171211,13.179863404433373,13.179863404433373,20.203574880043778,9.446669489257818,13.179863404433371,13.179863404433373,13.179863404433371,13.179863404433375,13.179863404433373,13.179863404433371,13.584967951712109,13.58496795171211,13.179863404433371,13.179863404433371,13.58496795171211,0.8787492048946952,5.467300198468972,9.130656188253342,13.179863404433371,5.467300198468972,20.203574880043774,9.130656188253342,13.179863404433371,13.179863404433371,13.179863404433371,13.58496795171211,20.203574880043778,20.203574880043778,0.36839595004795805,5.467300198468971,13.179863404433371,13.179863404433371,13.179863404433375,13.179863404433373,13.179863404433371,13.179863404433371,13.58496795171211,13.58496795171211,13.58496795171211,13.179863404433371,20.203574880043778,13.179863404433373,13.179863404433371,13.179863404433371,13.179863404433371,13.179863404433373,13.58496795171211,13.58496795171211,13.58496795171211,13.179863404433371,13.58496795171211,13.179863404433375,13.179863404433371,20.203574880043778,13.179863404433371,20.203574880043778,20.203574880043778,5.46730019846897,9.130656188253342,9.130656188253342,13.179863404433371,13.179863404433371,13.179863404433371,13.179863404433371,13.58496795171211,13.179863404433371,13.179863404433371,13.179863404433371,0.0,20.203574880043778,9.130656188253342,13.179863404433373,13.179863404433371,13.179863404433371,13.179863404433371,13.179863404433371,13.179863404433371,13.179863404433371,13.58496795171211,13.584967951712109,13.58496795171211,9.130656188253342,9.130656188253345,5.737194318932163,0.4055638433345532,13.179863404433371,13.179863404433371,13.179863404433371,13.584967951712109,13.58496795171211,13.179863404433371,13.179863404433371,13.179863404433371,13.179863404433373,13.584967951712109
T169,4.1091270316511475,6.958920364456178,20.203574880043778,20.203574880043778,20.203574880043778,20.203574880043778,20.203574880043778,20.203574880043778,20.203574880043778,20.203574880043778,20.203574880043778,20.203574880043778,20.203574880043778,20.203574880043778,1.7499919265196038,2.2858456892075876,6.958920364456176,20.203574880043778,20.203574880043778,20.203574880043778,20.203574880043778,20.203574880043778,20.203574880043778,20.203574880043778,2.2858456892075876,4.1091270316511475,4.1091270316511475,4.843887551276387,6.958920364456178,20.203574880043778,20.203574880043778,20.203574880043778,20.203574880043778,20.203574880043778,20.203574880043778,20.203574880043778,20.203574880043778,20.203574880043778,20.203574880043778,20.203574880043778,20.203574880043778,20.203574880043778,20.203574880043778,20.203574880043778,20.203574880043778,20.203574880043778,20.203574880043778,20.203574880043778,20.203574880043778,20.203574880043778,6.958920364456178,20.203574880043778,20.203574880043778,20.203574880043778,20.203574880043778,20.203574880043778,20.203574880043778,20.203574880043778,20.203574880043778,20.203574880043778,20.203574880043778,20.203574880043778,20.203574880043778,2.0423186267698954,2.2858456892075876,4.1091270316511475,4.843887551276387,20.203574880043778,20.203574880043778,20.203574880043778,20.203574880043778,20.203574880043778,20.203574880043778,4.843887551276387,4.1091270316511475,4.843887551276387,4.843887551276387,20.203574880043778,20.203574880043778,20.203574880043778,20.203574880043778,20.203574880043778,20.203574880043778,20.203574880043778,2.0423186267698954,2.0423186267698954,20.203574880043778,20.203574880043778,20.203574880043778,20.203574880043778,20.203574880043778,20.203574880043778,20.203574880043778,20.203574880043778,20.203574880043778,20.203574880043778,20.203574880043778,20.203574880043778,20.203574880043778,20.203574880043778,20.203574880043778,20.203574880043778,20.203574880043778,20.203574880043778,20.203574880043778,20.203574880043778,20.203574880043778,4.843887551276387,20.203574880043778,20.203574880043778,20.203574880043778,20.203574880043778,20.203574880043778,20.203574880043778,20.203574880043778,20.203574880043778,20.203574880043778,20.203574880043778,20.203574880043778,20.203574880043778,20.203574880043778,20.203574880043778,20.203574880043778,20.203574880043778,20.203574880043778,6.958920364456176,20.203574880043778,20.203574880043778,20.203574880043778,20.203574880043778,20.203574880043778,2.0423186267698954,1.7499919265196038,20.203574880043778,20.203574880043778,20.203574880043778,20.203574880043778,20.203574880043778,20.203574880043778,20.203574880043778,20.203574880043778,20.203574880043778,20.203574880043778,20.203574880043778,20.203574880043778,0.2154840768766121,20.203574880043778,20.203574880043778,20.203574880043778,20.203574880043778,20.203574880043778,20.203574880043778,20.203574880043778,20.203574880043778,20.203574880043778,20.203574880043778,20.203574880043778,20.203574880043778,8.401082459999703,20.203574880043778,1.7499919265196038,0.3438185380379546,20.203574880043778,20.203574880043778,20.203574880043778,20.203574880043778,20.203574880043778,20.203574880043778,20.203574880043778,20.203574880043778,20.203574880043778,20.203574880043778,20.203574880043778,20.203574880043778,0.0,20.203574880043778,20.203574880043778,20.203574880043778,20.203574880043778,20.203574880043778,20.203574880043778,20.203574880043778,20.203574880043778,20.203574880043778,20.203574880043778,20.203574880043778,20.203574880043778,20.203574880043778,20.203574880043778,20.203574880043778,20.203574880043778,20.203574880043778,20.203574880043778,20.203574880043778,20.203574880043778,20.203574880043778,20.203574880043778,20.203574880043778,20.203574880043778,20.203574880043778
T195,20.203574880043774,20.203574880043778,9.130656188253342,13.179863404433371,8.476536775462089,13.179863404433373,13.179863404433375,13.58496795171211,13.58496795171211,13.58496795171211,13.58496795171211,13.179863404433373,13.584967951712114,13.179863404433371,20.203574880043778,20.203574880043778,20.203574880043774,13.179863404433373,13.179863404433375,13.179863404433373,13.179863404433373,13.179863404433371,13.179863404433371,13.179863404433375,20.203574880043778,20.203574880043774,20.203574880043774,20.203574880043778,20.203574880043778,13.179863404433375,13.179863404433375,13.179863404433371,13.179863404433375,13.179863404433375,13.179863404433375,13.179863404433375,13.179863404433375,8.476536775462087,9.130656188253344,13.179863404433373,13.179863404433373,13.179863404433373,13.58496795171211,13.58496795171211,13.58496795171211,13.58496795171211,13.58496795171211,13.584967951712114,13.58496795171211,13.179863404433375,20.203574880043778,9.130656188253342,9.130656188253342,4.6083948201413785,9.130656188253342,6.621509368212762,13.179863404433371,13.179863404433371,13.179863404433371,13.179863404433375,13.58496795171211,13.584967951712112,6.621509368212762,20.203574880043778,20.203574880043778,20.203574880043774,20.203574880043778,8.476536775462089,6.621509368212763,13.179863404433371,13.179863404433371,13.179863404433373,13.58496795171211,20.203574880043778,20.203574880043774,20.203574880043778,20.203574880043778,13.179863404433371,13.179863404433375,13.179863404433373,13.179863404433375,13.179863404433373,13.179863404433373,13.179863404433371,20.203574880043778,20.203574880043778,8.476536775462087,6.621509368212765,13.179863404433373,13.179863404433373,13.179863404433371,13.179863404433375,13.179863404433373,13.58496795171211,9.130656188253342,9.130656188253342,9.130656188253342,4.6083948201413785,9.130656188253344,9.446669489257818,6.621509368212763,13.179863404433375,13.179863404433373,13.179863404433373,13.58496795171211,13.179863404433375,13.179863404433375,20.203574880043778,9.446669489257818,13.179863404433371,13.179863404433375,13.179863404433371,13.179863404433375,13.179863404433375,13.179863404433373,13.58496795171211,13.58496795171211,13.179863404433371,13.179863404433373,13.584967951712112,9.130656188253342,9.130656188253345,6.621509368212763,13.179863404433371,9.130656188253345,20.203574880043774,8.476536775462087,13.179863404433373,13.179863404433373,13.179863404433373,13.58496795171211,20.203574880043778,20.203574880043778,9.130656188253342,9.130656188253344,13.179863404433371,13.179863404433373,13.179863404433375,13.179863404433375,13.179863404433373,13.179863404433371,13.58496795171211,13.58496795171211,13.58496795171211,13.179863404433373,20.203574880043778,13.179863404433375,13.179863404433373,13.179863404433371,13.179863404433373,13.179863404433375,13.58496795171211,13.58496795171211,13.58496795171211,13.179863404433373,13.584967951712112,13.179863404433375,13.179863404433373,20.203574880043778,13.179863404433373,20.203574880043778,20.203574880043778,9.130656188253342,6.621509368212763,8.476536775462087,13.179863404433373,13.179863404433371,13.179863404433371,13.179863404433373,13.58496795171211,13.179863404433371,13.179863404433373,13.179863404433373,9.130656188253342,20.203574880043778,0.0,13.179863404433375,13.179863404433373,13.179863404433373,13.179863404433371,13.179863404433371,13.179863404433371,13.179863404433373,13.58496795171211,13.58496795171211,13.58496795171211,6.621509368212763,6.621509368212765,9.130656188253342,9.130656188253342,13.179863404433373,13.179863404433373,13.179863404433373,13.58496795171211,13.584967951712112,13.179863404433373,13.179863404433373,13.179863404433373,13.179863404433375,13.58496795171211
T137,20.203574880043778,20.203574880043778,13.179863404433373,5.542290253491287,13.179863404433375,10.319929406503606,10.319929406503608,13.58496795171211,13.58496795171211,13.58496795171211,13.584967951712112,10.319929406503606,13.584967951712114,5.542290253491287,20.203574880043778,20.203574880043778,20.203574880043778,8.146882099671767,7.022614077073533,7.022614077073533,7.022614077073533,9.43087362239859,9.43087362239859,10.319929406503606,20.203574880043778,20.203574880043778,20.203574880043778,20.203574880043778,20.203574880043778,6.559493761161399,6.559493761161399,7.022614077073532,7.022614077073534,10.319929406503606,10.319929406503606,10.319929406503606,10.319929406503606,13.179863404433373,13.179863404433375,10.319929406503606,10.319929406503606,10.319929406503606,13.58496795171211,13.584967951712112,13.58496795171211,13.58496795171211,13.58496795171211,13.584967951712114,13.584967951712112,10.319929406503606,20.203574880043778,13.179863404433373,13.179863404433373,13.179863404433375,13.179863404433373,13.179863404433375,7.0226140770735315,9.43087362239859,9.43087362239859,10.319929406503606,13.58496795171211,13.584967951712114,13.179863404433375,20.203574880043778,20.203574880043778,20.203574880043778,20.203574880043778,13.179863404433375,13.179863404433375,7.022614077073532,9.43087362239859,10.319929406503606,13.58496795171211,20.203574880043778,20.203574880043778,20.203574880043778,20.203574880043778,9.43087362239859,10.319929406503606,10.319929406503606,10.319929406503606,10.319929406503606,10.319929406503606,5.542290253491287,20.203574880043778,20.203574880043778,13.179863404433375,13.179863404433375,7.022614077073533,9.430873622398591,9.43087362239859,10.319929406503606,10.319929406503606,13.58496795171211,13.179863404433373,13.179863404433373,13.179863404433373,13.179863404433375,13.179863404433375,13.179863404433375,13.179863404433375,7.022614077073533,7.022614077073533,9.430873622398591,13.58496795171211,10.319929406503606,10.319929406503606,20.203574880043778,13.179863404433375,7.0226140770735315,7.022614077073533,9.43087362239859,10.319929406503606,10.319929406503606,10.319929406503606,13.58496795171211,13.584967951712112,9.43087362239859,10.319929406503606,13.584967951712114,13.179863404433373,13.179863404433375,13.179863404433375,5.542290253491287,13.179863404433375,20.203574880043778,13.179863404433375,8.146882099671767,6.559493761161399,9.430873622398591,13.58496795171211,20.203574880043778,20.203574880043778,13.179863404433373,13.179863404433375,5.542290253491287,7.022614077073533,7.022614077073535,7.022614077073534,7.022614077073533,9.43087362239859,13.58496795171211,13.58496795171211,13.584967951712112,10.319929406503606,20.203574880043778,7.022614077073533,7.022614077073533,9.43087362239859,10.319929406503606,10.319929406503606,13.584967951712112,13.58496795171211,13.58496795171211,10.319929406503606,13.584967951712114,10.319929406503606,10.319929406503606,20.203574880043778,8.146882099671767,20.203574880043778,20.203574880043778,13.179863404433373,13.179863404433375,13.179863404433373,8.146882099671767,9.43087362239859,9.43087362239859,10.319929406503606,13.584967951712112,9.43087362239859,10.319929406503606,10.319929406503606,13.179863404433373,20.203574880043778,13.179863404433375,0.0,7.022614077073533,9.430873622398591,9.43087362239859,9.43087362239859,9.43087362239859,10.319929406503606,13.58496795171211,13.58496795171211,13.584967951712112,13.179863404433375,13.179863404433375,13.179863404433373,13.179863404433373,7.022614077073533,7.022614077073533,10.319929406503606,13.58496795171211,13.584967951712114,9.430873622398591,10.319929406503606,10.319929406503606,10.319929406503606,13.58496795171211
T27,20.203574880043774,20.203574880043778,13.179863404433371,7.0226140770735315,13.179863404433375,10.319929406503604,10.319929406503606,13.58496795171211,13.58496795171211,13.58496795171211,13.58496795171211,10.319929406503604,13.584967951712114,7.0226140770735315,20.203574880043778,20.203574880043778,20.203574880043774,8.146882099671767,3.4640706085723734,1.5134427452013546,1.5134427452013546,9.43087362239859,9.43087362239859,10.319929406503606,20.203574880043778,20.203574880043774,20.203574880043774,20.203574880043778,20.203574880043778,7.022614077073533,7.022614077073533,4.931322423087891,4.9313224230878925,10.319929406503606,10.319929406503606,10.319929406503606,10.319929406503606,13.179863404433371,13.179863404433373,10.319929406503604,10.319929406503604,10.319929406503604,13.58496795171211,13.58496795171211,13.58496795171211,13.58496795171211,13.58496795171211,13.584967951712114,13.58496795171211,10.319929406503606,20.203574880043778,13.179863404433371,13.179863404433371,13.179863404433373,13.179863404433371,13.179863404433373,4.931322423087891,9.43087362239859,9.43087362239859,10.319929406503606,13.58496795171211,13.584967951712112,13.179863404433373,20.203574880043778,20.203574880043778,20.203574880043774,20.203574880043778,13.179863404433375,13.179863404433373,4.931322423087891,9.43087362239859,10.319929406503604,13.58496795171211,20.203574880043778,20.203574880043774,20.203574880043778,20.203574880043778,9.43087362239859,10.319929406503606,10.319929406503604,10.319929406503606,10.319929406503604,10.319929406503604,7.0226140770735315,20.203574880043778,20.203574880043778,13.179863404433373,13.179863404433375,4.931322423087892,9.43087362239859,9.43087362239859,10.319929406503606,10.319929406503604,13.58496795171211,13.179863404433371,13.179863404433371,13.179863404433371,13.179863404433373,13.179863404433373,13.179863404433375,13.179863404433373,3.4640706085723734,1.5134427452013546,9.43087362239859,13.58496795171211,10.319929406503606,10.319929406503606,20.203574880043778,13.179863404433375,4.931322423087891,3.4640706085723734,9.43087362239859,10.319929406503606,10.319929406503606,10.319929406503604,13.58496795171211,13.58496795171211,9.43087362239859,10.319929406503604,13.584967951712112,13.179863404433371,13.179863404433375,13.179863404433373,7.0226140770735315,13.179863404433375,20.203574880043774,13.179863404433373,8.146882099671767,7.0226140770735315,9.43087362239859,13.58496795171211,20.203574880043778,20.203574880043778,13.179863404433371,13.179863404433373,7.0226140770735315,4.931322423087892,4.931322423087893,4.9313224230878925,0.5109623596625512,9.43087362239859,13.58496795171211,13.58496795171211,13.58496795171211,10.319929406503604,20.203574880043778,3.4640706085723734,1.5134427452013548,9.43087362239859,10.319929406503604,10.319929406503606,13.58496795171211,13.58496795171211,13.58496795171211,10.319929406503604,13.584967951712112,10.319929406503606,10.319929406503604,20.203574880043778,8.146882099671767,20.203574880043778,20.203574880043778,13.179863404433371,13.179863404433373,13.179863404433371,8.146882099671767,9.43087362239859,9.43087362239859,10.319929406503604,13.58496795171211,9.43087362239859,10.319929406503604,10.319929406503604,13.179863404433371,20.203574880043778,13.179863404433373,7.022614077073533,0.0,9.43087362239859,9.43087362239859,9.43087362239859,9.43087362239859,10.319929406503604,13.58496795171211,13.58496795171211,13.58496795171211,13.179863404433373,13.179863404433375,13.179863404433371,13.179863404433371,4.931322423087892,0.20292490755914527,10.319929406503604,13.58496795171211,13.584967951712112,9.43087362239859,10.319929406503604,10.319929406503604,10.319929406503606,13.58496795171211
T11,20.203574880043774,20.203574880043778,13.179863404433371,9.43087362239859,13.179863404433375,10.319929406503604,10.319929406503606,13.58496795171211,13.58496795171211,13.58496795171211,13.58496795171211,10.319929406503604,13.584967951712114,9.43087362239859,20.203574880043778,20.203574880043778,20.203574880043774,9.43087362239859,9.430873622398591,9.43087362239859,9.43087362239859,7.549699367992667,7.549699367992667,10.319929406503606,20.203574880043778,20.203574880043774,20.203574880043774,20.203574880043778,20.203574880043778,9.430873622398591,9.430873622398591,9.43087362239859,9.430873622398591,10.319929406503606,10.319929406503606,10.319929406503606,10.319929406503606,13.179863404433371,13.179863404433373,10.319929406503604,10.319929406503604,10.319929406503604,13.58496795171211,13.58496795171211,13.58496795171211,13.58496795171211,13.58496795171211,13.584967951712114,13.58496795171211,10.319929406503606,20.203574880043778,13.179863404433371,13.179863404433371,13.179863404433373,13.179863404433371,13.179863404433373,9.43087362239859,7.549699367992667,7.883705707959611,10.319929406503606,13.58496795171211,13.584967951712112,13.179863404433373,20.203574880043778,20.203574880043778,20.203574880043774,20.203574880043778,13.179863404433375,13.179863404433373,9.43087362239859,7.549699367992667,10.319929406503604,13.58496795171211,20.203574880043778,20.203574880043774,20.203574880043778,20.203574880043778,7.549699367992667,10.319929406503606,10.319929406503604,10.319929406503606,10.319929406503604,10.319929406503604,9.43087362239859,20.203574880043778,20.203574880043778,13.179863404433373,13.179863404433375,9.43087362239859,0.6290364342942913,7.549699367992668,10.319929406503606,10.319929406503604,13.58496795171211,13.179863404433371,13.179863404433371,13.179863404433371,13.179863404433373,13.179863404433373,13.179863404433375,13.179863404433373,9.430873622398591,9.43087362239859,1.39911372680722,13.58496795171211,10.319929406503606,10.319929406503606,20.203574880043778,13.179863404433375,9.43087362239859,9.430873622398591,7.549699367992668,10.319929406503606,10.319929406503606,10.319929406503604,13.58496795171211,13.58496795171211,7.549699367992667,10.319929406503604,13.584967951712112,13.179863404433371,13.179863404433375,13.179863404433373,9.43087362239859,13.179863404433375,20.203574880043774,13.179863404433373,9.43087362239859,9.43087362239859,0.6290364342942913,13.58496795171211,20.203574880043778,20.203574880043778,13.179863404433371,13.179863404433373,9.43087362239859,9.43087362239859,9.430873622398591,9.430873622398591,9.43087362239859,7.549699367992668,13.58496795171211,13.58496795171211,13.58496795171211,10.319929406503604,20.203574880043778,9.430873622398591,9.43087362239859,7.549699367992668,10.319929406503604,10.319929406503606,13.58496795171211,13.58496795171211,13.58496795171211,10.319929406503604,13.584967951712112,10.319929406503606,10.319929406503604,20.203574880043778,9.43087362239859,20.203574880043778,20.203574880043778,13.179863404433371,13.179863404433373,13.179863404433371,9.43087362239859,7.549699367992667,7.549699367992668,10.319929406503604,13.58496795171211,7.549699367992668,10.319929406503604,10.319929406503604,13.179863404433371,20.203574880043778,13.179863404433373,9.430873622398591,9.43087362239859,0.0,7.549699367992668,7.549699367992668,7.549699367992667,10.319929406503604,13.58496795171211,13.58496795171211,13.58496795171211,13.179863404433373,13.179863404433375,13.179863404433371,13.179863404433371,9.43087362239859,9.43087362239859,10.319929406503604,13.58496795171211,13.584967951712112,1.39911372680722,10.319929406503604,10.319929406503604,10.319929406503606,13.58496795171211
T127,20.203574880043774,20.203574880043778,13.179863404433371,9.43087362239859,13.179863404433373,10.319929406503602,10.319929406503606,13.584967951712109,13.584967951712109,13.584967951712109,13.58496795171211,10.319929406503602,13.584967951712112,9.43087362239859,20.203574880043778,20.203574880043778,20.203574880043774,9.43087362239859,9.43087362239859,9.43087362239859,9.43087362239859,7.315471920686967,7.315471920686967,10.319929406503604,20.203574880043778,20.203574880043774,20.203574880043774,20.203574880043778,20.203574880043778,9.43087362239859,9.43087362239859,9.43087362239859,9.43087362239859,10.319929406503604,10.319929406503604,10.319929406503604,10.319929406503604,13.179863404433371,13.179863404433371,10.319929406503602,10.319929406503602,10.319929406503602,13.584967951712109,13.58496795171211,13.58496795171211,13.58496795171211,13.584967951712109,13.584967951712112,13.58496795171211,10.319929406503604,20.203574880043778,13.179863404433371,13.179863404433371,13.179863404433371,13.179863404433371,13.179863404433371,9.43087362239859,7.315471920686967,7.88370570795961,10.319929406503606,13.584967951712109,13.58496795171211,13.179863404433371,20.203574880043778,20.203574880043778,20.203574880043774,20.203574880043778,13.179863404433373,13.179863404433371,9.43087362239859,7.315471920686967,10.319929406503602,13.584967951712109,20.203574880043778,20.203574880043774,20.203574880043778,20.203574880043778,7.315471920686967,10.319929406503604,10.319929406503602,10.319929406503606,10.319929406503602,10.319929406503602,9.43087362239859,20.203574880043778,20.203574880043778,13.179863404433371,13.179863404433375,9.43087362239859,7.549699367992668,7.315471920686967,10.319929406503604,10.319929406503602,13.584967951712109,13.179863404433371,13.179863404433371,13.179863404433371,13.179863404433371,13.179863404433371,13.179863404433375,13.179863404433371,9.43087362239859,9.43087362239859,7.549699367992668,13.58496795171211,10.319929406503604,10.319929406503604,20.203574880043778,13.179863404433375,9.43087362239859,9.43087362239859,0.46907935081884394,10.319929406503606,10.319929406503604,10.319929406503602,13.584967951712109,13.58496795171211,7.315471920686967,10.319929406503602,13.58496795171211,13.179863404433371,13.179863404433373,13.179863404433371,9.43087362239859,13.179863404433373,20.203574880043774,13.179863404433371,9.43087362239859,9.43087362239859,7.549699367992668,13.58496795171211,20.203574880043778,20.203574880043778,13.179863404433371,13.179863404433371,9.43087362239859,9.43087362239859,9.430873622398591,9.43087362239859,9.43087362239859,7.315471920686967,13.58496795171211,13.58496795171211,13.58496795171211,10.319929406503602,20.203574880043778,9.43087362239859,9.43087362239859,2.0897102458216024,10.319929406503602,10.319929406503604,13.58496795171211,13.58496795171211,13.58496795171211,10.319929406503602,13.58496795171211,10.319929406503606,10.319929406503602,20.203574880043778,9.43087362239859,20.203574880043778,20.203574880043778,13.179863404433371,13.179863404433371,13.179863404433371,9.43087362239859,7.315471920686967,7.315471920686967,10.319929406503602,13.58496795171211,7.315471920686967,10.319929406503602,10.319929406503602,13.179863404433371,20.203574880043778,13.179863404433371,9.43087362239859,9.43087362239859,7.549699367992668,0.0,7.315471920686967,7.315471920686967,10.319929406503602,13.58496795171211,13.584967951712109,13.58496795171211,13.179863404433371,13.179863404433375,13.179863404433371,13.179863404433371,9.43087362239859,9.43087362239859,10.319929406503602,13.584967951712109,13.58496795171211,7.549699367992668,10.319929406503602,10.319929406503602,10.319929406503604,13.584967951712109
T53,20.203574880043774,20.203574880043778,13.179863404433371,9.43087362239859,13.179863404433373,10.319929406503602,10.319929406503606,13.584967951712109,13.584967951712109,13.584967951712109,13.58496795171211,10.319929406503602,13.584967951712112,9.43087362239859,20.203574880043778,20.203574880043778,20.203574880043774,9.43087362239859,9.43087362239859,9.43087362239859,9.43087362239859,2.8159214633795986,2.3090995837757062,10.319929406503604,20.203574880043778,20.203574880043774,20.203574880043774,20.203574880043778,20.203574880043778,9.43087362239859,9.43087362239859,9.43087362239859,9.43087362239859,10.319929406503604,10.319929406503604,10.319929406503604,10.319929406503604,13.179863404433371,13.179863404433371,10.319929406503602,10.319929406503602,10.319929406503602,13.584967951712109,13.58496795171211,13.58496795171211,13.58496795171211,13.584967951712109,13.584967951712112,13.58496795171211,10.319929406503604,20.203574880043778,13.179863404433371,13.179863404433371,13.179863404433371,13.179863404433371,13.179863404433371,9.43087362239859,2.3090995837757062,7.88370570795961,10.319929406503606,13.584967951712109,13.58496795171211,13.179863404433371,20.203574880043778,20.203574880043778,20.203574880043774,20.203574880043778,13.179863404433373,13.179863404433371,9.43087362239859,2.3090995837757062,10.319929406503602,13.584967951712109,20.203574880043778,20.203574880043774,20.203574880043778,20.203574880043778,2.8159214633795986,10.319929406503604,10.319929406503602,10.319929406503606,10.319929406503602,10.319929406503602,9.43087362239859,20.203574880043778,20.203574880043778,13.179863404433371,13.179863404433375,9.43087362239859,7.549699367992668,0.4100747017283465,10.319929406503604,10.319929406503602,13.584967951712109,13.179863404433371,13.179863404433371,13.179863404433371,13.179863404433371,13.179863404433371,13.179863404433375,13.179863404433371,9.43087362239859,9.43087362239859,7.549699367992668,13.58496795171211,10.319929406503604,10.319929406503604,20.203574880043778,13.179863404433375,9.43087362239859,9.43087362239859,7.315471920686967,10.319929406503606,10.319929406503604,10.319929406503602,13.584967951712109,13.58496795171211,2.8159214633795986,10.319929406503602,13.58496795171211,13.179863404433371,13.179863404433373,13.179863404433371,9.43087362239859,13.179863404433373,20.203574880043774,13.179863404433371,9.43087362239859,9.43087362239859,7.549699367992668,13.58496795171211,20.203574880043778,20.203574880043778,13.179863404433371,13.179863404433371,9.43087362239859,9.43087362239859,9.430873622398591,9.43087362239859,9.43087362239859,0.4100747017283465,13.58496795171211,13.58496795171211,13.58496795171211,10.319929406503602,20.203574880043778,9.43087362239859,9.43087362239859,7.315471920686967,10.319929406503602,10.319929406503604,13.58496795171211,13.58496795171211,13.58496795171211,10.319929406503602,13.58496795171211,10.319929406503606,10.319929406503602,20.203574880043778,9.43087362239859,20.203574880043778,20.203574880043778,13.179863404433371,13.179863404433371,13.179863404433371,9.43087362239859,2.8159214633795986,0.001098364211960798,10.319929406503602,13.58496795171211,0.11519378722399498,10.319929406503602,10.319929406503602,13.179863404433371,20.203574880043778,13.179863404433371,9.43087362239859,9.43087362239859,7.549699367992668,7.315471920686967,0.0,0.8202175488350631,10.319929406503602,13.58496795171211,13.584967951712109,13.58496795171211,13.179863404433371,13.179863404433375,13.179863404433371,13.179863404433371,9.43087362239859,9.43087362239859,10.319929406503602,13.584967951712109,13.58496795171211,7.549699367992668,10.319929406503602,10.319929406503602,10.319929406503604,13.584967951712109
T95,20.203574880043774,20.203574880043778,13.179863404433371,9.430873622398588,13.179863404433373,10.319929406503602,10.319929406503606,13.584967951712109,13.584967951712109,13.584967951712109,13.58496795171211,10.319929406503602,13.584967951712112,9.430873622398588,20.203574880043778,20.203574880043778,20.203574880043774,9.43087362239859,9.43087362239859,9.43087362239859,9.43087362239859,2.815921463379598,2.3090995837757062,10.319929406503604,20.203574880043778,20.203574880043774,20.203574880043774,20.203574880043778,20.203574880043778,9.43087362239859,9.43087362239859,9.430873622398588,9.43087362239859,10.319929406503604,10.319929406503604,10.319929406503604,10.319929406503604,13.179863404433371,13.179863404433371,10.319929406503602,10.319929406503602,10.319929406503602,13.584967951712109,13.58496795171211,13.58496795171211,13.58496795171211,13.584967951712109,13.584967951712112,13.58496795171211,10.319929406503604,20.203574880043778,13.179863404433371,13.179863404433371,13.179863404433371,13.179863404433371,13.179863404433371,9.430873622398588,2.3090995837757062,7.88370570795961,10.319929406503606,13.584967951712109,13.58496795171211,13.179863404433371,20.203574880043778,20.203574880043778,20.203574880043774,20.203574880043778,13.179863404433373,13.179863404433371,9.430873622398588,2.3090995837757062,10.319929406503602,13.584967951712109,20.203574880043778,20.203574880043774,20.203574880043778,20.203574880043778,2.815921463379598,10.319929406503604,10.319929406503602,10.319929406503606,10.319929406503602,10.319929406503602,9.430873622398588,20.203574880043778,20.203574880043778,13.179863404433371,13.179863404433375,9.43087362239859,7.549699367992667,0.8202175488350631,10.319929406503604,10.319929406503602,13.584967951712109,13.179863404433371,13.179863404433371,13.179863404433371,13.179863404433371,13.179863404433371,13.179863404433375,13.179863404433371,9.43087362239859,9.43087362239859,7.549699367992667,13.58496795171211,10.319929406503604,10.319929406503604,20.203574880043778,13.179863404433375,9.430873622398588,9.43087362239859,7.315471920686967,10.319929406503606,10.319929406503604,10.319929406503602,13.584967951712109,13.58496795171211,2.815921463379598,10.319929406503602,13.58496795171211,13.179863404433371,13.179863404433373,13.179863404433371,9.430873622398588,13.179863404433373,20.203574880043774,13.179863404433371,9.43087362239859,9.43087362239859,7.549699367992667,13.58496795171211,20.203574880043778,20.203574880043778,13.179863404433371,13.179863404433371,9.430873622398588,9.43087362239859,9.430873622398591,9.43087362239859,9.43087362239859,0.8202175488350631,13.58496795171211,13.58496795171211,13.58496795171211,10.319929406503602,20.203574880043778,9.43087362239859,9.43087362239859,7.315471920686967,10.319929406503602,10.319929406503604,13.58496795171211,13.58496795171211,13.58496795171211,10.319929406503602,13.58496795171211,10.319929406503606,10.319929406503602,20.203574880043778,9.43087362239859,20.203574880043778,20.203574880043778,13.179863404433371,13.179863404433371,13.179863404433371,9.43087362239859,2.815921463379598,0.8202175488350631,10.319929406503602,13.58496795171211,0.8202175488350631,10.319929406503602,10.319929406503602,13.179863404433371,20.203574880043778,13.179863404433371,9.43087362239859,9.43087362239859,7.549699367992667,7.315471920686967,0.8202175488350631,0.0,10.319929406503602,13.58496795171211,13.584967951712109,13.58496795171211,13.179863404433371,13.179863404433375,13.179863404433371,13.179863404433371,9.43087362239859,9.43087362239859,10.319929406503602,13.584967951712109,13.58496795171211,7.549699367992667,10.319929406503602,10.319929406503602,10.319929406503604,13.584967951712109
T43,20.203574880043774,20.203574880043778,13.179863404433371,10.319929406503602,13.179863404433375,0.3381819878133253,7.235889181701199,13.58496795171211,13.58496795171211,13.58496795171211,13.58496795171211,7.2358891817011965,13.584967951712114,10.319929406503602,20.203574880043778,20.203574880043778,20.203574880043774,10.319929406503604,10.319929406503606,10.319929406503604,10.319929406503604,10.319929406503602,10.319929406503602,8.628624096335662,20.203574880043778,20.203574880043774,20.203574880043774,20.203574880043778,20.203574880043778,10.319929406503606,10.319929406503606,10.319929406503602,10.319929406503606,8.628624096335662,8.628624096335662,8.628624096335662,7.235889181701197,13.179863404433371,13.179863404433373,3.847409919979598,3.847409919979598,3.847409919979598,13.58496795171211,13.58496795171211,13.58496795171211,13.58496795171211,13.58496795171211,13.584967951712114,13.58496795171211,8.628624096335662,20.203574880043778,13.179863404433371,13.179863404433371,13.179863404433373,13.179863404433371,13.179863404433373,10.319929406503602,10.319929406503602,10.319929406503602,8.628624096335662,13.58496795171211,13.584967951712112,13.179863404433373,20.203574880043778,20.203574880043778,20.203574880043774,20.203574880043778,13.179863404433375,13.179863404433373,10.319929406503602,10.319929406503602,6.083105547433789,13.58496795171211,20.203574880043778,20.203574880043774,20.203574880043778,20.203574880043778,10.319929406503602,8.628624096335662,6.083105547433789,6.0831055474337905,7.2358891817011965,2.5451036538045626,10.319929406503602,20.203574880043778,20.203574880043778,13.179863404433373,13.179863404433375,10.319929406503604,10.319929406503604,10.319929406503602,8.628624096335662,2.5451036538045626,13.58496795171211,13.179863404433371,13.179863404433371,13.179863404433371,13.179863404433373,13.179863404433373,13.179863404433375,13.179863404433373,10.319929406503606,10.319929406503604,10.319929406503604,13.58496795171211,8.628624096335662,7.235889181701197,20.203574880043778,13.179863404433375,10.319929406503602,10.319929406503606,10.319929406503602,8.628624096335662,8.628624096335662,6.083105547433789,13.58496795171211,13.58496795171211,10.319929406503602,2.5451036538045626,13.584967951712112,13.179863404433371,13.179863404433375,13.179863404433373,10.319929406503602,13.179863404433375,20.203574880043774,13.179863404433373,10.319929406503604,10.319929406503604,10.319929406503604,13.58496795171211,20.203574880043778,20.203574880043778,13.179863404433371,13.179863404433373,10.319929406503602,10.319929406503604,10.319929406503606,10.319929406503606,10.319929406503604,10.319929406503602,13.58496795171211,13.58496795171211,13.58496795171211,1.0238960926335272,20.203574880043778,10.319929406503606,10.319929406503604,10.319929406503602,6.083105547433789,7.235889181701197,13.58496795171211,13.58496795171211,13.58496795171211,7.2358891817011965,13.584967951712112,8.628624096335662,0.3381819878133253,20.203574880043778,10.319929406503604,20.203574880043778,20.203574880043778,13.179863404433371,13.179863404433373,13.179863404433371,10.319929406503604,10.319929406503602,10.319929406503602,3.847409919979598,13.58496795171211,10.319929406503602,3.847409919979598,2.5451036538045626,13.179863404433371,20.203574880043778,13.179863404433373,10.319929406503606,10.319929406503604,10.319929406503604,10.319929406503602,10.319929406503602,10.319929406503602,0.0,13.58496795171211,13.58496795171211,13.58496795171211,13.179863404433373,13.179863404433375,13.179863404433371,13.179863404433371,10.319929406503604,10.319929406503604,8.62862409633566,13.58496795171211,13.584967951712112,10.319929406503604,7.2358891817011965,0.07155733491444038,7.235889181701197,13.58496795171211
T29,20.203574880043774,20.203574880043778,13.58496795171211,13.58496795171211,13.58496795171211,13.58496795171211,13.584967951712114,10.957120558947592,10.957120558947592,10.957120558947592,3.8591075589156874,13.58496795171211,10.0340299622269,13.58496795171211,20.203574880043778,20.203574880043778,20.203574880043774,13.58496795171211,13.58496795171211,13.58496795171211,13.58496795171211,13.58496795171211,13.58496795171211,13.58496795171211,20.203574880043778,20.203574880043774,20.203574880043774,20.203574880043778,20.203574880043778,13.58496795171211,13.58496795171211,13.58496795171211,13.58496795171211,13.58496795171211,13.58496795171211,13.58496795171211,13.58496795171211,13.58496795171211,13.58496795171211,13.58496795171211,13.58496795171211,13.58496795171211,10.957120558947592,10.0340299622269,0.32793561351467343,3.8591075589156874,10.957120558947592,10.0340299622269,3.8591075589156874,13.58496795171211,20.203574880043778,13.58496795171211,13.58496795171211,13.58496795171211,13.58496795171211,13.58496795171211,13.58496795171211,13.58496795171211,13.58496795171211,13.584967951712112,10.957120558947592,10.0340299622269,13.58496795171211,20.203574880043778,20.203574880043778,20.203574880043774,20.203574880043778,13.58496795171211,13.58496795171211,13.58496795171211,13.58496795171211,13.58496795171211,10.957120558947592,20.203574880043778,20.203574880043774,20.203574880043778,20.203574880043778,13.58496795171211,13.58496795171211,13.58496795171211,13.584967951712112,13.58496795171211,13.58496795171211,13.58496795171211,20.203574880043778,20.203574880043778,13.58496795171211,13.584967951712112,13.58496795171211,13.58496795171211,13.58496795171211,13.58496795171211,13.58496795171211,10.957120558947592,13.58496795171211,13.58496795171211,13.58496795171211,13.58496795171211,13.58496795171211,13.584967951712112,13.58496795171211,13.58496795171211,13.58496795171211,13.58496795171211,0.32531066162095346,13.58496795171211,13.58496795171211,20.203574880043778,13.584967951712112,13.58496795171211,13.58496795171211,13.58496795171211,13.584967951712112,13.58496795171211,13.58496795171211,10.957120558947592,3.8591075589156874,13.58496795171211,13.58496795171211,10.0340299622269,13.58496795171211,13.58496795171211,13.58496795171211,13.58496795171211,13.58496795171211,20.203574880043774,13.58496795171211,13.58496795171211,13.58496795171211,13.58496795171211,0.32793561351467343,20.203574880043778,20.203574880043778,13.58496795171211,13.58496795171211,13.58496795171211,13.58496795171211,13.584967951712112,13.58496795171211,13.58496795171211,13.58496795171211,10.957120558947592,10.957120558947592,10.0340299622269,13.58496795171211,20.203574880043778,13.58496795171211,13.58496795171211,13.58496795171211,13.58496795171211,13.58496795171211,3.8591075589156874,3.8591075589156874,3.8591075589156874,13.58496795171211,10.0340299622269,13.584967951712112,13.58496795171211,20.203574880043778,13.58496795171211,20.203574880043778,20.203574880043778,13.58496795171211,13.58496795171211,13.58496795171211,13.58496795171211,13.58496795171211,13.58496795171211,13.58496795171211,3.8591075589156874,13.58496795171211,13.58496795171211,13.58496795171211,13.58496795171211,20.203574880043778,13.58496795171211,13.58496795171211,13.58496795171211,13.58496795171211,13.58496795171211,13.58496795171211,13.58496795171211,13.58496795171211,0.0,10.957120558947592,3.8591075589156874,13.58496795171211,13.584967951712112,13.58496795171211,13.58496795171211,13.58496795171211,13.58496795171211,13.58496795171211,10.957120558947592,10.0340299622269,13.58496795171211,13.58496795171211,13.58496795171211,13.58496795171211,10.957120558947592
T150,20.203574880043774,20.203574880043778,13.584967951712109,13.584967951712109,13.58496795171211,13.58496795171211,13.584967951712112,2.765865610216939,2.758288618266965,2.7582886182669655,10.957120558947592,13.58496795171211,10.957120558947594,13.584967951712109,20.203574880043778,20.203574880043778,20.203574880043774,13.58496795171211,13.58496795171211,13.58496795171211,13.58496795171211,13.584967951712109,13.584967951712109,13.58496795171211,20.203574880043778,20.203574880043774,20.203574880043774,20.203574880043778,20.203574880043778,13.58496795171211,13.58496795171211,13.584967951712109,13.58496795171211,13.58496795171211,13.58496795171211,13.58496795171211,13.58496795171211,13.584967951712109,13.58496795171211,13.58496795171211,13.58496795171211,13.58496795171211,0.5709601818379266,10.957120558947592,10.957120558947592,10.957120558947592,2.7658656102169394,10.957120558947594,10.957120558947592,13.58496795171211,20.203574880043778,13.584967951712109,13.584967951712109,13.58496795171211,13.584967951712109,13.58496795171211,13.584967951712109,13.584967951712109,13.584967951712109,13.58496795171211,2.7658656102169394,10.957120558947592,13.58496795171211,20.203574880043778,20.203574880043778,20.203574880043774,20.203574880043778,13.58496795171211,13.58496795171211,13.584967951712109,13.584967951712109,13.58496795171211,2.758288618266965,20.203574880043778,20.203574880043774,20.203574880043778,20.203574880043778,13.584967951712109,13.58496795171211,13.58496795171211,13.58496795171211,13.58496795171211,13.58496795171211,13.584967951712109,20.203574880043778,20.203574880043778,13.58496795171211,13.58496795171211,13.58496795171211,13.58496795171211,13.584967951712109,13.58496795171211,13.58496795171211,2.7582886182669655,13.584967951712109,13.584967951712109,13.584967951712109,13.58496795171211,13.58496795171211,13.58496795171211,13.58496795171211,13.58496795171211,13.58496795171211,13.58496795171211,10.957120558947592,13.58496795171211,13.58496795171211,20.203574880043778,13.58496795171211,13.584967951712109,13.58496795171211,13.584967951712109,13.58496795171211,13.58496795171211,13.58496795171211,2.765865610216939,10.957120558947592,13.584967951712109,13.58496795171211,10.957120558947592,13.584967951712109,13.58496795171211,13.58496795171211,13.584967951712109,13.58496795171211,20.203574880043774,13.58496795171211,13.58496795171211,13.58496795171211,13.58496795171211,10.957120558947592,20.203574880043778,20.203574880043778,13.584967951712109,13.58496795171211,13.584967951712109,13.58496795171211,13.58496795171211,13.58496795171211,13.58496795171211,13.584967951712109,5.552367763166497,5.552367763166497,10.957120558947592,13.58496795171211,20.203574880043778,13.58496795171211,13.58496795171211,13.584967951712109,13.58496795171211,13.58496795171211,10.957120558947592,10.957120558947592,10.957120558947592,13.58496795171211,10.957120558947592,13.58496795171211,13.58496795171211,20.203574880043778,13.58496795171211,20.203574880043778,20.203574880043778,13.584967951712109,13.58496795171211,13.584967951712109,13.58496795171211,13.584967951712109,13.584967951712109,13.58496795171211,10.957120558947592,13.584967951712109,13.58496795171211,13.58496795171211,13.584967951712109,20.203574880043778,13.58496795171211,13.58496795171211,13.58496795171211,13.58496795171211,13.584967951712109,13.584967951712109,13.584967951712109,13.58496795171211,10.957120558947592,0.0,10.957120558947592,13.58496795171211,13.58496795171211,13.584967951712109,13.584967951712109,13.58496795171211,13.58496795171211,13.58496795171211,0.2248264373800129,10.957120558947592,13.58496795171211,13.58496795171211,13.58496795171211,13.58496795171211,2.7582886182669655
T46,20.203574880043778,20.203574880043778,13.58496795171211,13.58496795171211,13.584967951712112,13.58496795171211,13.584967951712114,10.957120558947592,10.957120558947592,10.957120558947592,0.9766682901858748,13.58496795171211,10.034029962226901,13.58496795171211,20.203574880043778,20.203574880043778,20.203574880043778,13.58496795171211,13.584967951712112,13.58496795171211,13.58496795171211,13.58496795171211,13.58496795171211,13.584967951712112,20.203574880043778,20.203574880043778,20.203574880043778,20.203574880043778,20.203574880043778,13.584967951712112,13.584967951712112,13.58496795171211,13.584967951712112,13.584967951712112,13.584967951712112,13.584967951712112,13.584967951712112,13.58496795171211,13.58496795171211,13.58496795171211,13.58496795171211,13.58496795171211,10.957120558947592,10.0340299622269,3.8591075589156874,3.7986339010459864,10.957120558947592,10.034029962226901,0.7445408795938808,13.584967951712112,20.203574880043778,13.58496795171211,13.58496795171211,13.58496795171211,13.58496795171211,13.58496795171211,13.58496795171211,13.58496795171211,13.58496795171211,13.584967951712114,10.957120558947592,10.0340299622269,13.58496795171211,20.203574880043778,20.203574880043778,20.203574880043778,20.203574880043778,13.584967951712112,13.58496795171211,13.58496795171211,13.58496795171211,13.58496795171211,10.957120558947592,20.203574880043778,20.203574880043778,20.203574880043778,20.203574880043778,13.58496795171211,13.584967951712112,13.58496795171211,13.584967951712114,13.58496795171211,13.58496795171211,13.58496795171211,20.203574880043778,20.203574880043778,13.58496795171211,13.584967951712114,13.58496795171211,13.58496795171211,13.58496795171211,13.584967951712112,13.58496795171211,10.957120558947592,13.58496795171211,13.58496795171211,13.58496795171211,13.58496795171211,13.58496795171211,13.584967951712114,13.58496795171211,13.584967951712112,13.58496795171211,13.58496795171211,3.8591075589156874,13.584967951712112,13.584967951712112,20.203574880043778,13.584967951712114,13.58496795171211,13.584967951712112,13.58496795171211,13.584967951712114,13.584967951712112,13.58496795171211,10.957120558947592,0.9766682901858748,13.58496795171211,13.58496795171211,10.0340299622269,13.58496795171211,13.584967951712112,13.58496795171211,13.58496795171211,13.584967951712112,20.203574880043778,13.58496795171211,13.58496795171211,13.58496795171211,13.58496795171211,3.8591075589156874,20.203574880043778,20.203574880043778,13.58496795171211,13.58496795171211,13.58496795171211,13.58496795171211,13.584967951712114,13.584967951712112,13.58496795171211,13.58496795171211,10.957120558947592,10.957120558947592,10.0340299622269,13.58496795171211,20.203574880043778,13.584967951712112,13.58496795171211,13.58496795171211,13.58496795171211,13.584967951712112,0.7445408795938808,3.7986339010459864,3.7986339010459864,13.58496795171211,10.0340299622269,13.584967951712114,13.58496795171211,20.203574880043778,13.58496795171211,20.203574880043778,20.203574880043778,13.58496795171211,13.58496795171211,13.58496795171211,13.58496795171211,13.58496795171211,13.58496795171211,13.58496795171211,3.798633901045987,13.58496795171211,13.58496795171211,13.58496795171211,13.58496795171211,20.203574880043778,13.58496795171211,13.584967951712112,13.58496795171211,13.58496795171211,13.58496795171211,13.58496795171211,13.58496795171211,13.58496795171211,3.8591075589156874,10.957120558947592,0.0,13.58496795171211,13.584967951712114,13.58496795171211,13.58496795171211,13.58496795171211,13.58496795171211,13.58496795171211,10.957120558947592,10.0340299622269,13.58496795171211,13.58496795171211,13.58496795171211,13.584967951712112,10.957120558947592
T64,20.203574880043774,20.203574880043778,9.130656188253342,13.179863404433371,8.476536775462089,13.179863404433373,13.179863404433375,13.58496795171211,13.58496795171211,13.58496795171211,13.58496795171211,13.179863404433373,13.584967951712114,13.179863404433371,20.203574880043778,20.203574880043778,20.203574880043774,13.179863404433373,13.179863404433375,13.179863404433373,13.179863404433373,13.179863404433371,13.179863404433371,13.179863404433375,20.203574880043778,20.203574880043774,20.203574880043774,20.203574880043778,20.203574880043778,13.179863404433375,13.179863404433375,13.179863404433371,13.179863404433375,13.179863404433375,13.179863404433375,13.179863404433375,13.179863404433375,8.476536775462087,9.130656188253344,13.179863404433373,13.179863404433373,13.179863404433373,13.58496795171211,13.58496795171211,13.58496795171211,13.58496795171211,13.58496795171211,13.584967951712114,13.58496795171211,13.179863404433375,20.203574880043778,9.130656188253342,9.130656188253342,6.621509368212761,9.130656188253342,1.556203637152553,13.179863404433371,13.179863404433371,13.179863404433371,13.179863404433375,13.58496795171211,13.584967951712112,1.556203637152553,20.203574880043778,20.203574880043778,20.203574880043774,20.203574880043778,8.476536775462089,1.556203637152553,13.179863404433371,13.179863404433371,13.179863404433373,13.58496795171211,20.203574880043778,20.203574880043774,20.203574880043778,20.203574880043778,13.179863404433371,13.179863404433375,13.179863404433373,13.179863404433375,13.179863404433373,13.179863404433373,13.179863404433371,20.203574880043778,20.203574880043778,8.476536775462087,6.569352205940358,13.179863404433373,13.179863404433373,13.179863404433371,13.179863404433375,13.179863404433373,13.58496795171211,9.130656188253342,9.130656188253342,9.130656188253342,6.621509368212761,9.130656188253344,9.446669489257818,1.556203637152553,13.179863404433375,13.179863404433373,13.179863404433373,13.58496795171211,13.179863404433375,13.179863404433375,20.203574880043778,9.446669489257818,13.179863404433371,13.179863404433375,13.179863404433371,13.179863404433375,13.179863404433375,13.179863404433373,13.58496795171211,13.58496795171211,13.179863404433371,13.179863404433373,13.584967951712112,9.130656188253342,9.130656188253345,6.569352205940357,13.179863404433371,9.130656188253345,20.203574880043774,8.476536775462087,13.179863404433373,13.179863404433373,13.179863404433373,13.58496795171211,20.203574880043778,20.203574880043778,9.130656188253342,9.130656188253344,13.179863404433371,13.179863404433373,13.179863404433375,13.179863404433375,13.179863404433373,13.179863404433371,13.58496795171211,13.58496795171211,13.58496795171211,13.179863404433373,20.203574880043778,13.179863404433375,13.179863404433373,13.179863404433371,13.179863404433373,13.179863404433375,13.58496795171211,13.58496795171211,13.58496795171211,13.179863404433373,13.584967951712112,13.179863404433375,13.179863404433373,20.203574880043778,13.179863404433373,20.203574880043778,20.203574880043778,9.130656188253342,1.556203637152553,8.476536775462087,13.179863404433373,13.179863404433371,13.179863404433371,13.179863404433373,13.58496795171211,13.179863404433371,13.179863404433373,13.179863404433373,9.130656188253342,20.203574880043778,6.621509368212763,13.179863404433375,13.179863404433373,13.179863404433373,13.179863404433371,13.179863404433371,13.179863404433371,13.179863404433373,13.58496795171211,13.58496795171211,13.58496795171211,0.0,6.569352205940358,9.130656188253342,9.130656188253342,13.179863404433373,13.179863404433373,13.179863404433373,13.58496795171211,13.584967951712112,13.179863404433373,13.179863404433373,13.179863404433373,13.179863404433375,13.58496795171211
T38,20.203574880043778,20.20357488004378,9.130656188253345,13.179863404433375,8.47653677546209,13.179863404433375,13.179863404433378,13.58496795171211,13.58496795171211,13.58496795171211,13.584967951712114,13.179863404433375,13.584967951712114,13.179863404433375,20.203574880043778,20.203574880043778,20.203574880043778,13.179863404433375,13.179863404433375,13.179863404433375,13.179863404433375,13.179863404433375,13.179863404433375,13.179863404433375,20.203574880043778,20.203574880043778,20.203574880043778,20.203574880043778,20.20357488004378,13.179863404433375,13.179863404433375,13.179863404433375,13.179863404433375,13.179863404433375,13.179863404433375,13.179863404433375,13.179863404433375,8.476536775462089,9.130656188253345,13.179863404433375,13.179863404433375,13.179863404433375,13.58496795171211,13.584967951712114,13.584967951712112,13.584967951712112,13.58496795171211,13.584967951712114,13.584967951712114,13.179863404433375,20.20357488004378,9.130656188253345,9.130656188253345,6.621509368212763,9.130656188253345,6.569352205940358,13.179863404433375,13.179863404433375,13.179863404433375,13.179863404433377,13.58496795171211,13.584967951712114,6.569352205940358,20.203574880043778,20.203574880043778,20.203574880043778,20.203574880043778,8.47653677546209,6.569352205940358,13.179863404433375,13.179863404433375,13.179863404433375,13.58496795171211,20.203574880043778,20.203574880043778,20.203574880043778,20.203574880043778,13.179863404433375,13.179863404433375,13.179863404433375,13.179863404433377,13.179863404433375,13.179863404433375,13.179863404433375,20.203574880043778,20.203574880043778,8.476536775462089,4.245754706942639,13.179863404433375,13.179863404433375,13.179863404433375,13.179863404433375,13.179863404433375,13.58496795171211,9.130656188253345,9.130656188253345,9.130656188253345,6.621509368212763,9.130656188253345,9.446669489257822,6.569352205940358,13.179863404433375,13.179863404433375,13.179863404433375,13.584967951712112,13.179863404433375,13.179863404433375,20.203574880043778,9.446669489257822,13.179863404433375,13.179863404433375,13.179863404433375,13.179863404433377,13.179863404433375,13.179863404433375,13.58496795171211,13.584967951712114,13.179863404433375,13.179863404433375,13.584967951712114,9.130656188253345,9.130656188253345,3.2487840033197504,13.179863404433375,9.130656188253345,20.203574880043778,8.476536775462089,13.179863404433375,13.179863404433375,13.179863404433375,13.584967951712112,20.203574880043778,20.203574880043778,9.130656188253345,9.130656188253345,13.179863404433375,13.179863404433375,13.179863404433377,13.179863404433375,13.179863404433375,13.179863404433375,13.584967951712112,13.584967951712112,13.584967951712114,13.179863404433375,20.203574880043778,13.179863404433375,13.179863404433375,13.179863404433375,13.179863404433375,13.179863404433375,13.584967951712114,13.584967951712112,13.584967951712112,13.179863404433375,13.584967951712114,13.179863404433377,13.179863404433375,20.20357488004378,13.179863404433375,20.203574880043778,20.203574880043778,9.130656188253345,6.569352205940358,8.476536775462089,13.179863404433375,13.179863404433375,13.179863404433375,13.179863404433375,13.584967951712114,13.179863404433375,13.179863404433375,13.179863404433375,9.130656188253345,20.203574880043778,6.621509368212765,13.179863404433375,13.179863404433375,13.179863404433375,13.179863404433375,13.179863404433375,13.179863404433375,13.179863404433375,13.584967951712112,13.58496795171211,13.584967951712114,6.569352205940358,0.0,9.130656188253345,9.130656188253345,13.179863404433375,13.179863404433375,13.179863404433375,13.58496795171211,13.584967951712114,13.179863404433375,13.179863404433375,13.179863404433375,13.179863404433375,13.58496795171211
T190,20.203574880043774,20.203574880043778,5.737194318932163,13.179863404433371,9.130656188253344,13.179863404433371,13.179863404433375,13.584967951712109,13.584967951712109,13.584967951712109,13.58496795171211,13.179863404433371,13.584967951712112,13.179863404433371,20.203574880043778,20.203574880043778,20.203574880043774,13.179863404433371,13.179863404433373,13.179863404433371,13.179863404433371,13.179863404433371,13.179863404433371,13.179863404433373,20.203574880043778,20.203574880043774,20.203574880043774,20.203574880043778,20.203574880043778,13.179863404433373,13.179863404433373,13.179863404433371,13.179863404433373,13.179863404433373,13.179863404433373,13.179863404433373,13.179863404433373,9.130656188253342,5.737194318932164,13.179863404433371,13.179863404433371,13.179863404433371,13.584967951712109,13.58496795171211,13.58496795171211,13.58496795171211,13.584967951712109,13.584967951712112,13.58496795171211,13.179863404433373,20.203574880043778,3.378924452493755,5.737194318932163,9.130656188253342,5.737194318932163,9.130656188253342,13.179863404433371,13.179863404433371,13.179863404433371,13.179863404433375,13.584967951712109,13.58496795171211,9.130656188253342,20.203574880043778,20.203574880043778,20.203574880043774,20.203574880043778,9.130656188253344,9.130656188253342,13.179863404433371,13.179863404433371,13.179863404433371,13.584967951712109,20.203574880043778,20.203574880043774,20.203574880043778,20.203574880043778,13.179863404433371,13.179863404433373,13.179863404433371,13.179863404433375,13.179863404433371,13.179863404433371,13.179863404433371,20.203574880043778,20.203574880043778,9.130656188253342,9.130656188253345,13.179863404433371,13.179863404433371,13.179863404433371,13.179863404433373,13.179863404433371,13.584967951712109,0.6767063860346402,3.378924452493755,5.737194318932163,9.130656188253342,5.737194318932164,9.446669489257818,9.130656188253342,13.179863404433373,13.179863404433371,13.179863404433371,13.58496795171211,13.179863404433373,13.179863404433373,20.203574880043778,9.446669489257818,13.179863404433371,13.179863404433373,13.179863404433371,13.179863404433375,13.179863404433373,13.179863404433371,13.584967951712109,13.58496795171211,13.179863404433371,13.179863404433371,13.58496795171211,5.737194318932163,5.737194318932165,9.130656188253342,13.179863404433371,5.737194318932165,20.203574880043774,9.130656188253342,13.179863404433371,13.179863404433371,13.179863404433371,13.58496795171211,20.203574880043778,20.203574880043778,5.737194318932163,5.737194318932164,13.179863404433371,13.179863404433371,13.179863404433375,13.179863404433373,13.179863404433371,13.179863404433371,13.58496795171211,13.58496795171211,13.58496795171211,13.179863404433371,20.203574880043778,13.179863404433373,13.179863404433371,13.179863404433371,13.179863404433371,13.179863404433373,13.58496795171211,13.58496795171211,13.58496795171211,13.179863404433371,13.58496795171211,13.179863404433375,13.179863404433371,20.203574880043778,13.179863404433371,20.203574880043778,20.203574880043778,5.737194318932163,9.130656188253342,9.130656188253342,13.179863404433371,13.179863404433371,13.179863404433371,13.179863404433371,13.58496795171211,13.179863404433371,13.179863404433371,13.179863404433371,5.737194318932163,20.203574880043778,9.130656188253342,13.179863404433373,13.179863404433371,13.179863404433371,13.179863404433371,13.179863404433371,13.179863404433371,13.179863404433371,13.58496795171211,13.584967951712109,13.58496795171211,9.130656188253342,9.130656188253345,0.0,5.737194318932163,13.179863404433371,13.179863404433371,13.179863404433371,13.584967951712109,13.58496795171211,13.179863404433371,13.179863404433371,13.179863404433371,13.179863404433373,13.584967951712109
T106,20.203574880043774,20.203574880043778,0.4055638433345532,13.179863404433371,9.130656188253344,13.179863404433371,13.179863404433375,13.584967951712109,13.584967951712109,13.584967951712109,13.58496795171211,13.179863404433371,13.584967951712112,13.179863404433371,20.203574880043778,20.203574880043778,20.203574880043774,13.179863404433371,13.179863404433373,13.179863404433371,13.179863404433371,13.179863404433371,13.179863404433371,13.179863404433373,20.203574880043778,20.203574880043774,20.203574880043774,20.203574880043778,20.203574880043778,13.179863404433373,13.179863404433373,13.179863404433371,13.179863404433373,13.179863404433373,13.179863404433373,13.179863404433373,13.179863404433373,9.130656188253342,5.467300198468971,13.179863404433371,13.179863404433371,13.179863404433371,13.584967951712109,13.58496795171211,13.58496795171211,13.58496795171211,13.584967951712109,13.584967951712112,13.58496795171211,13.179863404433373,20.203574880043778,5.737194318932163,0.4055638433345532,9.130656188253342,5.46730019846897,9.130656188253342,13.179863404433371,13.179863404433371,13.179863404433371,13.179863404433375,13.584967951712109,13.58496795171211,9.130656188253342,20.203574880043778,20.203574880043778,20.203574880043774,20.203574880043778,9.130656188253344,9.130656188253342,13.179863404433371,13.179863404433371,13.179863404433371,13.584967951712109,20.203574880043778,20.203574880043774,20.203574880043778,20.203574880043778,13.179863404433371,13.179863404433373,13.179863404433371,13.179863404433375,13.179863404433371,13.179863404433371,13.179863404433371,20.203574880043778,20.203574880043778,9.130656188253342,9.130656188253345,13.179863404433371,13.179863404433371,13.179863404433371,13.179863404433373,13.179863404433371,13.584967951712109,5.737194318932163,5.737194318932163,5.369015668678944,9.130656188253342,5.467300198468971,9.446669489257818,9.130656188253342,13.179863404433373,13.179863404433371,13.179863404433371,13.58496795171211,13.179863404433373,13.179863404433373,20.203574880043778,9.446669489257818,13.179863404433371,13.179863404433373,13.179863404433371,13.179863404433375,13.179863404433373,13.179863404433371,13.584967951712109,13.58496795171211,13.179863404433371,13.179863404433371,13.58496795171211,0.8787492048946952,5.467300198468972,9.130656188253342,13.179863404433371,5.467300198468972,20.203574880043774,9.130656188253342,13.179863404433371,13.179863404433371,13.179863404433371,13.58496795171211,20.203574880043778,20.203574880043778,0.4055638433345532,5.467300198468971,13.179863404433371,13.179863404433371,13.179863404433375,13.179863404433373,13.179863404433371,13.179863404433371,13.58496795171211,13.58496795171211,13.58496795171211,13.179863404433371,20.203574880043778,13.179863404433373,13.179863404433371,13.179863404433371,13.179863404433371,13.179863404433373,13.58496795171211,13.58496795171211,13.58496795171211,13.179863404433371,13.58496795171211,13.179863404433375,13.179863404433371,20.203574880043778,13.179863404433371,20.203574880043778,20.203574880043778,5.46730019846897,9.130656188253342,9.130656188253342,13.179863404433371,13.179863404433371,13.179863404433371,13.179863404433371,13.58496795171211,13.179863404433371,13.179863404433371,13.179863404433371,0.4055638433345532,20.203574880043778,9.130656188253342,13.179863404433373,13.179863404433371,13.179863404433371,13.179863404433371,13.179863404433371,13.179863404433371,13.179863404433371,13.58496795171211,13.584967951712109,13.58496795171211,9.130656188253342,9.130656188253345,5.737194318932163,0.0,13.179863404433371,13.179863404433371,13.179863404433371,13.584967951712109,13.58496795171211,13.179863404433371,13.179863404433371,13.179863404433371,13.179863404433373,13.584967951712109
T22,20.203574880043774,20.203574880043778,13.179863404433371,7.0226140770735315,13.179863404433375,10.319929406503604,10.319929406503606,13.58496795171211,13.58496795171211,13.58496795171211,13.58496795171211,10.319929406503604,13.584967951712114,7.0226140770735315,20.203574880043778,20.203574880043778,20.203574880043774,8.146882099671767,4.9313224230878925,4.931322423087892,4.931322423087892,9.43087362239859,9.43087362239859,10.319929406503606,20.203574880043778,20.203574880043774,20.203574880043774,20.203574880043778,20.203574880043778,7.022614077073533,7.022614077073533,4.741162807255681,4.741162807255683,10.319929406503606,10.319929406503606,10.319929406503606,10.319929406503606,13.179863404433371,13.179863404433373,10.319929406503604,10.319929406503604,10.319929406503604,13.58496795171211,13.58496795171211,13.58496795171211,13.58496795171211,13.58496795171211,13.584967951712114,13.58496795171211,10.319929406503606,20.203574880043778,13.179863404433371,13.179863404433371,13.179863404433373,13.179863404433371,13.179863404433373,4.74116280725568,9.43087362239859,9.43087362239859,10.319929406503606,13.58496795171211,13.584967951712112,13.179863404433373,20.203574880043778,20.203574880043778,20.203574880043774,20.203574880043778,13.179863404433375,13.179863404433373,4.741162807255681,9.43087362239859,10.319929406503604,13.58496795171211,20.203574880043778,20.203574880043774,20.203574880043778,20.203574880043778,9.43087362239859,10.319929406503606,10.319929406503604,10.319929406503606,10.319929406503604,10.319929406503604,7.0226140770735315,20.203574880043778,20.203574880043778,13.179863404433373,13.179863404433375,0.6729643273537471,9.43087362239859,9.43087362239859,10.319929406503606,10.319929406503604,13.58496795171211,13.179863404433371,13.179863404433371,13.179863404433371,13.179863404433373,13.179863404433373,13.179863404433375,13.179863404433373,4.9313224230878925,4.931322423087892,9.43087362239859,13.58496795171211,10.319929406503606,10.319929406503606,20.203574880043778,13.179863404433375,4.74116280725568,4.9313224230878925,9.43087362239859,10.319929406503606,10.319929406503606,10.319929406503604,13.58496795171211,13.58496795171211,9.43087362239859,10.319929406503604,13.584967951712112,13.179863404433371,13.179863404433375,13.179863404433373,7.0226140770735315,13.179863404433375,20.203574880043774,13.179863404433373,8.146882099671767,7.022614077073532,9.43087362239859,13.58496795171211,20.203574880043778,20.203574880043778,13.179863404433371,13.179863404433373,7.0226140770735315,0.6729643273537471,3.4836729714363757,4.741162807255683,4.931322423087892,9.43087362239859,13.58496795171211,13.58496795171211,13.58496795171211,10.319929406503604,20.203574880043778,4.9313224230878925,4.931322423087892,9.43087362239859,10.319929406503604,10.319929406503606,13.58496795171211,13.58496795171211,13.58496795171211,10.319929406503604,13.584967951712112,10.319929406503606,10.319929406503604,20.203574880043778,8.146882099671767,20.203574880043778,20.203574880043778,13.179863404433371,13.179863404433373,13.179863404433371,8.146882099671767,9.43087362239859,9.43087362239859,10.319929406503604,13.58496795171211,9.43087362239859,10.319929406503604,10.319929406503604,13.179863404433371,20.203574880043778,13.179863404433373,7.022614077073533,4.931322423087892,9.43087362239859,9.43087362239859,9.43087362239859,9.43087362239859,10.319929406503604,13.58496795171211,13.58496795171211,13.58496795171211,13.179863404433373,13.179863404433375,13.179863404433371,13.179863404433371,0.0,4.931322423087892,10.319929406503604,13.58496795171211,13.584967951712112,9.43087362239859,10.319929406503604,10.319929406503604,10.319929406503606,13.58496795171211
T80,20.203574880043774,20.203574880043778,13.179863404433371,7.0226140770735315,13.179863404433375,10.319929406503604,10.319929406503606,13.58496795171211,13.58496795171211,13.58496795171211,13.58496795171211,10.319929406503604,13.584967951712114,7.0226140770735315,20.203574880043778,20.203574880043778,20.203574880043774,8.146882099671767,3.4640706085723734,1.5134427452013546,1.5134427452013546,9.43087362239859,9.43087362239859,10.319929406503606,20.203574880043778,20.203574880043774,20.203574880043774,20.203574880043778,20.203574880043778,7.022614077073533,7.022614077073533,4.931322423087891,4.9313224230878925,10.319929406503606,10.319929406503606,10.319929406503606,10.319929406503606,13.179863404433371,13.179863404433373,10.319929406503604,10.319929406503604,10.319929406503604,13.58496795171211,13.58496795171211,13.58496795171211,13.58496795171211,13.58496795171211,13.584967951712114,13.58496795171211,10.319929406503606,20.203574880043778,13.179863404433371,13.179863404433371,13.179863404433373,13.179863404433371,13.179863404433373,4.931322423087891,9.43087362239859,9.43087362239859,10.319929406503606,13.58496795171211,13.584967951712112,13.179863404433373,20.203574880043778,20.203574880043778,20.203574880043774,20.203574880043778,13.179863404433375,13.179863404433373,4.931322423087891,9.43087362239859,10.319929406503604,13.58496795171211,20.203574880043778,20.203574880043774,20.203574880043778,20.203574880043778,9.43087362239859,10.319929406503606,10.319929406503604,10.319929406503606,10.319929406503604,10.319929406503604,7.0226140770735315,20.203574880043778,20.203574880043778,13.179863404433373,13.179863404433375,4.931322423087892,9.43087362239859,9.43087362239859,10.319929406503606,10.319929406503604,13.58496795171211,13.179863404433371,13.179863404433371,13.179863404433371,13.179863404433373,13.179863404433373,13.179863404433375,13.179863404433373,3.4640706085723734,1.5134427452013546,9.43087362239859,13.58496795171211,10.319929406503606,10.319929406503606,20.203574880043778,13.179863404433375,4.931322423087891,3.4640706085723734,9.43087362239859,10.319929406503606,10.319929406503606,10.319929406503604,13.58496795171211,13.58496795171211,9.43087362239859,10.319929406503604,13.584967951712112,13.179863404433371,13.179863404433375,13.179863404433373,7.0226140770735315,13.179863404433375,20.203574880043774,13.179863404433373,8.146882099671767,7.0226140770735315,9.43087362239859,13.58496795171211,20.203574880043778,20.203574880043778,13.179863404433371,13.179863404433373,7.0226140770735315,4.931322423087892,4.931322423087893,4.9313224230878925,0.5109623596625512,9.43087362239859,13.58496795171211,13.58496795171211,13.58496795171211,10.319929406503604,20.203574880043778,3.4640706085723734,1.5134427452013548,9.43087362239859,10.319929406503604,10.319929406503606,13.58496795171211,13.58496795171211,13.58496795171211,10.319929406503604,13.584967951712112,10.319929406503606,10.319929406503604,20.203574880043778,8.146882099671767,20.203574880043778,20.203574880043778,13.179863404433371,13.179863404433373,13.179863404433371,8.146882099671767,9.43087362239859,9.43087362239859,10.319929406503604,13.58496795171211,9.43087362239859,10.319929406503604,10.319929406503604,13.179863404433371,20.203574880043778,13.179863404433373,7.022614077073533,0.20292490755914527,9.43087362239859,9.43087362239859,9.43087362239859,9.43087362239859,10.319929406503604,13.58496795171211,13.58496795171211,13.58496795171211,13.179863404433373,13.179863404433375,13.179863404433371,13.179863404433371,4.931322423087892,0.0,10.319929406503604,13.58496795171211,13.584967951712112,9.43087362239859,10.319929406503604,10.319929406503604,10.319929406503606,13.58496795171211
T164,20.203574880043774,20.203574880043778,13.179863404433371,10.319929406503602,13.179863404433375,8.62862409633566,8.628624096335662,13.58496795171211,13.58496795171211,13.58496795171211,13.58496795171211,8.62862409633566,13.584967951712114,10.319929406503602,20.203574880043778,20.203574880043778,20.203574880043774,10.319929406503604,10.319929406503606,10.319929406503604,10.319929406503604,10.319929406503602,10.319929406503602,6.102844446589002,20.203574880043778,20.203574880043774,20.203574880043774,20.203574880043778,20.203574880043778,10.319929406503606,10.319929406503606,10.319929406503602,10.319929406503606,5.081186830526825,5.081186830526825,6.102844446589002,8.62862409633566,13.179863404433371,13.179863404433373,8.62862409633566,8.62862409633566,8.62862409633566,13.58496795171211,13.58496795171211,13.58496795171211,13.58496795171211,13.58496795171211,13.584967951712114,13.58496795171211,5.081186830526825,20.203574880043778,13.179863404433371,13.179863404433371,13.179863404433373,13.179863404433371,13.179863404433373,10.319929406503602,10.319929406503602,10.319929406503602,6.102844446589002,13.58496795171211,13.584967951712112,13.179863404433373,20.203574880043778,20.203574880043778,20.203574880043774,20.203574880043778,13.179863404433375,13.179863404433373,10.319929406503602,10.319929406503602,8.62862409633566,13.58496795171211,20.203574880043778,20.203574880043774,20.203574880043778,20.203574880043778,10.319929406503602,5.081186830526825,8.62862409633566,8.628624096335662,8.62862409633566,8.62862409633566,10.319929406503602,20.203574880043778,20.203574880043778,13.179863404433373,13.179863404433375,10.319929406503604,10.319929406503604,10.319929406503602,5.081186830526825,8.62862409633566,13.58496795171211,13.179863404433371,13.179863404433371,13.179863404433371,13.179863404433373,13.179863404433373,13.179863404433375,13.179863404433373,10.319929406503606,10.319929406503604,10.319929406503604,13.58496795171211,5.081186830526825,8.62862409633566,20.203574880043778,13.179863404433375,10.319929406503602,10.319929406503606,10.319929406503602,6.102844446589002,5.081186830526825,8.62862409633566,13.58496795171211,13.58496795171211,10.319929406503602,8.62862409633566,13.584967951712112,13.179863404433371,13.179863404433375,13.179863404433373,10.319929406503602,13.179863404433375,20.203574880043774,13.179863404433373,10.319929406503604,10.319929406503604,10.319929406503604,13.58496795171211,20.203574880043778,20.203574880043778,13.179863404433371,13.179863404433373,10.319929406503602,10.319929406503604,10.319929406503606,10.319929406503606,10.319929406503604,10.319929406503602,13.58496795171211,13.58496795171211,13.58496795171211,8.62862409633566,20.203574880043778,10.319929406503606,10.319929406503604,10.319929406503602,8.62862409633566,8.62862409633566,13.58496795171211,13.58496795171211,13.58496795171211,8.62862409633566,13.584967951712112,3.20735102806048,8.62862409633566,20.203574880043778,10.319929406503604,20.203574880043778,20.203574880043778,13.179863404433371,13.179863404433373,13.179863404433371,10.319929406503604,10.319929406503602,10.319929406503602,8.62862409633566,13.58496795171211,10.319929406503602,8.62862409633566,8.62862409633566,13.179863404433371,20.203574880043778,13.179863404433373,10.319929406503606,10.319929406503604,10.319929406503604,10.319929406503602,10.319929406503602,10.319929406503602,8.62862409633566,13.58496795171211,13.58496795171211,13.58496795171211,13.179863404433373,13.179863404433375,13.179863404433371,13.179863404433371,10.319929406503604,10.319929406503604,0.0,13.58496795171211,13.584967951712112,10.319929406503604,8.62862409633566,8.62862409633566,8.62862409633566,13.58496795171211
T122,20.203574880043774,20.203574880043778,13.584967951712109,13.584967951712109,13.58496795171211,13.58496795171211,13.584967951712112,2.765865610216939,2.758288618266965,2.7582886182669655,10.957120558947592,13.58496795171211,10.957120558947594,13.584967951712109,20.203574880043778,20.203574880043778,20.203574880043774,13.58496795171211,13.58496795171211,13.58496795171211,13.58496795171211,13.584967951712109,13.584967951712109,13.58496795171211,20.203574880043778,20.203574880043774,20.203574880043774,20.203574880043778,20.203574880043778,13.58496795171211,13.58496795171211,13.584967951712109,13.58496795171211,13.58496795171211,13.58496795171211,13.58496795171211,13.58496795171211,13.584967951712109,13.58496795171211,13.58496795171211,13.58496795171211,13.58496795171211,0.5709601818379266,10.957120558947592,10.957120558947592,10.957120558947592,2.7658656102169394,10.957120558947594,10.957120558947592,13.58496795171211,20.203574880043778,13.584967951712109,13.584967951712109,13.58496795171211,13.584967951712109,13.58496795171211,13.584967951712109,13.584967951712109,13.584967951712109,13.58496795171211,2.7658656102169394,10.957120558947592,13.58496795171211,20.203574880043778,20.203574880043778,20.203574880043774,20.203574880043778,13.58496795171211,13.58496795171211,13.584967951712109,13.584967951712109,13.58496795171211,2.758288618266965,20.203574880043778,20.203574880043774,20.203574880043778,20.203574880043778,13.584967951712109,13.58496795171211,13.58496795171211,13.58496795171211,13.58496795171211,13.58496795171211,13.584967951712109,20.203574880043778,20.203574880043778,13.58496795171211,13.58496795171211,13.58496795171211,13.58496795171211,13.584967951712109,13.58496795171211,13.58496795171211,2.7582886182669655,13.584967951712109,13.584967951712109,13.584967951712109,13.58496795171211,13.58496795171211,13.58496795171211,13.58496795171211,13.58496795171211,13.58496795171211,13.58496795171211,10.957120558947592,13.58496795171211,13.58496795171211,20.203574880043778,13.58496795171211,13.584967951712109,13.58496795171211,13.584967951712109,13.58496795171211,13.58496795171211,13.58496795171211,2.765865610216939,10.957120558947592,13.584967951712109,13.58496795171211,10.957120558947592,13.584967951712109,13.58496795171211,13.58496795171211,13.584967951712109,13.58496795171211,20.203574880043774,13.58496795171211,13.58496795171211,13.58496795171211,13.58496795171211,10.957120558947592,20.203574880043778,20.203574880043778,13.584967951712109,13.58496795171211,13.584967951712109,13.58496795171211,13.58496795171211,13.58496795171211,13.58496795171211,13.584967951712109,5.552367763166497,5.552367763166497,10.957120558947592,13.58496795171211,20.203574880043778,13.58496795171211,13.58496795171211,13.584967951712109,13.58496795171211,13.58496795171211,10.957120558947592,10.957120558947592,10.957120558947592,13.58496795171211,10.957120558947592,13.58496795171211,13.58496795171211,20.203574880043778,13.58496795171211,20.203574880043778,20.203574880043778,13.584967951712109,13.58496795171211,13.584967951712109,13.58496795171211,13.584967951712109,13.584967951712109,13.58496795171211,10.957120558947592,13.584967951712109,13.58496795171211,13.58496795171211,13.584967951712109,20.203574880043778,13.58496795171211,13.58496795171211,13.58496795171211,13.58496795171211,13.584967951712109,13.584967951712109,13.584967951712109,13.58496795171211,10.957120558947592,0.2248264373800129,10.957120558947592,13.58496795171211,13.58496795171211,13.584967951712109,13.584967951712109,13.58496795171211,13.58496795171211,13.58496795171211,0.0,10.957120558947592,13.58496795171211,13.58496795171211,13.58496795171211,13.58496795171211,2.7582886182669655
T70,20.203574880043778,20.20357488004378,13.58496795171211,13.58496795171211,13.584967951712114,13.584967951712112,13.584967951712114,10.957120558947592,10.957120558947592,10.957120558947592,10.0340299622269,13.584967951712112,3.0779968399466098,13.58496795171211,20.203574880043778,20.203574880043778,20.203574880043778,13.584967951712112,13.584967951712114,13.584967951712112,13.584967951712112,13.58496795171211,13.58496795171211,13.584967951712114,20.203574880043778,20.203574880043778,20.203574880043778,20.203574880043778,20.20357488004378,13.584967951712114,13.584967951712114,13.58496795171211,13.584967951712114,13.584967951712114,13.584967951712114,13.584967951712114,13.584967951712114,13.58496795171211,13.584967951712112,13.584967951712112,13.584967951712112,13.584967951712112,10.957120558947592,8.720874581645319,10.0340299622269,10.0340299622269,10.957120558947592,8.72087458164532,10.0340299622269,13.584967951712114,20.20357488004378,13.58496795171211,13.58496795171211,13.584967951712112,13.58496795171211,13.584967951712112,13.58496795171211,13.58496795171211,13.58496795171211,13.584967951712114,10.957120558947592,3.3495210983480757,13.584967951712112,20.203574880043778,20.203574880043778,20.203574880043778,20.203574880043778,13.584967951712114,13.584967951712112,13.58496795171211,13.58496795171211,13.584967951712112,10.957120558947592,20.203574880043778,20.203574880043778,20.203574880043778,20.203574880043778,13.58496795171211,13.584967951712114,13.584967951712112,13.584967951712114,13.584967951712112,13.584967951712112,13.58496795171211,20.203574880043778,20.203574880043778,13.584967951712112,13.584967951712114,13.584967951712112,13.584967951712112,13.58496795171211,13.584967951712114,13.584967951712112,10.957120558947592,13.58496795171211,13.58496795171211,13.58496795171211,13.584967951712112,13.584967951712112,13.584967951712114,13.584967951712112,13.584967951712114,13.584967951712112,13.584967951712112,10.0340299622269,13.584967951712114,13.584967951712114,20.203574880043778,13.584967951712114,13.58496795171211,13.584967951712114,13.58496795171211,13.584967951712114,13.584967951712114,13.584967951712112,10.957120558947592,10.0340299622269,13.58496795171211,13.584967951712112,0.2654462114682175,13.58496795171211,13.584967951712114,13.584967951712112,13.58496795171211,13.584967951712114,20.203574880043778,13.584967951712112,13.584967951712112,13.584967951712112,13.584967951712112,10.0340299622269,20.203574880043778,20.203574880043778,13.58496795171211,13.584967951712112,13.58496795171211,13.584967951712112,13.584967951712114,13.584967951712114,13.584967951712112,13.58496795171211,10.957120558947594,10.957120558947594,8.720874581645319,13.584967951712112,20.203574880043778,13.584967951712114,13.584967951712112,13.58496795171211,13.584967951712112,13.584967951712114,10.0340299622269,10.0340299622269,10.0340299622269,13.584967951712112,3.3495210983480757,13.584967951712114,13.584967951712112,20.20357488004378,13.584967951712112,20.203574880043778,20.203574880043778,13.58496795171211,13.584967951712112,13.58496795171211,13.584967951712112,13.58496795171211,13.58496795171211,13.584967951712112,10.0340299622269,13.58496795171211,13.584967951712112,13.584967951712112,13.58496795171211,20.203574880043778,13.584967951712112,13.584967951712114,13.584967951712112,13.584967951712112,13.58496795171211,13.58496795171211,13.58496795171211,13.584967951712112,10.0340299622269,10.957120558947592,10.0340299622269,13.584967951712112,13.584967951712114,13.58496795171211,13.58496795171211,13.584967951712112,13.584967951712112,13.584967951712112,10.957120558947592,0.0,13.584967951712112,13.584967951712112,13.584967951712112,13.584967951712114,10.957120558947592
T167,20.203574880043774,20.203574880043778,13.179863404433371,9.43087362239859,13.179863404433375,10.319929406503604,10.319929406503606,13.58496795171211,13.58496795171211,13.58496795171211,13.58496795171211,10.319929406503604,13.584967951712114,9.43087362239859,20.203574880043778,20.203574880043778,20.203574880043774,9.43087362239859,9.430873622398591,9.43087362239859,9.43087362239859,7.549699367992667,7.549699367992667,10.319929406503606,20.203574880043778,20.203574880043774,20.203574880043774,20.203574880043778,20.203574880043778,9.430873622398591,9.430873622398591,9.43087362239859,9.430873622398591,10.319929406503606,10.319929406503606,10.319929406503606,10.319929406503606,13.179863404433371,13.179863404433373,10.319929406503604,10.319929406503604,10.319929406503604,13.58496795171211,13.58496795171211,13.58496795171211,13.58496795171211,13.58496795171211,13.584967951712114,13.58496795171211,10.319929406503606,20.203574880043778,13.179863404433371,13.179863404433371,13.179863404433373,13.179863404433371,13.179863404433373,9.43087362239859,7.549699367992667,7.883705707959611,10.319929406503606,13.58496795171211,13.584967951712112,13.179863404433373,20.203574880043778,20.203574880043778,20.203574880043774,20.203574880043778,13.179863404433375,13.179863404433373,9.43087362239859,7.549699367992667,10.319929406503604,13.58496795171211,20.203574880043778,20.203574880043774,20.203574880043778,20.203574880043778,7.549699367992667,10.319929406503606,10.319929406503604,10.319929406503606,10.319929406503604,10.319929406503604,9.43087362239859,20.203574880043778,20.203574880043778,13.179863404433373,13.179863404433375,9.43087362239859,1.39911372680722,7.549699367992668,10.319929406503606,10.319929406503604,13.58496795171211,13.179863404433371,13.179863404433371,13.179863404433371,13.179863404433373,13.179863404433373,13.179863404433375,13.179863404433373,9.430873622398591,9.43087362239859,0.04760661740875735,13.58496795171211,10.319929406503606,10.319929406503606,20.203574880043778,13.179863404433375,9.43087362239859,9.430873622398591,7.549699367992668,10.319929406503606,10.319929406503606,10.319929406503604,13.58496795171211,13.58496795171211,7.549699367992667,10.319929406503604,13.584967951712112,13.179863404433371,13.179863404433375,13.179863404433373,9.43087362239859,13.179863404433375,20.203574880043774,13.179863404433373,9.43087362239859,9.43087362239859,1.39911372680722,13.58496795171211,20.203574880043778,20.203574880043778,13.179863404433371,13.179863404433373,9.43087362239859,9.43087362239859,9.430873622398591,9.430873622398591,9.43087362239859,7.549699367992668,13.58496795171211,13.58496795171211,13.58496795171211,10.319929406503604,20.203574880043778,9.430873622398591,9.43087362239859,7.549699367992668,10.319929406503604,10.319929406503606,13.58496795171211,13.58496795171211,13.58496795171211,10.319929406503604,13.584967951712112,10.319929406503606,10.319929406503604,20.203574880043778,9.43087362239859,20.203574880043778,20.203574880043778,13.179863404433371,13.179863404433373,13.179863404433371,9.43087362239859,7.549699367992667,7.549699367992668,10.319929406503604,13.58496795171211,7.549699367992668,10.319929406503604,10.319929406503604,13.179863404433371,20.203574880043778,13.179863404433373,9.430873622398591,9.43087362239859,1.39911372680722,7.549699367992668,7.549699367992668,7.549699367992667,10.319929406503604,13.58496795171211,13.58496795171211,13.58496795171211,13.179863404433373,13.179863404433375,13.179863404433371,13.179863404433371,9.43087362239859,9.43087362239859,10.319929406503604,13.58496795171211,13.584967951712112,0.0,10.319929406503604,10.319929406503604,10.319929406503606,13.58496795171211
T52,20.203574880043774,20.203574880043778,13.179863404433371,10.319929406503602,13.179863404433375,7.2358891817011965,5.543798773306208,13.58496795171211,13.58496795171211,13.58496795171211,13.58496795171211,1.4539928928935368,13.584967951712114,10.319929406503602,20.203574880043778,20.203574880043778,20.203574880043774,10.319929406503604,10.319929406503606,10.319929406503604,10.319929406503604,10.319929406503602,10.319929406503602,8.62862409633566,20.203574880043778,20.203574880043774,20.203574880043774,20.203574880043778,20.203574880043778,10.319929406503606,10.319929406503606,10.319929406503602,10.319929406503606,8.62862409633566,8.62862409633566,8.62862409633566,5.543798773306206,13.179863404433371,13.179863404433373,7.2358891817011965,7.2358891817011965,7.2358891817011965,13.58496795171211,13.58496795171211,13.58496795171211,13.58496795171211,13.58496795171211,13.584967951712114,13.58496795171211,8.62862409633566,20.203574880043778,13.179863404433371,13.179863404433371,13.179863404433373,13.179863404433371,13.179863404433373,10.319929406503602,10.319929406503602,10.319929406503602,8.628624096335662,13.58496795171211,13.584967951712112,13.179863404433373,20.203574880043778,20.203574880043778,20.203574880043774,20.203574880043778,13.179863404433375,13.179863404433373,10.319929406503602,10.319929406503602,7.2358891817011965,13.58496795171211,20.203574880043778,20.203574880043774,20.203574880043778,20.203574880043778,10.319929406503602,8.62862409633566,7.2358891817011965,7.235889181701198,5.5437987733062055,7.2358891817011965,10.319929406503602,20.203574880043778,20.203574880043778,13.179863404433373,13.179863404433375,10.319929406503604,10.319929406503604,10.319929406503602,8.62862409633566,7.2358891817011965,13.58496795171211,13.179863404433371,13.179863404433371,13.179863404433371,13.179863404433373,13.179863404433373,13.179863404433375,13.179863404433373,10.319929406503606,10.319929406503604,10.319929406503604,13.58496795171211,8.62862409633566,5.543798773306206,20.203574880043778,13.179863404433375,10.319929406503602,10.319929406503606,10.319929406503602,8.628624096335662,8.62862409633566,7.2358891817011965,13.58496795171211,13.58496795171211,10.319929406503602,7.2358891817011965,13.584967951712112,13.179863404433371,13.179863404433375,13.179863404433373,10.319929406503602,13.179863404433375,20.203574880043774,13.179863404433373,10.319929406503604,10.319929406503604,10.319929406503604,13.58496795171211,20.203574880043778,20.203574880043778,13.179863404433371,13.179863404433373,10.319929406503602,10.319929406503604,10.319929406503606,10.319929406503606,10.319929406503604,10.319929406503602,13.58496795171211,13.58496795171211,13.58496795171211,7.2358891817011965,20.203574880043778,10.319929406503606,10.319929406503604,10.319929406503602,7.2358891817011965,5.543798773306206,13.58496795171211,13.58496795171211,13.58496795171211,5.5437987733062055,13.584967951712112,8.628624096335662,7.2358891817011965,20.203574880043778,10.319929406503604,20.203574880043778,20.203574880043778,13.179863404433371,13.179863404433373,13.179863404433371,10.319929406503604,10.319929406503602,10.319929406503602,7.2358891817011965,13.58496795171211,10.319929406503602,7.2358891817011965,7.2358891817011965,13.179863404433371,20.203574880043778,13.179863404433373,10.319929406503606,10.319929406503604,10.319929406503604,10.319929406503602,10.319929406503602,10.319929406503602,7.2358891817011965,13.58496795171211,13.58496795171211,13.58496795171211,13.179863404433373,13.179863404433375,13.179863404433371,13.179863404433371,10.319929406503604,10.319929406503604,8.62862409633566,13.58496795171211,13.584967951712112,10.319929406503604,0.0,7.2358891817011965,5.543798773306206,13.58496795171211
T191,20.203574880043774,20.203574880043778,13.179863404433371,10.319929406503602,13.179863404433375,0.3381819878133253,7.235889181701199,13.58496795171211,13.58496795171211,13.58496795171211,13.58496795171211,7.2358891817011965,13.584967951712114,10.319929406503602,20.203574880043778,20.203574880043778,20.203574880043774,10.319929406503604,10.319929406503606,10.319929406503604,10.319929406503604,10.319929406503602,10.319929406503602,8.628624096335662,20.203574880043778,20.203574880043774,20.203574880043774,20.203574880043778,20.203574880043778,10.319929406503606,10.319929406503606,10.319929406503602,10.319929406503606,8.628624096335662,8.628624096335662,8.628624096335662,7.235889181701197,13.179863404433371,13.179863404433373,3.847409919979598,3.847409919979598,3.847409919979598,13.58496795171211,13.58496795171211,13.58496795171211,13.58496795171211,13.58496795171211,13.584967951712114,13.58496795171211,8.628624096335662,20.203574880043778,13.179863404433371,13.179863404433371,13.179863404433373,13.179863404433371,13.179863404433373,10.319929406503602,10.319929406503602,10.319929406503602,8.628624096335662,13.58496795171211,13.584967951712112,13.179863404433373,20.203574880043778,20.203574880043778,20.203574880043774,20.203574880043778,13.179863404433375,13.179863404433373,10.319929406503602,10.319929406503602,6.083105547433789,13.58496795171211,20.203574880043778,20.203574880043774,20.203574880043778,20.203574880043778,10.319929406503602,8.628624096335662,6.083105547433789,6.0831055474337905,7.2358891817011965,2.5451036538045626,10.319929406503602,20.203574880043778,20.203574880043778,13.179863404433373,13.179863404433375,10.319929406503604,10.319929406503604,10.319929406503602,8.628624096335662,2.5451036538045626,13.58496795171211,13.179863404433371,13.179863404433371,13.179863404433371,13.179863404433373,13.179863404433373,13.179863404433375,13.179863404433373,10.319929406503606,10.319929406503604,10.319929406503604,13.58496795171211,8.628624096335662,7.235889181701197,20.203574880043778,13.179863404433375,10.319929406503602,10.319929406503606,10.319929406503602,8.628624096335662,8.628624096335662,6.083105547433789,13.58496795171211,13.58496795171211,10.319929406503602,2.5451036538045626,13.584967951712112,13.179863404433371,13.179863404433375,13.179863404433373,10.319929406503602,13.179863404433375,20.203574880043774,13.179863404433373,10.319929406503604,10.319929406503604,10.319929406503604,13.58496795171211,20.203574880043778,20.203574880043778,13.179863404433371,13.179863404433373,10.319929406503602,10.319929406503604,10.319929406503606,10.319929406503606,10.319929406503604,10.319929406503602,13.58496795171211,13.58496795171211,13.58496795171211,1.0238960926335272,20.203574880043778,10.319929406503606,10.319929406503604,10.319929406503602,6.083105547433789,7.235889181701197,13.58496795171211,13.58496795171211,13.58496795171211,7.2358891817011965,13.584967951712112,8.628624096335662,0.3381819878133253,20.203574880043778,10.319929406503604,20.203574880043778,20.203574880043778,13.179863404433371,13.179863404433373,13.179863404433371,10.319929406503604,10.319929406503602,10.319929406503602,3.847409919979598,13.58496795171211,10.319929406503602,3.847409919979598,2.5451036538045626,13.179863404433371,20.203574880043778,13.179863404433373,10.319929406503606,10.319929406503604,10.319929406503604,10.319929406503602,10.319929406503602,10.319929406503602,0.07155733491444038,13.58496795171211,13.58496795171211,13.58496795171211,13.179863404433373,13.179863404433375,13.179863404433371,13.179863404433371,10.319929406503604,10.319929406503604,8.62862409633566,13.58496795171211,13.584967951712112,10.319929406503604,7.2358891817011965,0.0,7.235889181701197,13.58496795171211
T45,20.203574880043778,20.203574880043778,13.179863404433373,10.319929406503604,13.179863404433375,7.235889181701197,3.5289014248001993,13.58496795171211,13.58496795171211,13.58496795171211,13.584967951712112,5.543798773306206,13.584967951712114,10.319929406503604,20.203574880043778,20.203574880043778,20.203574880043778,10.319929406503606,10.319929406503606,10.319929406503606,10.319929406503606,10.319929406503604,10.319929406503604,8.628624096335662,20.203574880043778,20.203574880043778,20.203574880043778,20.203574880043778,20.203574880043778,10.319929406503606,10.319929406503606,10.319929406503604,10.319929406503606,8.628624096335662,8.628624096335662,8.628624096335662,4.417131367199188,13.179863404433373,13.179863404433375,7.235889181701197,7.235889181701197,7.235889181701197,13.58496795171211,13.584967951712112,13.58496795171211,13.58496795171211,13.58496795171211,13.584967951712114,13.584967951712112,8.628624096335662,20.203574880043778,13.179863404433373,13.179863404433373,13.179863404433375,13.179863404433373,13.179863404433375,10.319929406503604,10.319929406503604,10.319929406503604,8.628624096335662,13.58496795171211,13.584967951712114,13.179863404433375,20.203574880043778,20.203574880043778,20.203574880043778,20.203574880043778,13.179863404433375,13.179863404433375,10.319929406503604,10.319929406503604,7.235889181701197,13.58496795171211,20.203574880043778,20.203574880043778,20.203574880043778,20.203574880043778,10.319929406503604,8.628624096335662,7.235889181701197,7.235889181701199,3.5289014248001975,7.235889181701197,10.319929406503604,20.203574880043778,20.203574880043778,13.179863404433375,13.179863404433375,10.319929406503606,10.319929406503606,10.319929406503604,8.628624096335662,7.235889181701197,13.58496795171211,13.179863404433373,13.179863404433373,13.179863404433373,13.179863404433375,13.179863404433375,13.179863404433375,13.179863404433375,10.319929406503606,10.319929406503606,10.319929406503606,13.58496795171211,8.628624096335662,4.417131367199188,20.203574880043778,13.179863404433375,10.319929406503604,10.319929406503606,10.319929406503604,8.628624096335662,8.628624096335662,7.235889181701197,13.58496795171211,13.584967951712112,10.319929406503604,7.235889181701197,13.584967951712114,13.179863404433373,13.179863404433375,13.179863404433375,10.319929406503604,13.179863404433375,20.203574880043778,13.179863404433375,10.319929406503606,10.319929406503606,10.319929406503606,13.58496795171211,20.203574880043778,20.203574880043778,13.179863404433373,13.179863404433375,10.319929406503604,10.319929406503606,10.319929406503606,10.319929406503606,10.319929406503606,10.319929406503604,13.58496795171211,13.58496795171211,13.584967951712112,7.235889181701197,20.203574880043778,10.319929406503606,10.319929406503606,10.319929406503604,7.235889181701197,4.417131367199188,13.584967951712112,13.58496795171211,13.58496795171211,3.5289014248001975,13.584967951712114,8.628624096335662,7.235889181701197,20.203574880043778,10.319929406503606,20.203574880043778,20.203574880043778,13.179863404433373,13.179863404433375,13.179863404433373,10.319929406503606,10.319929406503604,10.319929406503604,7.235889181701197,13.584967951712112,10.319929406503604,7.235889181701197,7.235889181701197,13.179863404433373,20.203574880043778,13.179863404433375,10.319929406503606,10.319929406503606,10.319929406503606,10.319929406503604,10.319929406503604,10.319929406503604,7.235889181701197,13.58496795171211,13.58496795171211,13.584967951712112,13.179863404433375,13.179863404433375,13.179863404433373,13.179863404433373,10.319929406503606,10.319929406503606,8.62862409633566,13.58496795171211,13.584967951712114,10.319929406503606,5.543798773306206,7.235889181701197,0.0,13.58496795171211
T69,20.203574880043774,20.203574880043778,13.584967951712109,13.584967951712109,13.58496795171211,13.58496795171211,13.584967951712112,2.7658656102169394,2.318462834899551,2.3184628348995515,10.957120558947592,13.58496795171211,10.957120558947594,13.584967951712109,20.203574880043778,20.203574880043778,20.203574880043774,13.58496795171211,13.58496795171211,13.58496795171211,13.58496795171211,13.584967951712109,13.584967951712109,13.58496795171211,20.203574880043778,20.203574880043774,20.203574880043774,20.203574880043778,20.203574880043778,13.58496795171211,13.58496795171211,13.584967951712109,13.58496795171211,13.58496795171211,13.58496795171211,13.58496795171211,13.58496795171211,13.584967951712109,13.58496795171211,13.58496795171211,13.58496795171211,13.58496795171211,2.758288618266965,10.957120558947592,10.957120558947592,10.957120558947592,2.7658656102169394,10.957120558947594,10.957120558947592,13.58496795171211,20.203574880043778,13.584967951712109,13.584967951712109,13.58496795171211,13.584967951712109,13.58496795171211,13.584967951712109,13.584967951712109,13.584967951712109,13.58496795171211,2.7658656102169394,10.957120558947592,13.58496795171211,20.203574880043778,20.203574880043778,20.203574880043774,20.203574880043778,13.58496795171211,13.58496795171211,13.584967951712109,13.584967951712109,13.58496795171211,2.318462834899551,20.203574880043778,20.203574880043774,20.203574880043778,20.203574880043778,13.584967951712109,13.58496795171211,13.58496795171211,13.58496795171211,13.58496795171211,13.58496795171211,13.584967951712109,20.203574880043778,20.203574880043778,13.58496795171211,13.58496795171211,13.58496795171211,13.58496795171211,13.584967951712109,13.58496795171211,13.58496795171211,0.6830339617888909,13.584967951712109,13.584967951712109,13.584967951712109,13.58496795171211,13.58496795171211,13.58496795171211,13.58496795171211,13.58496795171211,13.58496795171211,13.58496795171211,10.957120558947592,13.58496795171211,13.58496795171211,20.203574880043778,13.58496795171211,13.584967951712109,13.58496795171211,13.584967951712109,13.58496795171211,13.58496795171211,13.58496795171211,2.7658656102169394,10.957120558947592,13.584967951712109,13.58496795171211,10.957120558947592,13.584967951712109,13.58496795171211,13.58496795171211,13.584967951712109,13.58496795171211,20.203574880043774,13.58496795171211,13.58496795171211,13.58496795171211,13.58496795171211,10.957120558947592,20.203574880043778,20.203574880043778,13.584967951712109,13.58496795171211,13.584967951712109,13.58496795171211,13.58496795171211,13.58496795171211,13.58496795171211,13.584967951712109,5.552367763166497,5.552367763166497,10.957120558947592,13.58496795171211,20.203574880043778,13.58496795171211,13.58496795171211,13.584967951712109,13.58496795171211,13.58496795171211,10.957120558947592,10.957120558947592,10.957120558947592,13.58496795171211,10.957120558947592,13.58496795171211,13.58496795171211,20.203574880043778,13.58496795171211,20.203574880043778,20.203574880043778,13.584967951712109,13.58496795171211,13.584967951712109,13.58496795171211,13.584967951712109,13.584967951712109,13.58496795171211,10.957120558947592,13.584967951712109,13.58496795171211,13.58496795171211,13.584967951712109,20.203574880043778,13.58496795171211,13.58496795171211,13.58496795171211,13.58496795171211,13.584967951712109,13.584967951712109,13.584967951712109,13.58496795171211,10.957120558947592,2.7582886182669655,10.957120558947592,13.58496795171211,13.58496795171211,13.584967951712109,13.584967951712109,13.58496795171211,13.58496795171211,13.58496795171211,2.7582886182669655,10.957120558947592,13.58496795171211,13.58496795171211,13.58496795171211,13.58496795171211,0.0
